process,bin,bin_low,bin_high,yield,MCstat,syst_quadrature_Up,syst_quadrature_Down,syst_quadrature_Increase,syst_quadrature_Decrease,yield_sm,yield_cHd_at_1,yield_cHd_at_0p3,cHd_95CL_LL,cHd_95CL_UL,yield_cHd_95CL_LL,yield_cHd_95CL_UL,comb_cHd_95CL_LL,comb_cHd_95CL_UL,comb_yield_cHd_95CL_LL,comb_yield_cHd_95CL_UL,all_comb_cHd_95CL_LL,all_comb_cHd_95CL_UL,all_comb_yield_cHd_95CL_LL,all_comb_yield_cHd_95CL_UL,total_bkg,total_MCstat,total_syst_Up,total_syst_Down,total_syst_Increase,total_syst_Decrease,sm_cHd,sm_lin_quad_cHd,quad_cHd,lin_cHd,total_unc,total_unc_Down,total_unc_Up,total_unc_Decrease,total_unc_Increase,channel,subchannel
DY,1,1100.0,2000.0,443.1930925399065,5.453632454977241,0.0,0.0,0.0,0.0,34.50592868333185,123.79263564542596,42.28332788193726,-1.5399999618530273,1.5509999990463257,251.0714853778172,250.34570417410978,-0.7039999961853027,0.7099999785423279,80.23397297056445,79.26199554212647,-0.5550000071525574,0.5600000023841858,80.23397297056445,79.26199554212647,15944.321702939425,61.51704064880988,0.0,0.0,0.0,0.0,34.50592868333185,123.79263564542596,90.51720423820392,-1.2304972761098085,61.51704064880988,61.51704064880988,61.51704064880988,61.51704064880988,61.51704064880988,0Lepton_2FJ,
DY,2,2000.0,2500.0,8.933295916765928,0.7700998897727057,0.0,0.0,0.0,0.0,1.475338671614794,23.741608586119153,3.447807066698984,-1.4819999933242798,1.4910000562667847,50.93095796720071,51.084861859452815,-0.7039999961853027,0.7099999785423279,12.690777143641824,12.668883678390829,-0.5550000071525574,0.5600000023841858,12.690777143641824,12.668883678390829,223.08164900612468,7.474540523752163,0.0,0.0,0.0,0.0,1.475338671614794,23.741608586119153,22.416250377462465,-0.14998046295810608,7.474540523752163,7.474540523752163,7.474540523752163,7.474540523752163,7.474540523752163,0Lepton_2FJ,
DY,3,2500.0,3000.0,2.14450765773654,0.37965750579301,0.0,0.0,0.0,0.0,0.35299359486942017,13.148539736820512,1.4922481907280227,-1.2269999980926514,1.2350000143051147,19.77768722579276,19.88614138415335,-0.7039999961853027,0.7099999785423279,6.765188674628499,6.7911244704791685,-0.5550000071525574,0.5600000023841858,6.765188674628499,6.7911244704791685,36.40489776286414,2.8784170650494194,0.0,0.0,0.0,0.0,0.35299359486942017,13.148539736820512,12.854329746317736,-0.05878360436664487,2.8784170650494194,2.8784170650494194,2.8784170650494194,2.8784170650494194,2.8784170650494194,0Lepton_2FJ,
DY,4,3000.0,3500.0,0.5416109599173069,0.183404084825355,0.0,0.0,0.0,0.0,0.12477900315859541,13.736028389674372,1.342119940256642,-1.2079999446868896,1.2139999866485596,20.084621193884733,20.19447406688782,-0.7039999961853027,0.7099999785423279,6.914555064554068,6.978687673205142,-0.5550000071525574,0.5600000023841858,6.914555064554068,6.978687673205142,10.656045706736515,1.532332711454587,0.0,0.0,0.0,0.0,0.12477900315859541,13.736028389674372,13.647780375508031,-0.03653098899225432,1.532332711454587,1.532332711454587,1.532332711454587,1.532332711454587,1.532332711454587,0Lepton_2FJ,
QCD,1,1100.0,2000.0,10486.996347805885,55.32642892419974,0.0,0.0,0.0,0.0,34.50592868333185,123.79263564542596,42.28332788193726,-1.5399999618530273,1.5509999990463257,251.0714853778172,250.34570417410978,-0.7039999961853027,0.7099999785423279,80.23397297056445,79.26199554212647,-0.5550000071525574,0.5600000023841858,80.23397297056445,79.26199554212647,15944.321702939425,61.51704064880988,0.0,0.0,0.0,0.0,34.50592868333185,123.79263564542596,90.51720423820392,-1.2304972761098085,61.51704064880988,61.51704064880988,61.51704064880988,61.51704064880988,61.51704064880988,0Lepton_2FJ,
QCD,2,2000.0,2500.0,109.90889079844273,6.189261349353989,0.0,0.0,0.0,0.0,1.475338671614794,23.741608586119153,3.447807066698984,-1.4819999933242798,1.4910000562667847,50.93095796720071,51.084861859452815,-0.7039999961853027,0.7099999785423279,12.690777143641824,12.668883678390829,-0.5550000071525574,0.5600000023841858,12.690777143641824,12.668883678390829,223.08164900612468,7.474540523752163,0.0,0.0,0.0,0.0,1.475338671614794,23.741608586119153,22.416250377462465,-0.14998046295810608,7.474540523752163,7.474540523752163,7.474540523752163,7.474540523752163,7.474540523752163,0Lepton_2FJ,
QCD,3,2500.0,3000.0,14.926109792461137,2.2046495787936244,0.0,0.0,0.0,0.0,0.35299359486942017,13.148539736820512,1.4922481907280227,-1.2269999980926514,1.2350000143051147,19.77768722579276,19.88614138415335,-0.7039999961853027,0.7099999785423279,6.765188674628499,6.7911244704791685,-0.5550000071525574,0.5600000023841858,6.765188674628499,6.7911244704791685,36.40489776286414,2.8784170650494194,0.0,0.0,0.0,0.0,0.35299359486942017,13.148539736820512,12.854329746317736,-0.05878360436664487,2.8784170650494194,2.8784170650494194,2.8784170650494194,2.8784170650494194,2.8784170650494194,0Lepton_2FJ,
QCD,4,3000.0,3500.0,4.679726703210824,1.197752604994411,0.0,0.0,0.0,0.0,0.12477900315859541,13.736028389674372,1.342119940256642,-1.2079999446868896,1.2139999866485596,20.084621193884733,20.19447406688782,-0.7039999961853027,0.7099999785423279,6.914555064554068,6.978687673205142,-0.5550000071525574,0.5600000023841858,6.914555064554068,6.978687673205142,10.656045706736515,1.532332711454587,0.0,0.0,0.0,0.0,0.12477900315859541,13.736028389674372,13.647780375508031,-0.03653098899225432,1.532332711454587,1.532332711454587,1.532332711454587,1.532332711454587,1.532332711454587,0Lepton_2FJ,
TTbar,1,1100.0,2000.0,2405.548857793212,16.446954564075774,0.0,0.0,0.0,0.0,34.50592868333185,123.79263564542596,42.28332788193726,-1.5399999618530273,1.5509999990463257,251.0714853778172,250.34570417410978,-0.7039999961853027,0.7099999785423279,80.23397297056445,79.26199554212647,-0.5550000071525574,0.5600000023841858,80.23397297056445,79.26199554212647,15944.321702939425,61.51704064880988,0.0,0.0,0.0,0.0,34.50592868333185,123.79263564542596,90.51720423820392,-1.2304972761098085,61.51704064880988,61.51704064880988,61.51704064880988,61.51704064880988,61.51704064880988,0Lepton_2FJ,
TTbar,2,2000.0,2500.0,36.168331917375326,2.0751734249051683,0.0,0.0,0.0,0.0,1.475338671614794,23.741608586119153,3.447807066698984,-1.4819999933242798,1.4910000562667847,50.93095796720071,51.084861859452815,-0.7039999961853027,0.7099999785423279,12.690777143641824,12.668883678390829,-0.5550000071525574,0.5600000023841858,12.690777143641824,12.668883678390829,223.08164900612468,7.474540523752163,0.0,0.0,0.0,0.0,1.475338671614794,23.741608586119153,22.416250377462465,-0.14998046295810608,7.474540523752163,7.474540523752163,7.474540523752163,7.474540523752163,7.474540523752163,0Lepton_2FJ,
TTbar,3,2500.0,3000.0,5.822826702147722,0.7932122228369982,0.0,0.0,0.0,0.0,0.35299359486942017,13.148539736820512,1.4922481907280227,-1.2269999980926514,1.2350000143051147,19.77768722579276,19.88614138415335,-0.7039999961853027,0.7099999785423279,6.765188674628499,6.7911244704791685,-0.5550000071525574,0.5600000023841858,6.765188674628499,6.7911244704791685,36.40489776286414,2.8784170650494194,0.0,0.0,0.0,0.0,0.35299359486942017,13.148539736820512,12.854329746317736,-0.05878360436664487,2.8784170650494194,2.8784170650494194,2.8784170650494194,2.8784170650494194,2.8784170650494194,0Lepton_2FJ,
TTbar,4,3000.0,3500.0,1.3927788622677326,0.3782020039470605,0.0,0.0,0.0,0.0,0.12477900315859541,13.736028389674372,1.342119940256642,-1.2079999446868896,1.2139999866485596,20.084621193884733,20.19447406688782,-0.7039999961853027,0.7099999785423279,6.914555064554068,6.978687673205142,-0.5550000071525574,0.5600000023841858,6.914555064554068,6.978687673205142,10.656045706736515,1.532332711454587,0.0,0.0,0.0,0.0,0.12477900315859541,13.736028389674372,13.647780375508031,-0.03653098899225432,1.532332711454587,1.532332711454587,1.532332711454587,1.532332711454587,1.532332711454587,0Lepton_2FJ,
WJets,1,1100.0,2000.0,1377.3680602400855,11.487063777598474,0.0,0.0,0.0,0.0,34.50592868333185,123.79263564542596,42.28332788193726,-1.5399999618530273,1.5509999990463257,251.0714853778172,250.34570417410978,-0.7039999961853027,0.7099999785423279,80.23397297056445,79.26199554212647,-0.5550000071525574,0.5600000023841858,80.23397297056445,79.26199554212647,15944.321702939425,61.51704064880988,0.0,0.0,0.0,0.0,34.50592868333185,123.79263564542596,90.51720423820392,-1.2304972761098085,61.51704064880988,61.51704064880988,61.51704064880988,61.51704064880988,61.51704064880988,0Lepton_2FJ,
WJets,2,2000.0,2500.0,27.586104618152604,1.6326704450275293,0.0,0.0,0.0,0.0,1.475338671614794,23.741608586119153,3.447807066698984,-1.4819999933242798,1.4910000562667847,50.93095796720071,51.084861859452815,-0.7039999961853027,0.7099999785423279,12.690777143641824,12.668883678390829,-0.5550000071525574,0.5600000023841858,12.690777143641824,12.668883678390829,223.08164900612468,7.474540523752163,0.0,0.0,0.0,0.0,1.475338671614794,23.741608586119153,22.416250377462465,-0.14998046295810608,7.474540523752163,7.474540523752163,7.474540523752163,7.474540523752163,7.474540523752163,0Lepton_2FJ,
WJets,3,2500.0,3000.0,4.344207974485471,0.6476899967839551,0.0,0.0,0.0,0.0,0.35299359486942017,13.148539736820512,1.4922481907280227,-1.2269999980926514,1.2350000143051147,19.77768722579276,19.88614138415335,-0.7039999961853027,0.7099999785423279,6.765188674628499,6.7911244704791685,-0.5550000071525574,0.5600000023841858,6.765188674628499,6.7911244704791685,36.40489776286414,2.8784170650494194,0.0,0.0,0.0,0.0,0.35299359486942017,13.148539736820512,12.854329746317736,-0.05878360436664487,2.8784170650494194,2.8784170650494194,2.8784170650494194,2.8784170650494194,2.8784170650494194,0Lepton_2FJ,
WJets,4,3000.0,3500.0,1.0306387416349025,0.3118642947060499,0.0,0.0,0.0,0.0,0.12477900315859541,13.736028389674372,1.342119940256642,-1.2079999446868896,1.2139999866485596,20.084621193884733,20.19447406688782,-0.7039999961853027,0.7099999785423279,6.914555064554068,6.978687673205142,-0.5550000071525574,0.5600000023841858,6.914555064554068,6.978687673205142,10.656045706736515,1.532332711454587,0.0,0.0,0.0,0.0,0.12477900315859541,13.736028389674372,13.647780375508031,-0.03653098899225432,1.532332711454587,1.532332711454587,1.532332711454587,1.532332711454587,1.532332711454587,0Lepton_2FJ,
WW,1,1100.0,2000.0,405.1505524814129,9.662213621472555,0.0,0.0,0.0,0.0,34.50592868333185,123.79263564542596,42.28332788193726,-1.5399999618530273,1.5509999990463257,251.0714853778172,250.34570417410978,-0.7039999961853027,0.7099999785423279,80.23397297056445,79.26199554212647,-0.5550000071525574,0.5600000023841858,80.23397297056445,79.26199554212647,15944.321702939425,61.51704064880988,0.0,0.0,0.0,0.0,34.50592868333185,123.79263564542596,90.51720423820392,-1.2304972761098085,61.51704064880988,61.51704064880988,61.51704064880988,61.51704064880988,61.51704064880988,0Lepton_2FJ,
WW,2,2000.0,2500.0,12.557186089456081,1.685212365271094,0.0,0.0,0.0,0.0,1.475338671614794,23.741608586119153,3.447807066698984,-1.4819999933242798,1.4910000562667847,50.93095796720071,51.084861859452815,-0.7039999961853027,0.7099999785423279,12.690777143641824,12.668883678390829,-0.5550000071525574,0.5600000023841858,12.690777143641824,12.668883678390829,223.08164900612468,7.474540523752163,0.0,0.0,0.0,0.0,1.475338671614794,23.741608586119153,22.416250377462465,-0.14998046295810608,7.474540523752163,7.474540523752163,7.474540523752163,7.474540523752163,7.474540523752163,0Lepton_2FJ,
WW,3,2500.0,3000.0,3.1176525950431824,0.8828864357622053,0.0,0.0,0.0,0.0,0.35299359486942017,13.148539736820512,1.4922481907280227,-1.2269999980926514,1.2350000143051147,19.77768722579276,19.88614138415335,-0.7039999961853027,0.7099999785423279,6.765188674628499,6.7911244704791685,-0.5550000071525574,0.5600000023841858,6.765188674628499,6.7911244704791685,36.40489776286414,2.8784170650494194,0.0,0.0,0.0,0.0,0.35299359486942017,13.148539736820512,12.854329746317736,-0.05878360436664487,2.8784170650494194,2.8784170650494194,2.8784170650494194,2.8784170650494194,2.8784170650494194,0Lepton_2FJ,
WW,4,3000.0,3500.0,0.9266377240419388,0.4931862560486241,0.0,0.0,0.0,0.0,0.12477900315859541,13.736028389674372,1.342119940256642,-1.2079999446868896,1.2139999866485596,20.084621193884733,20.19447406688782,-0.7039999961853027,0.7099999785423279,6.914555064554068,6.978687673205142,-0.5550000071525574,0.5600000023841858,6.914555064554068,6.978687673205142,10.656045706736515,1.532332711454587,0.0,0.0,0.0,0.0,0.12477900315859541,13.736028389674372,13.647780375508031,-0.03653098899225432,1.532332711454587,1.532332711454587,1.532332711454587,1.532332711454587,1.532332711454587,0Lepton_2FJ,
WZ,1,1100.0,2000.0,102.17559579014778,3.878140427000984,0.0,0.0,0.0,0.0,34.50592868333185,123.79263564542596,42.28332788193726,-1.5399999618530273,1.5509999990463257,251.0714853778172,250.34570417410978,-0.7039999961853027,0.7099999785423279,80.23397297056445,79.26199554212647,-0.5550000071525574,0.5600000023841858,80.23397297056445,79.26199554212647,15944.321702939425,61.51704064880988,0.0,0.0,0.0,0.0,34.50592868333185,123.79263564542596,90.51720423820392,-1.2304972761098085,61.51704064880988,61.51704064880988,61.51704064880988,61.51704064880988,61.51704064880988,0Lepton_2FJ,
WZ,2,2000.0,2500.0,3.415310353040695,0.6665928769264714,0.0,0.0,0.0,0.0,1.475338671614794,23.741608586119153,3.447807066698984,-1.4819999933242798,1.4910000562667847,50.93095796720071,51.084861859452815,-0.7039999961853027,0.7099999785423279,12.690777143641824,12.668883678390829,-0.5550000071525574,0.5600000023841858,12.690777143641824,12.668883678390829,223.08164900612468,7.474540523752163,0.0,0.0,0.0,0.0,1.475338671614794,23.741608586119153,22.416250377462465,-0.14998046295810608,7.474540523752163,7.474540523752163,7.474540523752163,7.474540523752163,7.474540523752163,0Lepton_2FJ,
WZ,3,2500.0,3000.0,1.3098052777349949,0.4650351233339387,0.0,0.0,0.0,0.0,0.35299359486942017,13.148539736820512,1.4922481907280227,-1.2269999980926514,1.2350000143051147,19.77768722579276,19.88614138415335,-0.7039999961853027,0.7099999785423279,6.765188674628499,6.7911244704791685,-0.5550000071525574,0.5600000023841858,6.765188674628499,6.7911244704791685,36.40489776286414,2.8784170650494194,0.0,0.0,0.0,0.0,0.35299359486942017,13.148539736820512,12.854329746317736,-0.05878360436664487,2.8784170650494194,2.8784170650494194,2.8784170650494194,2.8784170650494194,2.8784170650494194,0Lepton_2FJ,
WZ,4,3000.0,3500.0,0.2902390658855438,0.20523001165291718,0.0,0.0,0.0,0.0,0.12477900315859541,13.736028389674372,1.342119940256642,-1.2079999446868896,1.2139999866485596,20.084621193884733,20.19447406688782,-0.7039999961853027,0.7099999785423279,6.914555064554068,6.978687673205142,-0.5550000071525574,0.5600000023841858,6.914555064554068,6.978687673205142,10.656045706736515,1.532332711454587,0.0,0.0,0.0,0.0,0.12477900315859541,13.736028389674372,13.647780375508031,-0.03653098899225432,1.532332711454587,1.532332711454587,1.532332711454587,1.532332711454587,1.532332711454587,0Lepton_2FJ,
ZZ,1,1100.0,2000.0,41.649358920753,4.294930448995165,0.0,0.0,0.0,0.0,34.50592868333185,123.79263564542596,42.28332788193726,-1.5399999618530273,1.5509999990463257,251.0714853778172,250.34570417410978,-0.7039999961853027,0.7099999785423279,80.23397297056445,79.26199554212647,-0.5550000071525574,0.5600000023841858,80.23397297056445,79.26199554212647,15944.321702939425,61.51704064880988,0.0,0.0,0.0,0.0,34.50592868333185,123.79263564542596,90.51720423820392,-1.2304972761098085,61.51704064880988,61.51704064880988,61.51704064880988,61.51704064880988,61.51704064880988,0Lepton_2FJ,
ZZ,2,2000.0,2500.0,0.8726599365472794,0.7977463253252466,0.0,0.0,0.0,0.0,1.475338671614794,23.741608586119153,3.447807066698984,-1.4819999933242798,1.4910000562667847,50.93095796720071,51.084861859452815,-0.7039999961853027,0.7099999785423279,12.690777143641824,12.668883678390829,-0.5550000071525574,0.5600000023841858,12.690777143641824,12.668883678390829,223.08164900612468,7.474540523752163,0.0,0.0,0.0,0.0,1.475338671614794,23.741608586119153,22.416250377462465,-0.14998046295810608,7.474540523752163,7.474540523752163,7.474540523752163,7.474540523752163,7.474540523752163,0Lepton_2FJ,
ZZ,3,2500.0,3000.0,0.24201802164316177,0.3619627147580751,0.0,0.0,0.0,0.0,0.35299359486942017,13.148539736820512,1.4922481907280227,-1.2269999980926514,1.2350000143051147,19.77768722579276,19.88614138415335,-0.7039999961853027,0.7099999785423279,6.765188674628499,6.7911244704791685,-0.5550000071525574,0.5600000023841858,6.765188674628499,6.7911244704791685,36.40489776286414,2.8784170650494194,0.0,0.0,0.0,0.0,0.35299359486942017,13.148539736820512,12.854329746317736,-0.05878360436664487,2.8784170650494194,2.8784170650494194,2.8784170650494194,2.8784170650494194,2.8784170650494194,0Lepton_2FJ,
ZZ,4,3000.0,3500.0,0.6363779306411743,0.32309480335745283,0.0,0.0,0.0,0.0,0.12477900315859541,13.736028389674372,1.342119940256642,-1.2079999446868896,1.2139999866485596,20.084621193884733,20.19447406688782,-0.7039999961853027,0.7099999785423279,6.914555064554068,6.978687673205142,-0.5550000071525574,0.5600000023841858,6.914555064554068,6.978687673205142,10.656045706736515,1.532332711454587,0.0,0.0,0.0,0.0,0.12477900315859541,13.736028389674372,13.647780375508031,-0.03653098899225432,1.532332711454587,1.532332711454587,1.532332711454587,1.532332711454587,1.532332711454587,0Lepton_2FJ,
ttV,1,1100.0,2000.0,647.7339086846914,12.817594324412774,0.0,0.0,0.0,0.0,34.50592868333185,123.79263564542596,42.28332788193726,-1.5399999618530273,1.5509999990463257,251.0714853778172,250.34570417410978,-0.7039999961853027,0.7099999785423279,80.23397297056445,79.26199554212647,-0.5550000071525574,0.5600000023841858,80.23397297056445,79.26199554212647,15944.321702939425,61.51704064880988,0.0,0.0,0.0,0.0,34.50592868333185,123.79263564542596,90.51720423820392,-1.2304972761098085,61.51704064880988,61.51704064880988,61.51704064880988,61.51704064880988,61.51704064880988,0Lepton_2FJ,
ttV,2,2000.0,2500.0,22.16453070472926,2.464975181554063,0.0,0.0,0.0,0.0,1.475338671614794,23.741608586119153,3.447807066698984,-1.4819999933242798,1.4910000562667847,50.93095796720071,51.084861859452815,-0.7039999961853027,0.7099999785423279,12.690777143641824,12.668883678390829,-0.5550000071525574,0.5600000023841858,12.690777143641824,12.668883678390829,223.08164900612468,7.474540523752163,0.0,0.0,0.0,0.0,1.475338671614794,23.741608586119153,22.416250377462465,-0.14998046295810608,7.474540523752163,7.474540523752163,7.474540523752163,7.474540523752163,7.474540523752163,0Lepton_2FJ,
ttV,3,2500.0,3000.0,4.144776146742515,1.0512916435193844,0.0,0.0,0.0,0.0,0.35299359486942017,13.148539736820512,1.4922481907280227,-1.2269999980926514,1.2350000143051147,19.77768722579276,19.88614138415335,-0.7039999961853027,0.7099999785423279,6.765188674628499,6.7911244704791685,-0.5550000071525574,0.5600000023841858,6.765188674628499,6.7911244704791685,36.40489776286414,2.8784170650494194,0.0,0.0,0.0,0.0,0.35299359486942017,13.148539736820512,12.854329746317736,-0.05878360436664487,2.8784170650494194,2.8784170650494194,2.8784170650494194,2.8784170650494194,2.8784170650494194,0Lepton_2FJ,
ttV,4,3000.0,3500.0,1.0332567159784958,0.4997567314156581,0.0,0.0,0.0,0.0,0.12477900315859541,13.736028389674372,1.342119940256642,-1.2079999446868896,1.2139999866485596,20.084621193884733,20.19447406688782,-0.7039999961853027,0.7099999785423279,6.914555064554068,6.978687673205142,-0.5550000071525574,0.5600000023841858,6.914555064554068,6.978687673205142,10.656045706736515,1.532332711454587,0.0,0.0,0.0,0.0,0.12477900315859541,13.736028389674372,13.647780375508031,-0.03653098899225432,1.532332711454587,1.532332711454587,1.532332711454587,1.532332711454587,1.532332711454587,0Lepton_2FJ,
sm,1,1100.0,2000.0,34.50592868333185,0.0,0.0,0.0,0.0,0.0,34.50592868333185,123.79263564542596,42.28332788193726,-1.5399999618530273,1.5509999990463257,251.0714853778172,250.34570417410978,-0.7039999961853027,0.7099999785423279,80.23397297056445,79.26199554212647,-0.5550000071525574,0.5600000023841858,80.23397297056445,79.26199554212647,15944.321702939425,61.51704064880988,0.0,0.0,0.0,0.0,34.50592868333185,123.79263564542596,90.51720423820392,-1.2304972761098085,61.51704064880988,61.51704064880988,61.51704064880988,61.51704064880988,61.51704064880988,0Lepton_2FJ,
sm,2,2000.0,2500.0,1.475338671614794,0.0,0.0,0.0,0.0,0.0,1.475338671614794,23.741608586119153,3.447807066698984,-1.4819999933242798,1.4910000562667847,50.93095796720071,51.084861859452815,-0.7039999961853027,0.7099999785423279,12.690777143641824,12.668883678390829,-0.5550000071525574,0.5600000023841858,12.690777143641824,12.668883678390829,223.08164900612468,7.474540523752163,0.0,0.0,0.0,0.0,1.475338671614794,23.741608586119153,22.416250377462465,-0.14998046295810608,7.474540523752163,7.474540523752163,7.474540523752163,7.474540523752163,7.474540523752163,0Lepton_2FJ,
sm,3,2500.0,3000.0,0.35299359486942017,0.0,0.0,0.0,0.0,0.0,0.35299359486942017,13.148539736820512,1.4922481907280227,-1.2269999980926514,1.2350000143051147,19.77768722579276,19.88614138415335,-0.7039999961853027,0.7099999785423279,6.765188674628499,6.7911244704791685,-0.5550000071525574,0.5600000023841858,6.765188674628499,6.7911244704791685,36.40489776286414,2.8784170650494194,0.0,0.0,0.0,0.0,0.35299359486942017,13.148539736820512,12.854329746317736,-0.05878360436664487,2.8784170650494194,2.8784170650494194,2.8784170650494194,2.8784170650494194,2.8784170650494194,0Lepton_2FJ,
sm,4,3000.0,3500.0,0.12477900315859541,0.0,0.0,0.0,0.0,0.0,0.12477900315859541,13.736028389674372,1.342119940256642,-1.2079999446868896,1.2139999866485596,20.084621193884733,20.19447406688782,-0.7039999961853027,0.7099999785423279,6.914555064554068,6.978687673205142,-0.5550000071525574,0.5600000023841858,6.914555064554068,6.978687673205142,10.656045706736515,1.532332711454587,0.0,0.0,0.0,0.0,0.12477900315859541,13.736028389674372,13.647780375508031,-0.03653098899225432,1.532332711454587,1.532332711454587,1.532332711454587,1.532332711454587,1.532332711454587,0Lepton_2FJ,
DY,1,1250.0,1500.0,8.320661306381226,0.7351518213830418,0.0,0.0,0.0,0.0,2.524089589589385,7.316896184173173,2.938959583840518,-3.0409998893737793,3.056999921798706,47.810953757977536,47.807613960558726,-0.7850000262260437,0.7900000214576721,5.587517179542008,5.502259095320548,-0.5550000071525574,0.5600000023841858,5.587517179542008,5.502259095320548,382.1417333979535,11.369101877199862,0.0,0.0,0.0,0.0,2.524089589589385,7.316896184173173,4.8712951624952545,-0.07848856791146686,11.369101877199862,11.369101877199862,11.369101877199862,11.369101877199862,11.369101877199862,0Lepton_3FJ,
DY,2,1500.0,1750.0,3.3459248691797256,0.476219655426643,0.0,0.0,0.0,0.0,1.1155598526547676,6.185845808046424,1.5592547214292254,-2.253000020980835,2.265000104904175,27.29319528806715,27.29960469992692,-0.7850000262260437,0.7900000214576721,4.324276489802423,4.269947104965257,-0.5550000071525574,0.5600000023841858,4.324276489802423,4.269947104965257,126.22721328240954,6.2251877584937185,0.0,0.0,0.0,0.0,1.1155598526547676,6.185845808046424,5.130432942109711,-0.06014698671805463,6.2251877584937185,6.2251877584937185,6.2251877584937185,6.2251877584937185,6.2251877584937185,0Lepton_3FJ,
DY,3,1750.0,2000.0,1.3090158626437187,0.2979331948577186,0.0,0.0,0.0,0.0,0.5322217069345606,5.047828304459914,0.9296968041190798,-1.8009999990463257,1.809999942779541,15.393551325820567,15.388140181999868,-0.7850000262260437,0.7900000214576721,3.3744336373054145,3.3433576357642125,-0.5550000071525574,0.5600000023841858,3.3744336373054145,3.3433576357642125,38.43842536679975,3.3468417166640694,0.0,0.0,0.0,0.0,0.5322217069345606,5.047828304459914,4.558128009871842,-0.04252141234648843,3.3468417166640694,3.3468417166640694,3.3468417166640694,3.3468417166640694,3.3468417166640694,0Lepton_3FJ,
DY,4,2000.0,2250.0,0.7574682086706161,0.22251609053398394,0.0,0.0,0.0,0.0,0.3615255781015967,3.839749976405082,0.6693263365112264,-1.6640000343322754,1.6710000038146973,10.1029670373584,10.101541023725325,-0.7850000262260437,0.7900000214576721,2.539854699146246,2.5281463877402093,-0.5550000071525574,0.5600000023841858,2.539854699146246,2.5281463877402093,15.03900728565123,2.1245039294522594,0.0,0.0,0.0,0.0,0.3615255781015967,3.839749976405082,3.5031741003876946,-0.024949702084209324,2.1245039294522594,2.1245039294522594,2.1245039294522594,2.1245039294522594,2.1245039294522594,0Lepton_3FJ,
DY,5,2250.0,2500.0,0.15906842052936554,0.1124783588289478,0.0,0.0,0.0,0.0,0.16160510323256227,2.925528755497466,0.4067329813912987,-1.4769999980926514,1.4830000400543213,6.25434223278629,6.252637685299523,-0.7850000262260437,0.7900000214576721,1.888993555079514,1.8837060006009445,-0.5550000071525574,0.5600000023841858,1.888993555079514,1.8837060006009445,4.892259740992738,1.2263962666619492,0.0,0.0,0.0,0.0,0.16160510323256227,2.925528755497466,2.7811867500987364,-0.01726309783383284,1.2263962666619492,1.2263962666619492,1.2263962666619492,1.2263962666619492,1.2263962666619492,0Lepton_3FJ,
DY,6,2500.0,4000.0,0.13632303848862648,0.09772748647885791,0.0,0.0,0.0,0.0,0.1754646008614014,8.603187380896669,0.9275309169021128,-0.8489999771118164,0.8519999980926514,6.298231628135439,6.289322071000508,-0.7850000262260437,0.7900000214576721,5.411734148761566,5.430127974000176,-0.5550000071525574,0.5600000023841858,5.411734148761566,5.430127974000176,5.020771482542408,1.1822449825897272,0.0,0.0,0.0,0.0,0.1754646008614014,8.603187380896669,8.458335799856519,-0.030613019821251114,1.1822449825897272,1.1822449825897272,1.1822449825897272,1.1822449825897272,1.1822449825897272,0Lepton_3FJ,
QCD,1,1250.0,1500.0,245.37664900545514,10.478759414984793,0.0,0.0,0.0,0.0,2.524089589589385,7.316896184173173,2.938959583840518,-3.0409998893737793,3.056999921798706,47.810953757977536,47.807613960558726,-0.7850000262260437,0.7900000214576721,5.587517179542008,5.502259095320548,-0.5550000071525574,0.5600000023841858,5.587517179542008,5.502259095320548,382.1417333979535,11.369101877199862,0.0,0.0,0.0,0.0,2.524089589589385,7.316896184173173,4.8712951624952545,-0.07848856791146686,11.369101877199862,11.369101877199862,11.369101877199862,11.369101877199862,11.369101877199862,0Lepton_3FJ,
QCD,2,1500.0,1750.0,78.02144186321715,5.63038002359732,0.0,0.0,0.0,0.0,1.1155598526547676,6.185845808046424,1.5592547214292254,-2.253000020980835,2.265000104904175,27.29319528806715,27.29960469992692,-0.7850000262260437,0.7900000214576721,4.324276489802423,4.269947104965257,-0.5550000071525574,0.5600000023841858,4.324276489802423,4.269947104965257,126.22721328240954,6.2251877584937185,0.0,0.0,0.0,0.0,1.1155598526547676,6.185845808046424,5.130432942109711,-0.06014698671805463,6.2251877584937185,6.2251877584937185,6.2251877584937185,6.2251877584937185,6.2251877584937185,0Lepton_3FJ,
QCD,3,1750.0,2000.0,20.258951745973658,2.923942895311534,0.0,0.0,0.0,0.0,0.5322217069345606,5.047828304459914,0.9296968041190798,-1.8009999990463257,1.809999942779541,15.393551325820567,15.388140181999868,-0.7850000262260437,0.7900000214576721,3.3744336373054145,3.3433576357642125,-0.5550000071525574,0.5600000023841858,3.3744336373054145,3.3433576357642125,38.43842536679975,3.3468417166640694,0.0,0.0,0.0,0.0,0.5322217069345606,5.047828304459914,4.558128009871842,-0.04252141234648843,3.3468417166640694,3.3468417166640694,3.3468417166640694,3.3468417166640694,3.3468417166640694,0Lepton_3FJ,
QCD,4,2000.0,2250.0,7.521946365392397,1.8300113419270347,0.0,0.0,0.0,0.0,0.3615255781015967,3.839749976405082,0.6693263365112264,-1.6640000343322754,1.6710000038146973,10.1029670373584,10.101541023725325,-0.7850000262260437,0.7900000214576721,2.539854699146246,2.5281463877402093,-0.5550000071525574,0.5600000023841858,2.539854699146246,2.5281463877402093,15.03900728565123,2.1245039294522594,0.0,0.0,0.0,0.0,0.3615255781015967,3.839749976405082,3.5031741003876946,-0.024949702084209324,2.1245039294522594,2.1245039294522594,2.1245039294522594,2.1245039294522594,2.1245039294522594,0Lepton_3FJ,
QCD,5,2250.0,2500.0,2.199576611595854,1.0753814024008017,0.0,0.0,0.0,0.0,0.16160510323256227,2.925528755497466,0.4067329813912987,-1.4769999980926514,1.4830000400543213,6.25434223278629,6.252637685299523,-0.7850000262260437,0.7900000214576721,1.888993555079514,1.8837060006009445,-0.5550000071525574,0.5600000023841858,1.888993555079514,1.8837060006009445,4.892259740992738,1.2263962666619492,0.0,0.0,0.0,0.0,0.16160510323256227,2.925528755497466,2.7811867500987364,-0.01726309783383284,1.2263962666619492,1.2263962666619492,1.2263962666619492,1.2263962666619492,1.2263962666619492,0Lepton_3FJ,
QCD,6,2500.0,4000.0,1.3755239680097822,0.8643356740608688,0.0,0.0,0.0,0.0,0.1754646008614014,8.603187380896669,0.9275309169021128,-0.8489999771118164,0.8519999980926514,6.298231628135439,6.289322071000508,-0.7850000262260437,0.7900000214576721,5.411734148761566,5.430127974000176,-0.5550000071525574,0.5600000023841858,5.411734148761566,5.430127974000176,5.020771482542408,1.1822449825897272,0.0,0.0,0.0,0.0,0.1754646008614014,8.603187380896669,8.458335799856519,-0.030613019821251114,1.1822449825897272,1.1822449825897272,1.1822449825897272,1.1822449825897272,1.1822449825897272,0Lepton_3FJ,
TTbar,1,1250.0,1500.0,63.42934338003397,2.6733973013644996,0.0,0.0,0.0,0.0,2.524089589589385,7.316896184173173,2.938959583840518,-3.0409998893737793,3.056999921798706,47.810953757977536,47.807613960558726,-0.7850000262260437,0.7900000214576721,5.587517179542008,5.502259095320548,-0.5550000071525574,0.5600000023841858,5.587517179542008,5.502259095320548,382.1417333979535,11.369101877199862,0.0,0.0,0.0,0.0,2.524089589589385,7.316896184173173,4.8712951624952545,-0.07848856791146686,11.369101877199862,11.369101877199862,11.369101877199862,11.369101877199862,11.369101877199862,0Lepton_3FJ,
TTbar,2,1500.0,1750.0,16.533486746251583,1.3756392681012872,0.0,0.0,0.0,0.0,1.1155598526547676,6.185845808046424,1.5592547214292254,-2.253000020980835,2.265000104904175,27.29319528806715,27.29960469992692,-0.7850000262260437,0.7900000214576721,4.324276489802423,4.269947104965257,-0.5550000071525574,0.5600000023841858,4.324276489802423,4.269947104965257,126.22721328240954,6.2251877584937185,0.0,0.0,0.0,0.0,1.1155598526547676,6.185845808046424,5.130432942109711,-0.06014698671805463,6.2251877584937185,6.2251877584937185,6.2251877584937185,6.2251877584937185,6.2251877584937185,0Lepton_3FJ,
TTbar,3,1750.0,2000.0,5.671124301850796,0.803730906458453,0.0,0.0,0.0,0.0,0.5322217069345606,5.047828304459914,0.9296968041190798,-1.8009999990463257,1.809999942779541,15.393551325820567,15.388140181999868,-0.7850000262260437,0.7900000214576721,3.3744336373054145,3.3433576357642125,-0.5550000071525574,0.5600000023841858,3.3744336373054145,3.3433576357642125,38.43842536679975,3.3468417166640694,0.0,0.0,0.0,0.0,0.5322217069345606,5.047828304459914,4.558128009871842,-0.04252141234648843,3.3468417166640694,3.3468417166640694,3.3468417166640694,3.3468417166640694,3.3468417166640694,0Lepton_3FJ,
TTbar,4,2000.0,2250.0,2.08247684314847,0.4504608293337196,0.0,0.0,0.0,0.0,0.3615255781015967,3.839749976405082,0.6693263365112264,-1.6640000343322754,1.6710000038146973,10.1029670373584,10.101541023725325,-0.7850000262260437,0.7900000214576721,2.539854699146246,2.5281463877402093,-0.5550000071525574,0.5600000023841858,2.539854699146246,2.5281463877402093,15.03900728565123,2.1245039294522594,0.0,0.0,0.0,0.0,0.3615255781015967,3.839749976405082,3.5031741003876946,-0.024949702084209324,2.1245039294522594,2.1245039294522594,2.1245039294522594,2.1245039294522594,2.1245039294522594,0Lepton_3FJ,
TTbar,5,2250.0,2500.0,0.6132752634584904,0.2524085953152234,0.0,0.0,0.0,0.0,0.16160510323256227,2.925528755497466,0.4067329813912987,-1.4769999980926514,1.4830000400543213,6.25434223278629,6.252637685299523,-0.7850000262260437,0.7900000214576721,1.888993555079514,1.8837060006009445,-0.5550000071525574,0.5600000023841858,1.888993555079514,1.8837060006009445,4.892259740992738,1.2263962666619492,0.0,0.0,0.0,0.0,0.16160510323256227,2.925528755497466,2.7811867500987364,-0.01726309783383284,1.2263962666619492,1.2263962666619492,1.2263962666619492,1.2263962666619492,1.2263962666619492,0Lepton_3FJ,
TTbar,6,2500.0,4000.0,0.433292992413044,0.22852263218319321,0.0,0.0,0.0,0.0,0.1754646008614014,8.603187380896669,0.9275309169021128,-0.8489999771118164,0.8519999980926514,6.298231628135439,6.289322071000508,-0.7850000262260437,0.7900000214576721,5.411734148761566,5.430127974000176,-0.5550000071525574,0.5600000023841858,5.411734148761566,5.430127974000176,5.020771482542408,1.1822449825897272,0.0,0.0,0.0,0.0,0.1754646008614014,8.603187380896669,8.458335799856519,-0.030613019821251114,1.1822449825897272,1.1822449825897272,1.1822449825897272,1.1822449825897272,1.1822449825897272,0Lepton_3FJ,
WJets,1,1250.0,1500.0,19.29809100739658,1.339900722692111,0.0,0.0,0.0,0.0,2.524089589589385,7.316896184173173,2.938959583840518,-3.0409998893737793,3.056999921798706,47.810953757977536,47.807613960558726,-0.7850000262260437,0.7900000214576721,5.587517179542008,5.502259095320548,-0.5550000071525574,0.5600000023841858,5.587517179542008,5.502259095320548,382.1417333979535,11.369101877199862,0.0,0.0,0.0,0.0,2.524089589589385,7.316896184173173,4.8712951624952545,-0.07848856791146686,11.369101877199862,11.369101877199862,11.369101877199862,11.369101877199862,11.369101877199862,0Lepton_3FJ,
WJets,2,1500.0,1750.0,8.487073187716305,0.9006274979247081,0.0,0.0,0.0,0.0,1.1155598526547676,6.185845808046424,1.5592547214292254,-2.253000020980835,2.265000104904175,27.29319528806715,27.29960469992692,-0.7850000262260437,0.7900000214576721,4.324276489802423,4.269947104965257,-0.5550000071525574,0.5600000023841858,4.324276489802423,4.269947104965257,126.22721328240954,6.2251877584937185,0.0,0.0,0.0,0.0,1.1155598526547676,6.185845808046424,5.130432942109711,-0.06014698671805463,6.2251877584937185,6.2251877584937185,6.2251877584937185,6.2251877584937185,6.2251877584937185,0Lepton_3FJ,
WJets,3,1750.0,2000.0,3.108623112886562,0.5360851946530797,0.0,0.0,0.0,0.0,0.5322217069345606,5.047828304459914,0.9296968041190798,-1.8009999990463257,1.809999942779541,15.393551325820567,15.388140181999868,-0.7850000262260437,0.7900000214576721,3.3744336373054145,3.3433576357642125,-0.5550000071525574,0.5600000023841858,3.3744336373054145,3.3433576357642125,38.43842536679975,3.3468417166640694,0.0,0.0,0.0,0.0,0.5322217069345606,5.047828304459914,4.558128009871842,-0.04252141234648843,3.3468417166640694,3.3468417166640694,3.3468417166640694,3.3468417166640694,3.3468417166640694,0Lepton_3FJ,
WJets,4,2000.0,2250.0,0.9209651717537781,0.29780640665170466,0.0,0.0,0.0,0.0,0.3615255781015967,3.839749976405082,0.6693263365112264,-1.6640000343322754,1.6710000038146973,10.1029670373584,10.101541023725325,-0.7850000262260437,0.7900000214576721,2.539854699146246,2.5281463877402093,-0.5550000071525574,0.5600000023841858,2.539854699146246,2.5281463877402093,15.03900728565123,2.1245039294522594,0.0,0.0,0.0,0.0,0.3615255781015967,3.839749976405082,3.5031741003876946,-0.024949702084209324,2.1245039294522594,2.1245039294522594,2.1245039294522594,2.1245039294522594,2.1245039294522594,0Lepton_3FJ,
WJets,5,2250.0,2500.0,0.6850190060213208,0.23800091073381033,0.0,0.0,0.0,0.0,0.16160510323256227,2.925528755497466,0.4067329813912987,-1.4769999980926514,1.4830000400543213,6.25434223278629,6.252637685299523,-0.7850000262260437,0.7900000214576721,1.888993555079514,1.8837060006009445,-0.5550000071525574,0.5600000023841858,1.888993555079514,1.8837060006009445,4.892259740992738,1.2263962666619492,0.0,0.0,0.0,0.0,0.16160510323256227,2.925528755497466,2.7811867500987364,-0.01726309783383284,1.2263962666619492,1.2263962666619492,1.2263962666619492,1.2263962666619492,1.2263962666619492,0Lepton_3FJ,
WJets,6,2500.0,4000.0,0.6682098987366771,0.26200654062138445,0.0,0.0,0.0,0.0,0.1754646008614014,8.603187380896669,0.9275309169021128,-0.8489999771118164,0.8519999980926514,6.298231628135439,6.289322071000508,-0.7850000262260437,0.7900000214576721,5.411734148761566,5.430127974000176,-0.5550000071525574,0.5600000023841858,5.411734148761566,5.430127974000176,5.020771482542408,1.1822449825897272,0.0,0.0,0.0,0.0,0.1754646008614014,8.603187380896669,8.458335799856519,-0.030613019821251114,1.1822449825897272,1.1822449825897272,1.1822449825897272,1.1822449825897272,1.1822449825897272,0Lepton_3FJ,
WW,1,1250.0,1500.0,4.261055842041969,0.9088461159774744,0.0,0.0,0.0,0.0,2.524089589589385,7.316896184173173,2.938959583840518,-3.0409998893737793,3.056999921798706,47.810953757977536,47.807613960558726,-0.7850000262260437,0.7900000214576721,5.587517179542008,5.502259095320548,-0.5550000071525574,0.5600000023841858,5.587517179542008,5.502259095320548,382.1417333979535,11.369101877199862,0.0,0.0,0.0,0.0,2.524089589589385,7.316896184173173,4.8712951624952545,-0.07848856791146686,11.369101877199862,11.369101877199862,11.369101877199862,11.369101877199862,11.369101877199862,0Lepton_3FJ,
WW,2,1500.0,1750.0,2.6592157408595085,0.642700720960802,0.0,0.0,0.0,0.0,1.1155598526547676,6.185845808046424,1.5592547214292254,-2.253000020980835,2.265000104904175,27.29319528806715,27.29960469992692,-0.7850000262260437,0.7900000214576721,4.324276489802423,4.269947104965257,-0.5550000071525574,0.5600000023841858,4.324276489802423,4.269947104965257,126.22721328240954,6.2251877584937185,0.0,0.0,0.0,0.0,1.1155598526547676,6.185845808046424,5.130432942109711,-0.06014698671805463,6.2251877584937185,6.2251877584937185,6.2251877584937185,6.2251877584937185,6.2251877584937185,0Lepton_3FJ,
WW,3,1750.0,2000.0,0.9926059022545815,0.3561083535351449,0.0,0.0,0.0,0.0,0.5322217069345606,5.047828304459914,0.9296968041190798,-1.8009999990463257,1.809999942779541,15.393551325820567,15.388140181999868,-0.7850000262260437,0.7900000214576721,3.3744336373054145,3.3433576357642125,-0.5550000071525574,0.5600000023841858,3.3744336373054145,3.3433576357642125,38.43842536679975,3.3468417166640694,0.0,0.0,0.0,0.0,0.5322217069345606,5.047828304459914,4.558128009871842,-0.04252141234648843,3.3468417166640694,3.3468417166640694,3.3468417166640694,3.3468417166640694,3.3468417166640694,0Lepton_3FJ,
WW,4,2000.0,2250.0,0.22619789093732834,0.26125068517446853,0.0,0.0,0.0,0.0,0.3615255781015967,3.839749976405082,0.6693263365112264,-1.6640000343322754,1.6710000038146973,10.1029670373584,10.101541023725325,-0.7850000262260437,0.7900000214576721,2.539854699146246,2.5281463877402093,-0.5550000071525574,0.5600000023841858,2.539854699146246,2.5281463877402093,15.03900728565123,2.1245039294522594,0.0,0.0,0.0,0.0,0.3615255781015967,3.839749976405082,3.5031741003876946,-0.024949702084209324,2.1245039294522594,2.1245039294522594,2.1245039294522594,2.1245039294522594,2.1245039294522594,0Lepton_3FJ,
WW,5,2250.0,2500.0,0.12879902124404907,0.12879902124404907,0.0,0.0,0.0,0.0,0.16160510323256227,2.925528755497466,0.4067329813912987,-1.4769999980926514,1.4830000400543213,6.25434223278629,6.252637685299523,-0.7850000262260437,0.7900000214576721,1.888993555079514,1.8837060006009445,-0.5550000071525574,0.5600000023841858,1.888993555079514,1.8837060006009445,4.892259740992738,1.2263962666619492,0.0,0.0,0.0,0.0,0.16160510323256227,2.925528755497466,2.7811867500987364,-0.01726309783383284,1.2263962666619492,1.2263962666619492,1.2263962666619492,1.2263962666619492,1.2263962666619492,0Lepton_3FJ,
WW,6,2500.0,4000.0,0.2858474627137184,0.17029521881579282,0.0,0.0,0.0,0.0,0.1754646008614014,8.603187380896669,0.9275309169021128,-0.8489999771118164,0.8519999980926514,6.298231628135439,6.289322071000508,-0.7850000262260437,0.7900000214576721,5.411734148761566,5.430127974000176,-0.5550000071525574,0.5600000023841858,5.411734148761566,5.430127974000176,5.020771482542408,1.1822449825897272,0.0,0.0,0.0,0.0,0.1754646008614014,8.603187380896669,8.458335799856519,-0.030613019821251114,1.1822449825897272,1.1822449825897272,1.1822449825897272,1.1822449825897272,1.1822449825897272,0Lepton_3FJ,
WZ,1,1250.0,1500.0,0.19025547802448273,0.10998135364958891,0.0,0.0,0.0,0.0,2.524089589589385,7.316896184173173,2.938959583840518,-3.0409998893737793,3.056999921798706,47.810953757977536,47.807613960558726,-0.7850000262260437,0.7900000214576721,5.587517179542008,5.502259095320548,-0.5550000071525574,0.5600000023841858,5.587517179542008,5.502259095320548,382.1417333979535,11.369101877199862,0.0,0.0,0.0,0.0,2.524089589589385,7.316896184173173,4.8712951624952545,-0.07848856791146686,11.369101877199862,11.369101877199862,11.369101877199862,11.369101877199862,11.369101877199862,0Lepton_3FJ,
WZ,2,1500.0,1750.0,0.06790421158075333,0.06790421158075333,0.0,0.0,0.0,0.0,1.1155598526547676,6.185845808046424,1.5592547214292254,-2.253000020980835,2.265000104904175,27.29319528806715,27.29960469992692,-0.7850000262260437,0.7900000214576721,4.324276489802423,4.269947104965257,-0.5550000071525574,0.5600000023841858,4.324276489802423,4.269947104965257,126.22721328240954,6.2251877584937185,0.0,0.0,0.0,0.0,1.1155598526547676,6.185845808046424,5.130432942109711,-0.06014698671805463,6.2251877584937185,6.2251877584937185,6.2251877584937185,6.2251877584937185,6.2251877584937185,0Lepton_3FJ,
WZ,3,1750.0,2000.0,0.0,0.0,0.0,0.0,0.0,0.0,0.5322217069345606,5.047828304459914,0.9296968041190798,-1.8009999990463257,1.809999942779541,15.393551325820567,15.388140181999868,-0.7850000262260437,0.7900000214576721,3.3744336373054145,3.3433576357642125,-0.5550000071525574,0.5600000023841858,3.3744336373054145,3.3433576357642125,38.43842536679975,3.3468417166640694,0.0,0.0,0.0,0.0,0.5322217069345606,5.047828304459914,4.558128009871842,-0.04252141234648843,3.3468417166640694,3.3468417166640694,3.3468417166640694,3.3468417166640694,3.3468417166640694,0Lepton_3FJ,
WZ,4,2000.0,2250.0,0.20797331631183624,0.20797331631183624,0.0,0.0,0.0,0.0,0.3615255781015967,3.839749976405082,0.6693263365112264,-1.6640000343322754,1.6710000038146973,10.1029670373584,10.101541023725325,-0.7850000262260437,0.7900000214576721,2.539854699146246,2.5281463877402093,-0.5550000071525574,0.5600000023841858,2.539854699146246,2.5281463877402093,15.03900728565123,2.1245039294522594,0.0,0.0,0.0,0.0,0.3615255781015967,3.839749976405082,3.5031741003876946,-0.024949702084209324,2.1245039294522594,2.1245039294522594,2.1245039294522594,2.1245039294522594,2.1245039294522594,0Lepton_3FJ,
WZ,5,2250.0,2500.0,0.1451195329427719,0.1451195329427719,0.0,0.0,0.0,0.0,0.16160510323256227,2.925528755497466,0.4067329813912987,-1.4769999980926514,1.4830000400543213,6.25434223278629,6.252637685299523,-0.7850000262260437,0.7900000214576721,1.888993555079514,1.8837060006009445,-0.5550000071525574,0.5600000023841858,1.888993555079514,1.8837060006009445,4.892259740992738,1.2263962666619492,0.0,0.0,0.0,0.0,0.16160510323256227,2.925528755497466,2.7811867500987364,-0.01726309783383284,1.2263962666619492,1.2263962666619492,1.2263962666619492,1.2263962666619492,1.2263962666619492,0Lepton_3FJ,
WZ,6,2500.0,4000.0,0.20797331631183624,0.20797331631183624,0.0,0.0,0.0,0.0,0.1754646008614014,8.603187380896669,0.9275309169021128,-0.8489999771118164,0.8519999980926514,6.298231628135439,6.289322071000508,-0.7850000262260437,0.7900000214576721,5.411734148761566,5.430127974000176,-0.5550000071525574,0.5600000023841858,5.411734148761566,5.430127974000176,5.020771482542408,1.1822449825897272,0.0,0.0,0.0,0.0,0.1754646008614014,8.603187380896669,8.458335799856519,-0.030613019821251114,1.1822449825897272,1.1822449825897272,1.1822449825897272,1.1822449825897272,1.1822449825897272,0Lepton_3FJ,
ZZ,1,1250.0,1500.0,0.6529859751462936,0.299711496187275,0.0,0.0,0.0,0.0,2.524089589589385,7.316896184173173,2.938959583840518,-3.0409998893737793,3.056999921798706,47.810953757977536,47.807613960558726,-0.7850000262260437,0.7900000214576721,5.587517179542008,5.502259095320548,-0.5550000071525574,0.5600000023841858,5.587517179542008,5.502259095320548,382.1417333979535,11.369101877199862,0.0,0.0,0.0,0.0,2.524089589589385,7.316896184173173,4.8712951624952545,-0.07848856791146686,11.369101877199862,11.369101877199862,11.369101877199862,11.369101877199862,11.369101877199862,0Lepton_3FJ,
ZZ,2,1500.0,1750.0,0.18713924288749695,0.18713924288749695,0.0,0.0,0.0,0.0,1.1155598526547676,6.185845808046424,1.5592547214292254,-2.253000020980835,2.265000104904175,27.29319528806715,27.29960469992692,-0.7850000262260437,0.7900000214576721,4.324276489802423,4.269947104965257,-0.5550000071525574,0.5600000023841858,4.324276489802423,4.269947104965257,126.22721328240954,6.2251877584937185,0.0,0.0,0.0,0.0,1.1155598526547676,6.185845808046424,5.130432942109711,-0.06014698671805463,6.2251877584937185,6.2251877584937185,6.2251877584937185,6.2251877584937185,6.2251877584937185,0Lepton_3FJ,
ZZ,3,1750.0,2000.0,0.5480807796120644,0.280752347980814,0.0,0.0,0.0,0.0,0.5322217069345606,5.047828304459914,0.9296968041190798,-1.8009999990463257,1.809999942779541,15.393551325820567,15.388140181999868,-0.7850000262260437,0.7900000214576721,3.3744336373054145,3.3433576357642125,-0.5550000071525574,0.5600000023841858,3.3744336373054145,3.3433576357642125,38.43842536679975,3.3468417166640694,0.0,0.0,0.0,0.0,0.5322217069345606,5.047828304459914,4.558128009871842,-0.04252141234648843,3.3468417166640694,3.3468417166640694,3.3468417166640694,3.3468417166640694,3.3468417166640694,0Lepton_3FJ,
ZZ,4,2000.0,2250.0,0.0,0.0,0.0,0.0,0.0,0.0,0.3615255781015967,3.839749976405082,0.6693263365112264,-1.6640000343322754,1.6710000038146973,10.1029670373584,10.101541023725325,-0.7850000262260437,0.7900000214576721,2.539854699146246,2.5281463877402093,-0.5550000071525574,0.5600000023841858,2.539854699146246,2.5281463877402093,15.03900728565123,2.1245039294522594,0.0,0.0,0.0,0.0,0.3615255781015967,3.839749976405082,3.5031741003876946,-0.024949702084209324,2.1245039294522594,2.1245039294522594,2.1245039294522594,2.1245039294522594,2.1245039294522594,0Lepton_3FJ,
ZZ,5,2250.0,2500.0,0.1310497224330902,0.1310497224330902,0.0,0.0,0.0,0.0,0.16160510323256227,2.925528755497466,0.4067329813912987,-1.4769999980926514,1.4830000400543213,6.25434223278629,6.252637685299523,-0.7850000262260437,0.7900000214576721,1.888993555079514,1.8837060006009445,-0.5550000071525574,0.5600000023841858,1.888993555079514,1.8837060006009445,4.892259740992738,1.2263962666619492,0.0,0.0,0.0,0.0,0.16160510323256227,2.925528755497466,2.7811867500987364,-0.01726309783383284,1.2263962666619492,1.2263962666619492,1.2263962666619492,1.2263962666619492,1.2263962666619492,0Lepton_3FJ,
ZZ,6,2500.0,4000.0,0.0,0.0,0.0,0.0,0.0,0.0,0.1754646008614014,8.603187380896669,0.9275309169021128,-0.8489999771118164,0.8519999980926514,6.298231628135439,6.289322071000508,-0.7850000262260437,0.7900000214576721,5.411734148761566,5.430127974000176,-0.5550000071525574,0.5600000023841858,5.411734148761566,5.430127974000176,5.020771482542408,1.1822449825897272,0.0,0.0,0.0,0.0,0.1754646008614014,8.603187380896669,8.458335799856519,-0.030613019821251114,1.1822449825897272,1.1822449825897272,1.1822449825897272,1.1822449825897272,1.1822449825897272,0Lepton_3FJ,
ttV,1,1250.0,1500.0,38.08860181388445,3.006878646918696,0.0,0.0,0.0,0.0,2.524089589589385,7.316896184173173,2.938959583840518,-3.0409998893737793,3.056999921798706,47.810953757977536,47.807613960558726,-0.7850000262260437,0.7900000214576721,5.587517179542008,5.502259095320548,-0.5550000071525574,0.5600000023841858,5.587517179542008,5.502259095320548,382.1417333979535,11.369101877199862,0.0,0.0,0.0,0.0,2.524089589589385,7.316896184173173,4.8712951624952545,-0.07848856791146686,11.369101877199862,11.369101877199862,11.369101877199862,11.369101877199862,11.369101877199862,0Lepton_3FJ,
ttV,2,1500.0,1750.0,15.809467568062246,1.9154082273235655,0.0,0.0,0.0,0.0,1.1155598526547676,6.185845808046424,1.5592547214292254,-2.253000020980835,2.265000104904175,27.29319528806715,27.29960469992692,-0.7850000262260437,0.7900000214576721,4.324276489802423,4.269947104965257,-0.5550000071525574,0.5600000023841858,4.324276489802423,4.269947104965257,126.22721328240954,6.2251877584937185,0.0,0.0,0.0,0.0,1.1155598526547676,6.185845808046424,5.130432942109711,-0.06014698671805463,6.2251877584937185,6.2251877584937185,6.2251877584937185,6.2251877584937185,6.2251877584937185,0Lepton_3FJ,
ttV,3,1750.0,2000.0,6.017801954643801,1.1933723167917725,0.0,0.0,0.0,0.0,0.5322217069345606,5.047828304459914,0.9296968041190798,-1.8009999990463257,1.809999942779541,15.393551325820567,15.388140181999868,-0.7850000262260437,0.7900000214576721,3.3744336373054145,3.3433576357642125,-0.5550000071525574,0.5600000023841858,3.3744336373054145,3.3433576357642125,38.43842536679975,3.3468417166640694,0.0,0.0,0.0,0.0,0.5322217069345606,5.047828304459914,4.558128009871842,-0.04252141234648843,3.3468417166640694,3.3468417166640694,3.3468417166640694,3.3468417166640694,3.3468417166640694,0Lepton_3FJ,
ttV,4,2000.0,2250.0,2.9604539113352075,0.8437734226208373,0.0,0.0,0.0,0.0,0.3615255781015967,3.839749976405082,0.6693263365112264,-1.6640000343322754,1.6710000038146973,10.1029670373584,10.101541023725325,-0.7850000262260437,0.7900000214576721,2.539854699146246,2.5281463877402093,-0.5550000071525574,0.5600000023841858,2.539854699146246,2.5281463877402093,15.03900728565123,2.1245039294522594,0.0,0.0,0.0,0.0,0.3615255781015967,3.839749976405082,3.5031741003876946,-0.024949702084209324,2.1245039294522594,2.1245039294522594,2.1245039294522594,2.1245039294522594,2.1245039294522594,0Lepton_3FJ,
ttV,5,2250.0,2500.0,0.6687470595352352,0.3997171901283801,0.0,0.0,0.0,0.0,0.16160510323256227,2.925528755497466,0.4067329813912987,-1.4769999980926514,1.4830000400543213,6.25434223278629,6.252637685299523,-0.7850000262260437,0.7900000214576721,1.888993555079514,1.8837060006009445,-0.5550000071525574,0.5600000023841858,1.888993555079514,1.8837060006009445,4.892259740992738,1.2263962666619492,0.0,0.0,0.0,0.0,0.16160510323256227,2.925528755497466,2.7811867500987364,-0.01726309783383284,1.2263962666619492,1.2263962666619492,1.2263962666619492,1.2263962666619492,1.2263962666619492,0Lepton_3FJ,
ttV,6,2500.0,4000.0,1.7381362050073221,0.6692929083691764,0.0,0.0,0.0,0.0,0.1754646008614014,8.603187380896669,0.9275309169021128,-0.8489999771118164,0.8519999980926514,6.298231628135439,6.289322071000508,-0.7850000262260437,0.7900000214576721,5.411734148761566,5.430127974000176,-0.5550000071525574,0.5600000023841858,5.411734148761566,5.430127974000176,5.020771482542408,1.1822449825897272,0.0,0.0,0.0,0.0,0.1754646008614014,8.603187380896669,8.458335799856519,-0.030613019821251114,1.1822449825897272,1.1822449825897272,1.1822449825897272,1.1822449825897272,1.1822449825897272,0Lepton_3FJ,
sm,1,1250.0,1500.0,2.524089589589385,0.0,0.0,0.0,0.0,0.0,2.524089589589385,7.316896184173173,2.938959583840518,-3.0409998893737793,3.056999921798706,47.810953757977536,47.807613960558726,-0.7850000262260437,0.7900000214576721,5.587517179542008,5.502259095320548,-0.5550000071525574,0.5600000023841858,5.587517179542008,5.502259095320548,382.1417333979535,11.369101877199862,0.0,0.0,0.0,0.0,2.524089589589385,7.316896184173173,4.8712951624952545,-0.07848856791146686,11.369101877199862,11.369101877199862,11.369101877199862,11.369101877199862,11.369101877199862,0Lepton_3FJ,
sm,2,1500.0,1750.0,1.1155598526547676,0.0,0.0,0.0,0.0,0.0,1.1155598526547676,6.185845808046424,1.5592547214292254,-2.253000020980835,2.265000104904175,27.29319528806715,27.29960469992692,-0.7850000262260437,0.7900000214576721,4.324276489802423,4.269947104965257,-0.5550000071525574,0.5600000023841858,4.324276489802423,4.269947104965257,126.22721328240954,6.2251877584937185,0.0,0.0,0.0,0.0,1.1155598526547676,6.185845808046424,5.130432942109711,-0.06014698671805463,6.2251877584937185,6.2251877584937185,6.2251877584937185,6.2251877584937185,6.2251877584937185,0Lepton_3FJ,
sm,3,1750.0,2000.0,0.5322217069345606,0.0,0.0,0.0,0.0,0.0,0.5322217069345606,5.047828304459914,0.9296968041190798,-1.8009999990463257,1.809999942779541,15.393551325820567,15.388140181999868,-0.7850000262260437,0.7900000214576721,3.3744336373054145,3.3433576357642125,-0.5550000071525574,0.5600000023841858,3.3744336373054145,3.3433576357642125,38.43842536679975,3.3468417166640694,0.0,0.0,0.0,0.0,0.5322217069345606,5.047828304459914,4.558128009871842,-0.04252141234648843,3.3468417166640694,3.3468417166640694,3.3468417166640694,3.3468417166640694,3.3468417166640694,0Lepton_3FJ,
sm,4,2000.0,2250.0,0.3615255781015967,0.0,0.0,0.0,0.0,0.0,0.3615255781015967,3.839749976405082,0.6693263365112264,-1.6640000343322754,1.6710000038146973,10.1029670373584,10.101541023725325,-0.7850000262260437,0.7900000214576721,2.539854699146246,2.5281463877402093,-0.5550000071525574,0.5600000023841858,2.539854699146246,2.5281463877402093,15.03900728565123,2.1245039294522594,0.0,0.0,0.0,0.0,0.3615255781015967,3.839749976405082,3.5031741003876946,-0.024949702084209324,2.1245039294522594,2.1245039294522594,2.1245039294522594,2.1245039294522594,2.1245039294522594,0Lepton_3FJ,
sm,5,2250.0,2500.0,0.16160510323256227,0.0,0.0,0.0,0.0,0.0,0.16160510323256227,2.925528755497466,0.4067329813912987,-1.4769999980926514,1.4830000400543213,6.25434223278629,6.252637685299523,-0.7850000262260437,0.7900000214576721,1.888993555079514,1.8837060006009445,-0.5550000071525574,0.5600000023841858,1.888993555079514,1.8837060006009445,4.892259740992738,1.2263962666619492,0.0,0.0,0.0,0.0,0.16160510323256227,2.925528755497466,2.7811867500987364,-0.01726309783383284,1.2263962666619492,1.2263962666619492,1.2263962666619492,1.2263962666619492,1.2263962666619492,0Lepton_3FJ,
sm,6,2500.0,4000.0,0.1754646008614014,0.0,0.0,0.0,0.0,0.0,0.1754646008614014,8.603187380896669,0.9275309169021128,-0.8489999771118164,0.8519999980926514,6.298231628135439,6.289322071000508,-0.7850000262260437,0.7900000214576721,5.411734148761566,5.430127974000176,-0.5550000071525574,0.5600000023841858,5.411734148761566,5.430127974000176,5.020771482542408,1.1822449825897272,0.0,0.0,0.0,0.0,0.1754646008614014,8.603187380896669,8.458335799856519,-0.030613019821251114,1.1822449825897272,1.1822449825897272,1.1822449825897272,1.1822449825897272,1.1822449825897272,0Lepton_3FJ,
Other,1,500.0,1600.0,129.5636921459323,0.0,0.0,0.0,0.0,0.0,14.67182228407206,21.938508852108594,15.2836627389915,-2.7769999504089355,2.803999900817871,72.81634170904951,72.82110030731116,-0.984000027179718,0.9890000224113464,22.099786613686142,21.777337185233023,-0.5550000071525574,0.5600000023841858,22.099786613686142,21.777337185233023,822.3890917496653,0.0,4.302693559604691,4.980347258510376,4.757775451448517,4.54759314767816,14.67182228407206,21.938508852108594,7.467454835673904,-0.20076826763737188,4.6415204090575335,4.980347258510376,4.302693559604691,4.54759314767816,4.757775451448517,1Lepton,
Other,2,1600.0,2600.0,27.45474013829397,0.0,0.0,0.0,0.0,0.0,4.744427569316601,17.004769388015948,5.82053944832235,-1.5640000104904175,1.5740000009536743,35.256074154654776,35.236663340931855,-0.984000027179718,0.9890000224113464,16.869546604211436,16.735110667396356,-0.5550000071525574,0.5600000023841858,16.869546604211436,16.735110667396356,203.92456806674684,0.0,4.268314254254808,5.093454678111159,4.915710446415184,4.471865152042474,4.744427569316601,17.004769388015948,12.390431745733595,-0.13008992703424838,4.680884466182983,5.093454678111159,4.268314254254808,4.471865152042474,4.915710446415184,1Lepton,
Other,3,2600.0,3400.0,1.4699372051178776,0.0,0.0,0.0,0.0,0.0,0.6477508973484893,5.44967952964497,1.0748401993278494,-1.4989999532699585,1.503999948501587,11.528382463370995,11.528141746881865,-0.984000027179718,0.9890000224113464,5.344513109912442,5.344354956845333,-0.5550000071525574,0.5600000023841858,5.344513109912442,5.344354956845333,19.848675615405188,0.0,2.071478841692853,2.243967400418444,2.071478841692853,2.243967400418444,0.6477508973484893,5.44967952964497,4.826139465283735,-0.024210832987253683,2.1577231210556485,2.243967400418444,2.071478841692853,2.243967400418444,2.071478841692853,1Lepton,
Other,4,3400.0,4000.0,0.10109006224068669,0.0,0.0,0.0,0.0,0.0,0.1213211963708698,3.159431013949604,0.3932249249938292,-1.156000018119812,1.1579999923706055,4.199369659296025,4.1966467094443765,-0.984000027179718,0.9890000224113464,3.0771772531650607,3.0928812819941265,-0.5550000071525574,0.5600000023841858,3.0771772531650607,3.0928812819941265,1.7739586108945629,0.0,0.36785318072792167,0.40006236092733477,0.36785318072792167,0.40006236092733477,0.1213211963708698,3.159431013949604,3.0453772221460036,-0.0072674045672695975,0.3839577708276282,0.40006236092733477,0.36785318072792167,0.40006236092733477,0.36785318072792167,1Lepton,
Top,1,500.0,1600.0,268.0720424940706,0.0,0.0,0.0,0.0,0.0,14.67182228407206,21.938508852108594,15.2836627389915,-2.7769999504089355,2.803999900817871,72.81634170904951,72.82110030731116,-0.984000027179718,0.9890000224113464,22.099786613686142,21.777337185233023,-0.5550000071525574,0.5600000023841858,22.099786613686142,21.777337185233023,822.3890917496653,0.0,4.302693559604691,4.980347258510376,4.757775451448517,4.54759314767816,14.67182228407206,21.938508852108594,7.467454835673904,-0.20076826763737188,4.6415204090575335,4.980347258510376,4.302693559604691,4.54759314767816,4.757775451448517,1Lepton,
Top,2,1600.0,2600.0,43.220862045900724,0.0,0.0,0.0,0.0,0.0,4.744427569316601,17.004769388015948,5.82053944832235,-1.5640000104904175,1.5740000009536743,35.256074154654776,35.236663340931855,-0.984000027179718,0.9890000224113464,16.869546604211436,16.735110667396356,-0.5550000071525574,0.5600000023841858,16.869546604211436,16.735110667396356,203.92456806674684,0.0,4.268314254254808,5.093454678111159,4.915710446415184,4.471865152042474,4.744427569316601,17.004769388015948,12.390431745733595,-0.13008992703424838,4.680884466182983,5.093454678111159,4.268314254254808,4.471865152042474,4.915710446415184,1Lepton,
Top,3,2600.0,3400.0,2.5025475426043946,0.0,0.0,0.0,0.0,0.0,0.6477508973484893,5.44967952964497,1.0748401993278494,-1.4989999532699585,1.503999948501587,11.528382463370995,11.528141746881865,-0.984000027179718,0.9890000224113464,5.344513109912442,5.344354956845333,-0.5550000071525574,0.5600000023841858,5.344513109912442,5.344354956845333,19.848675615405188,0.0,2.071478841692853,2.243967400418444,2.071478841692853,2.243967400418444,0.6477508973484893,5.44967952964497,4.826139465283735,-0.024210832987253683,2.1577231210556485,2.243967400418444,2.071478841692853,2.243967400418444,2.071478841692853,1Lepton,
Top,4,3400.0,4000.0,0.08220006995098818,0.0,0.0,0.0,0.0,0.0,0.1213211963708698,3.159431013949604,0.3932249249938292,-1.156000018119812,1.1579999923706055,4.199369659296025,4.1966467094443765,-0.984000027179718,0.9890000224113464,3.0771772531650607,3.0928812819941265,-0.5550000071525574,0.5600000023841858,3.0771772531650607,3.0928812819941265,1.7739586108945629,0.0,0.36785318072792167,0.40006236092733477,0.36785318072792167,0.40006236092733477,0.1213211963708698,3.159431013949604,3.0453772221460036,-0.0072674045672695975,0.3839577708276282,0.40006236092733477,0.36785318072792167,0.40006236092733477,0.36785318072792167,1Lepton,
WJets,1,500.0,1600.0,410.08153482559044,0.0,4.302693559604691,4.980347258510376,4.757775451448517,4.54759314767816,14.67182228407206,21.938508852108594,15.2836627389915,-2.7769999504089355,2.803999900817871,72.81634170904951,72.82110030731116,-0.984000027179718,0.9890000224113464,22.099786613686142,21.777337185233023,-0.5550000071525574,0.5600000023841858,22.099786613686142,21.777337185233023,822.3890917496653,0.0,4.302693559604691,4.980347258510376,4.757775451448517,4.54759314767816,14.67182228407206,21.938508852108594,7.467454835673904,-0.20076826763737188,4.6415204090575335,4.980347258510376,4.302693559604691,4.54759314767816,4.757775451448517,1Lepton,
WJets,2,1600.0,2600.0,128.50453831323554,0.0,4.268314254254808,5.093454678111159,4.915710446415184,4.471865152042474,4.744427569316601,17.004769388015948,5.82053944832235,-1.5640000104904175,1.5740000009536743,35.256074154654776,35.236663340931855,-0.984000027179718,0.9890000224113464,16.869546604211436,16.735110667396356,-0.5550000071525574,0.5600000023841858,16.869546604211436,16.735110667396356,203.92456806674684,0.0,4.268314254254808,5.093454678111159,4.915710446415184,4.471865152042474,4.744427569316601,17.004769388015948,12.390431745733595,-0.13008992703424838,4.680884466182983,5.093454678111159,4.268314254254808,4.471865152042474,4.915710446415184,1Lepton,
WJets,3,2600.0,3400.0,15.228439970334424,0.0,2.071478841692853,2.243967400418444,2.071478841692853,2.243967400418444,0.6477508973484893,5.44967952964497,1.0748401993278494,-1.4989999532699585,1.503999948501587,11.528382463370995,11.528141746881865,-0.984000027179718,0.9890000224113464,5.344513109912442,5.344354956845333,-0.5550000071525574,0.5600000023841858,5.344513109912442,5.344354956845333,19.848675615405188,0.0,2.071478841692853,2.243967400418444,2.071478841692853,2.243967400418444,0.6477508973484893,5.44967952964497,4.826139465283735,-0.024210832987253683,2.1577231210556485,2.243967400418444,2.071478841692853,2.243967400418444,2.071478841692853,1Lepton,
WJets,4,3400.0,4000.0,1.4693472823320182,0.0,0.36785318072792167,0.40006236092733477,0.36785318072792167,0.40006236092733477,0.1213211963708698,3.159431013949604,0.3932249249938292,-1.156000018119812,1.1579999923706055,4.199369659296025,4.1966467094443765,-0.984000027179718,0.9890000224113464,3.0771772531650607,3.0928812819941265,-0.5550000071525574,0.5600000023841858,3.0771772531650607,3.0928812819941265,1.7739586108945629,0.0,0.36785318072792167,0.40006236092733477,0.36785318072792167,0.40006236092733477,0.1213211963708698,3.159431013949604,3.0453772221460036,-0.0072674045672695975,0.3839577708276282,0.40006236092733477,0.36785318072792167,0.40006236092733477,0.36785318072792167,1Lepton,
sm,1,500.0,1600.0,14.67182228407206,0.0,0.0,0.0,0.0,0.0,14.67182228407206,21.938508852108594,15.2836627389915,-2.7769999504089355,2.803999900817871,72.81634170904951,72.82110030731116,-0.984000027179718,0.9890000224113464,22.099786613686142,21.777337185233023,-0.5550000071525574,0.5600000023841858,22.099786613686142,21.777337185233023,822.3890917496653,0.0,4.302693559604691,4.980347258510376,4.757775451448517,4.54759314767816,14.67182228407206,21.938508852108594,7.467454835673904,-0.20076826763737188,4.6415204090575335,4.980347258510376,4.302693559604691,4.54759314767816,4.757775451448517,1Lepton,
sm,2,1600.0,2600.0,4.744427569316601,0.0,0.0,0.0,0.0,0.0,4.744427569316601,17.004769388015948,5.82053944832235,-1.5640000104904175,1.5740000009536743,35.256074154654776,35.236663340931855,-0.984000027179718,0.9890000224113464,16.869546604211436,16.735110667396356,-0.5550000071525574,0.5600000023841858,16.869546604211436,16.735110667396356,203.92456806674684,0.0,4.268314254254808,5.093454678111159,4.915710446415184,4.471865152042474,4.744427569316601,17.004769388015948,12.390431745733595,-0.13008992703424838,4.680884466182983,5.093454678111159,4.268314254254808,4.471865152042474,4.915710446415184,1Lepton,
sm,3,2600.0,3400.0,0.6477508973484893,0.0,0.0,0.0,0.0,0.0,0.6477508973484893,5.44967952964497,1.0748401993278494,-1.4989999532699585,1.503999948501587,11.528382463370995,11.528141746881865,-0.984000027179718,0.9890000224113464,5.344513109912442,5.344354956845333,-0.5550000071525574,0.5600000023841858,5.344513109912442,5.344354956845333,19.848675615405188,0.0,2.071478841692853,2.243967400418444,2.071478841692853,2.243967400418444,0.6477508973484893,5.44967952964497,4.826139465283735,-0.024210832987253683,2.1577231210556485,2.243967400418444,2.071478841692853,2.243967400418444,2.071478841692853,1Lepton,
sm,4,3400.0,4000.0,0.1213211963708698,0.0,0.0,0.0,0.0,0.0,0.1213211963708698,3.159431013949604,0.3932249249938292,-1.156000018119812,1.1579999923706055,4.199369659296025,4.1966467094443765,-0.984000027179718,0.9890000224113464,3.0771772531650607,3.0928812819941265,-0.5550000071525574,0.5600000023841858,3.0771772531650607,3.0928812819941265,1.7739586108945629,0.0,0.36785318072792167,0.40006236092733477,0.36785318072792167,0.40006236092733477,0.1213211963708698,3.159431013949604,3.0453772221460036,-0.0072674045672695975,0.3839577708276282,0.40006236092733477,0.36785318072792167,0.40006236092733477,0.36785318072792167,1Lepton,
TTbar,1,200.0,800.0,126.13375120962145,5.019420521564617,25.226750241924307,25.226750241924293,25.226750241924307,25.226750241924293,11.80682779710775,13.988307269598312,11.982678023310008,-5.71999979019165,5.760000228881836,86.93053511322387,86.8573379909999,-1.1449999809265137,1.1540000438690186,14.906356959791113,14.729273158547917,-0.5550000071525574,0.5600000023841858,14.906356959791113,14.729273158547917,223.97639674913466,6.650159238273003,36.09132169764394,36.091321697643934,36.09132169764394,36.091321697643934,11.80682779710775,13.988307269598312,2.2790172168805287,-0.09753774438996743,36.698884448675166,36.698884448675166,36.698884448675166,36.698884448675166,36.698884448675166,2Lepton_OS,OF
TTbar,2,800.0,1350.0,7.018784584417854,0.9390546762387421,1.4037569168835704,1.4037569168835704,1.4037569168835704,1.4037569168835704,2.416703550667557,5.40342669310416,2.6743009596934737,-1.8070000410079956,1.8250000476837158,12.43980405367132,12.444713861873181,-1.1449999809265137,1.1540000438690186,6.463449872430704,6.403655533230082,-0.5550000071525574,0.5600000023841858,6.463449872430704,6.403655533230082,14.760031738977158,1.3462088577310054,2.1265235232123514,2.1265235232123514,2.1265235232123514,2.1265235232123514,2.416703550667557,5.40342669310416,3.040093017643164,-0.05336987520656056,2.516819537314682,2.516819537314682,2.516819537314682,2.516819537314682,2.516819537314682,2Lepton_OS,OF
TTbar,3,1350.0,5000.0,0.36064579620549564,0.30035803006312806,0.07212915924109914,0.07212915924109914,0.07212915924109914,0.07212915924109914,0.30569928820139763,2.6470603286575862,0.5132056729834112,-1.2380000352859497,1.24399995803833,3.9366043151938412,3.9336881362834606,-1.1449999809265137,1.1540000438690186,3.41289558475463,3.4264491712182004,-0.5550000071525574,0.5600000023841858,3.41289558475463,3.4264491712182004,1.176138485877719,0.4148486721964572,0.16909362409421397,0.16909362409421397,0.16909362409421397,0.16909362409421397,0.30569928820139763,2.6470603286575862,2.3566758445468716,-0.015314804090683032,0.44798669012871234,0.44798669012871234,0.44798669012871234,0.44798669012871234,0.44798669012871234,2Lepton_OS,OF
restbkg,1,200.0,800.0,86.03581774240544,4.3623428936849695,25.81074532272163,25.81074532272163,25.81074532272163,25.81074532272163,11.80682779710775,13.988307269598312,11.982678023310008,-5.71999979019165,5.760000228881836,86.93053511322387,86.8573379909999,-1.1449999809265137,1.1540000438690186,14.906356959791113,14.729273158547917,-0.5550000071525574,0.5600000023841858,14.906356959791113,14.729273158547917,223.97639674913466,6.650159238273003,36.09132169764394,36.091321697643934,36.09132169764394,36.091321697643934,11.80682779710775,13.988307269598312,2.2790172168805287,-0.09753774438996743,36.698884448675166,36.698884448675166,36.698884448675166,36.698884448675166,36.698884448675166,2Lepton_OS,OF
restbkg,2,800.0,1350.0,5.324543603891747,0.9646007483241807,1.597363081167524,1.597363081167524,1.597363081167524,1.597363081167524,2.416703550667557,5.40342669310416,2.6743009596934737,-1.8070000410079956,1.8250000476837158,12.43980405367132,12.444713861873181,-1.1449999809265137,1.1540000438690186,6.463449872430704,6.403655533230082,-0.5550000071525574,0.5600000023841858,6.463449872430704,6.403655533230082,14.760031738977158,1.3462088577310054,2.1265235232123514,2.1265235232123514,2.1265235232123514,2.1265235232123514,2.416703550667557,5.40342669310416,3.040093017643164,-0.05336987520656056,2.516819537314682,2.516819537314682,2.516819537314682,2.516819537314682,2.516819537314682,2Lepton_OS,OF
restbkg,3,1350.0,5000.0,0.5097934014708257,0.28615463407004377,0.1529380204412477,0.1529380204412477,0.1529380204412477,0.1529380204412477,0.30569928820139763,2.6470603286575862,0.5132056729834112,-1.2380000352859497,1.24399995803833,3.9366043151938412,3.9336881362834606,-1.1449999809265137,1.1540000438690186,3.41289558475463,3.4264491712182004,-0.5550000071525574,0.5600000023841858,3.41289558475463,3.4264491712182004,1.176138485877719,0.4148486721964572,0.16909362409421397,0.16909362409421397,0.16909362409421397,0.16909362409421397,0.30569928820139763,2.6470603286575862,2.3566758445468716,-0.015314804090683032,0.44798669012871234,0.44798669012871234,0.44798669012871234,0.44798669012871234,0.44798669012871234,2Lepton_OS,OF
sm,1,200.0,800.0,11.80682779710775,0.0,0.0,0.0,0.0,0.0,11.80682779710775,13.988307269598312,11.982678023310008,-5.71999979019165,5.760000228881836,86.93053511322387,86.8573379909999,-1.1449999809265137,1.1540000438690186,14.906356959791113,14.729273158547917,-0.5550000071525574,0.5600000023841858,14.906356959791113,14.729273158547917,223.97639674913466,6.650159238273003,36.09132169764394,36.091321697643934,36.09132169764394,36.091321697643934,11.80682779710775,13.988307269598312,2.2790172168805287,-0.09753774438996743,36.698884448675166,36.698884448675166,36.698884448675166,36.698884448675166,36.698884448675166,2Lepton_OS,OF
sm,2,800.0,1350.0,2.416703550667557,0.0,0.0,0.0,0.0,0.0,2.416703550667557,5.40342669310416,2.6743009596934737,-1.8070000410079956,1.8250000476837158,12.43980405367132,12.444713861873181,-1.1449999809265137,1.1540000438690186,6.463449872430704,6.403655533230082,-0.5550000071525574,0.5600000023841858,6.463449872430704,6.403655533230082,14.760031738977158,1.3462088577310054,2.1265235232123514,2.1265235232123514,2.1265235232123514,2.1265235232123514,2.416703550667557,5.40342669310416,3.040093017643164,-0.05336987520656056,2.516819537314682,2.516819537314682,2.516819537314682,2.516819537314682,2.516819537314682,2Lepton_OS,OF
sm,3,1350.0,5000.0,0.30569928820139763,0.0,0.0,0.0,0.0,0.0,0.30569928820139763,2.6470603286575862,0.5132056729834112,-1.2380000352859497,1.24399995803833,3.9366043151938412,3.9336881362834606,-1.1449999809265137,1.1540000438690186,3.41289558475463,3.4264491712182004,-0.5550000071525574,0.5600000023841858,3.41289558475463,3.4264491712182004,1.176138485877719,0.4148486721964572,0.16909362409421397,0.16909362409421397,0.16909362409421397,0.16909362409421397,0.30569928820139763,2.6470603286575862,2.3566758445468716,-0.015314804090683032,0.44798669012871234,0.44798669012871234,0.44798669012871234,0.44798669012871234,0.44798669012871234,2Lepton_OS,OF
DY,1,200.0,800.0,346.5992164514756,25.451282900792037,40.64135943351033,40.64135943351033,40.64135943351033,40.64135943351033,9.224408478558676,10.840340303639037,9.355725367475726,-9.970000267028809,10.010000228881836,177.2018109160668,177.20385815450328,-1.8769999742507935,1.8860000371932983,15.280561198268447,15.08460227087491,-0.5550000071525574,0.5600000023841858,15.280561198268447,15.08460227087491,599.5364905969609,26.51845943301718,83.65020368681996,83.65020368681996,83.65020368681996,83.65020368681996,9.224408478558676,10.840340303639037,1.683155517176464,-0.06722369209610335,87.75297868190599,87.75297868190599,87.75297868190599,87.75297868190599,87.75297868190599,2Lepton_OS,SFnoZ
DY,2,800.0,1050.0,31.942193850957192,7.0824980113439215,19.158467213884233,19.158467213884233,19.158467213884233,19.158467213884233,1.7076391086625182,3.236955673933348,1.8382488209449317,-4.889999866485596,4.909999847412109,39.240824770076706,39.21912105111466,-1.8769999742507935,1.8860000371932983,7.276362836638229,7.203341093553949,-0.5550000071525574,0.5600000023841858,7.276362836638229,7.203341093553949,55.012088752393055,7.2680150978366145,20.20193068782056,20.20193068782056,20.20193068782056,20.20193068782056,1.7076391086625182,3.236955673933348,1.562786939518263,-0.033470374247433377,21.46956094050102,21.46956094050102,21.46956094050102,21.46956094050102,21.46956094050102,2Lepton_OS,SFnoZ
DY,3,1050.0,5000.0,6.182429661072676,4.610277334584801,3.576335531481355,3.5763355314813543,3.5763355314813543,3.576335531481355,0.8198408281756644,4.263081782403464,1.1226025829287238,-1.930999994277954,1.9390000104904175,13.851023840238307,13.82728350881644,-1.8769999742507935,1.8860000371932983,13.13416801696389,13.124169360698046,-0.5550000071525574,0.5600000023841858,13.13416801696389,13.124169360698046,13.998415609530007,4.678806514232945,4.146724010915087,4.146724010915087,4.1467240109150865,4.146724010915088,0.8198408281756644,4.263081782403464,3.4771930072156216,-0.03395205298782167,6.2519237375649706,6.2519237375649706,6.2519237375649706,6.251923737564971,6.25192373756497,2Lepton_OS,SFnoZ
restbkg,1,200.0,800.0,243.7128656669266,7.447206818964328,73.113859700078,73.113859700078,73.113859700078,73.113859700078,9.224408478558676,10.840340303639037,9.355725367475726,-9.970000267028809,10.010000228881836,177.2018109160668,177.20385815450328,-1.8769999742507935,1.8860000371932983,15.280561198268447,15.08460227087491,-0.5550000071525574,0.5600000023841858,15.280561198268447,15.08460227087491,599.5364905969609,26.51845943301718,83.65020368681996,83.65020368681996,83.65020368681996,83.65020368681996,9.224408478558676,10.840340303639037,1.683155517176464,-0.06722369209610335,87.75297868190599,87.75297868190599,87.75297868190599,87.75297868190599,87.75297868190599,2Lepton_OS,SFnoZ
restbkg,2,800.0,1050.0,21.362255792773347,1.631644992542915,6.408676737832003,6.408676737832003,6.408676737832003,6.408676737832003,1.7076391086625182,3.236955673933348,1.8382488209449317,-4.889999866485596,4.909999847412109,39.240824770076706,39.21912105111466,-1.8769999742507935,1.8860000371932983,7.276362836638229,7.203341093553949,-0.5550000071525574,0.5600000023841858,7.276362836638229,7.203341093553949,55.012088752393055,7.2680150978366145,20.20193068782056,20.20193068782056,20.20193068782056,20.20193068782056,1.7076391086625182,3.236955673933348,1.562786939518263,-0.033470374247433377,21.46956094050102,21.46956094050102,21.46956094050102,21.46956094050102,21.46956094050102,2Lepton_OS,SFnoZ
restbkg,3,1050.0,5000.0,6.996145120281667,0.7978554354281892,2.098843536084499,2.0988435360845,2.098843536084499,2.0988435360845,0.8198408281756644,4.263081782403464,1.1226025829287238,-1.930999994277954,1.9390000104904175,13.851023840238307,13.82728350881644,-1.8769999742507935,1.8860000371932983,13.13416801696389,13.124169360698046,-0.5550000071525574,0.5600000023841858,13.13416801696389,13.124169360698046,13.998415609530007,4.678806514232945,4.146724010915087,4.146724010915087,4.1467240109150865,4.146724010915088,0.8198408281756644,4.263081782403464,3.4771930072156216,-0.03395205298782167,6.2519237375649706,6.2519237375649706,6.2519237375649706,6.251923737564971,6.25192373756497,2Lepton_OS,SFnoZ
sm,1,200.0,800.0,9.224408478558676,0.0,0.0,0.0,0.0,0.0,9.224408478558676,10.840340303639037,9.355725367475726,-9.970000267028809,10.010000228881836,177.2018109160668,177.20385815450328,-1.8769999742507935,1.8860000371932983,15.280561198268447,15.08460227087491,-0.5550000071525574,0.5600000023841858,15.280561198268447,15.08460227087491,599.5364905969609,26.51845943301718,83.65020368681996,83.65020368681996,83.65020368681996,83.65020368681996,9.224408478558676,10.840340303639037,1.683155517176464,-0.06722369209610335,87.75297868190599,87.75297868190599,87.75297868190599,87.75297868190599,87.75297868190599,2Lepton_OS,SFnoZ
sm,2,800.0,1050.0,1.7076391086625182,0.0,0.0,0.0,0.0,0.0,1.7076391086625182,3.236955673933348,1.8382488209449317,-4.889999866485596,4.909999847412109,39.240824770076706,39.21912105111466,-1.8769999742507935,1.8860000371932983,7.276362836638229,7.203341093553949,-0.5550000071525574,0.5600000023841858,7.276362836638229,7.203341093553949,55.012088752393055,7.2680150978366145,20.20193068782056,20.20193068782056,20.20193068782056,20.20193068782056,1.7076391086625182,3.236955673933348,1.562786939518263,-0.033470374247433377,21.46956094050102,21.46956094050102,21.46956094050102,21.46956094050102,21.46956094050102,2Lepton_OS,SFnoZ
sm,3,1050.0,5000.0,0.8198408281756644,0.0,0.0,0.0,0.0,0.0,0.8198408281756644,4.263081782403464,1.1226025829287238,-1.930999994277954,1.9390000104904175,13.851023840238307,13.82728350881644,-1.8769999742507935,1.8860000371932983,13.13416801696389,13.124169360698046,-0.5550000071525574,0.5600000023841858,13.13416801696389,13.124169360698046,13.998415609530007,4.678806514232945,4.146724010915087,4.146724010915087,4.1467240109150865,4.146724010915088,0.8198408281756644,4.263081782403464,3.4771930072156216,-0.03395205298782167,6.2519237375649706,6.2519237375649706,6.2519237375649706,6.251923737564971,6.25192373756497,2Lepton_OS,SFnoZ
DY,1,200.0,800.0,2013.979839726649,56.99906649481782,39.804770569751554,39.80477056975133,39.80477056975133,39.804770569751554,18.348341515166606,22.188676515945435,18.647467962843194,-11.100000381469727,11.199999809265137,521.2584908169897,525.3779608033656,-1.3960000276565552,1.406000018119812,26.573144928974635,26.06646366380609,-0.5550000071525574,0.5600000023841858,26.573144928974635,26.06646366380609,2957.3341745989674,58.43463468992619,280.342054742611,280.34205474261097,280.34205474261097,280.342054742611,18.348341515166606,22.188676515945435,4.06178120265266,-0.22144620187383168,286.3673762645708,286.3673762645707,286.3673762645708,286.3673762645708,286.3673762645707,2Lepton_OS,SFZ
DY,2,800.0,1300.0,212.1376979884474,20.184432138393177,17.30675249810821,17.30675249810821,17.30675249810821,17.30675249810821,6.116150059110248,12.375404142829094,6.643678827727154,-4.216000080108643,4.243000030517578,121.1215550596135,121.14783900362453,-1.3960000276565552,1.406000018119812,18.884561842566026,18.586994278096064,-0.5550000071525574,0.5600000023841858,18.884561842566026,18.586994278096064,395.3069434813176,20.960689789930694,55.864349600363425,55.864349600363425,55.864349600363425,55.864349600363425,6.116150059110248,12.375404142829094,6.4297497928511795,-0.17049570913233314,59.667211035386345,59.667211035386345,59.667211035386345,59.667211035386345,59.667211035386345,2Lepton_OS,SFZ
DY,3,1300.0,5000.0,3.64477712765617,2.712487483453887,0.3843335079082757,0.3843335079082757,0.3843335079082757,0.3843335079082757,0.8069959349827515,6.472079609974541,1.3047846465909165,-1.4930000305175781,1.503000020980835,13.648653826555835,13.647919568391835,-1.3960000276565552,1.406000018119812,12.039430558777116,12.038743846035537,-0.5550000071525574,0.5600000023841858,12.039430558777116,12.038743846035537,16.804408266947945,2.982107667670704,3.7256671791059377,3.7256671791059377,3.7256671791059377,3.7256671791059377,0.8069959349827515,6.472079609974541,5.722554242330342,-0.0574705673385526,4.772165344060032,4.772165344060032,4.772165344060032,4.772165344060032,4.772165344060032,2Lepton_OS,SFZ
restbkg,1,200.0,800.0,925.0059933571515,12.872954208901021,277.50179800714545,277.50179800714545,277.50179800714545,277.50179800714545,18.348341515166606,22.188676515945435,18.647467962843194,-11.100000381469727,11.199999809265137,521.2584908169897,525.3779608033656,-1.3960000276565552,1.406000018119812,26.573144928974635,26.06646366380609,-0.5550000071525574,0.5600000023841858,26.573144928974635,26.06646366380609,2957.3341745989674,58.43463468992619,280.342054742611,280.34205474261097,280.34205474261097,280.342054742611,18.348341515166606,22.188676515945435,4.06178120265266,-0.22144620187383168,286.3673762645708,286.3673762645707,286.3673762645708,286.3673762645708,286.3673762645707,2Lepton_OS,SFZ
restbkg,2,800.0,1300.0,177.05309543375998,5.651479073685532,53.115928630127996,53.115928630127996,53.115928630127996,53.115928630127996,6.116150059110248,12.375404142829094,6.643678827727154,-4.216000080108643,4.243000030517578,121.1215550596135,121.14783900362453,-1.3960000276565552,1.406000018119812,18.884561842566026,18.586994278096064,-0.5550000071525574,0.5600000023841858,18.884561842566026,18.586994278096064,395.3069434813176,20.960689789930694,55.864349600363425,55.864349600363425,55.864349600363425,55.864349600363425,6.116150059110248,12.375404142829094,6.4297497928511795,-0.17049570913233314,59.667211035386345,59.667211035386345,59.667211035386345,59.667211035386345,59.667211035386345,2Lepton_OS,SFZ
restbkg,3,1300.0,5000.0,12.352635204309022,1.2391036250800032,3.705790561292707,3.705790561292707,3.705790561292707,3.705790561292707,0.8069959349827515,6.472079609974541,1.3047846465909165,-1.4930000305175781,1.503000020980835,13.648653826555835,13.647919568391835,-1.3960000276565552,1.406000018119812,12.039430558777116,12.038743846035537,-0.5550000071525574,0.5600000023841858,12.039430558777116,12.038743846035537,16.804408266947945,2.982107667670704,3.7256671791059377,3.7256671791059377,3.7256671791059377,3.7256671791059377,0.8069959349827515,6.472079609974541,5.722554242330342,-0.0574705673385526,4.772165344060032,4.772165344060032,4.772165344060032,4.772165344060032,4.772165344060032,2Lepton_OS,SFZ
sm,1,200.0,800.0,18.348341515166606,0.0,0.0,0.0,0.0,0.0,18.348341515166606,22.188676515945435,18.647467962843194,-11.100000381469727,11.199999809265137,521.2584908169897,525.3779608033656,-1.3960000276565552,1.406000018119812,26.573144928974635,26.06646366380609,-0.5550000071525574,0.5600000023841858,26.573144928974635,26.06646366380609,2957.3341745989674,58.43463468992619,280.342054742611,280.34205474261097,280.34205474261097,280.342054742611,18.348341515166606,22.188676515945435,4.06178120265266,-0.22144620187383168,286.3673762645708,286.3673762645707,286.3673762645708,286.3673762645708,286.3673762645707,2Lepton_OS,SFZ
sm,2,800.0,1300.0,6.116150059110248,0.0,0.0,0.0,0.0,0.0,6.116150059110248,12.375404142829094,6.643678827727154,-4.216000080108643,4.243000030517578,121.1215550596135,121.14783900362453,-1.3960000276565552,1.406000018119812,18.884561842566026,18.586994278096064,-0.5550000071525574,0.5600000023841858,18.884561842566026,18.586994278096064,395.3069434813176,20.960689789930694,55.864349600363425,55.864349600363425,55.864349600363425,55.864349600363425,6.116150059110248,12.375404142829094,6.4297497928511795,-0.17049570913233314,59.667211035386345,59.667211035386345,59.667211035386345,59.667211035386345,59.667211035386345,2Lepton_OS,SFZ
sm,3,1300.0,5000.0,0.8069959349827515,0.0,0.0,0.0,0.0,0.0,0.8069959349827515,6.472079609974541,1.3047846465909165,-1.4930000305175781,1.503000020980835,13.648653826555835,13.647919568391835,-1.3960000276565552,1.406000018119812,12.039430558777116,12.038743846035537,-0.5550000071525574,0.5600000023841858,12.039430558777116,12.038743846035537,16.804408266947945,2.982107667670704,3.7256671791059377,3.7256671791059377,3.7256671791059377,3.7256671791059377,0.8069959349827515,6.472079609974541,5.722554242330342,-0.0574705673385526,4.772165344060032,4.772165344060032,4.772165344060032,4.772165344060032,4.772165344060032,2Lepton_OS,SFZ
DY,1,0.0,800.0,1.1254503726959229,0.42484308318391706,0.07117266583705402,0.0587897702724257,0.05910906217944549,0.07090771621836366,5.066952228546143,5.171804428100586,5.07507303878665,-11.300000190734863,11.399999618530273,19.326459756113852,19.43645572815636,-3.0350000858306885,3.0490000247955322,6.109505951132929,6.080847377287207,-0.5550000071525574,0.5600000023841858,6.109505951132929,6.080847377287207,39.248530849814415,2.176300325770671,1.0173597761905586,1.186540965440344,1.1976184265157974,1.0042960128111795,5.066952228546143,5.171804428100586,0.11111833155155182,-0.0062661319971084595,2.439380603286383,2.4787421347565846,2.4023538503226436,2.3968507649200776,2.4840638082544704,2Lepton_SS,1FJ
DY,2,800.0,1400.0,0.48902297019958496,0.189549943448586,0.04086098114925741,0.037132827862689996,0.0377816859194353,0.04026177957623434,4.150169372558594,4.566370964050293,4.185517979860306,-4.71999979019165,4.75,13.693684037933597,13.719651632010937,-3.0350000858306885,3.0490000247955322,8.106914441392137,8.082104027602009,-0.5550000071525574,0.5600000023841858,8.106914441392137,8.082104027602009,15.527781069278717,1.392912656607569,0.519029117432943,0.7864719482183077,0.46601167738852384,0.8190008953688969,4.150169372558594,4.566370964050293,0.4262470006942749,-0.010045409202575684,1.5382746591690617,1.599607387539785,1.4864712892218184,1.6158490447911926,1.46879969784856,2Lepton_SS,1FJ
DY,3,1400.0,1500.0,0.11914192885160446,0.1069846869242944,0.11575890395220176,0.11576963433017065,0.01234371949280543,0.16324939407617853,0.9247208833694458,1.257236123085022,0.9539209949970245,-3.2990000247955322,3.309000015258789,4.592665772742649,4.592013908743015,-3.0350000858306885,3.0490000247955322,4.0299458558325965,4.037521832129386,-0.5550000071525574,0.5600000023841858,4.0299458558325965,4.037521832129386,1.269330870360136,0.1552188105545839,0.12474690263961348,0.12549122090926332,0.03527626930618829,0.17339383226433405,0.9247208833694458,1.257236123085022,0.3359736204147339,-0.003458380699157715,0.19936814883349732,0.19960191801502644,0.1991348007460198,0.23271935935218585,0.15917692774438927,2Lepton_SS,1FJ
TTbar,1,0.0,800.0,23.252288818359375,1.6187582259403654,0.9422647099284603,1.119226150949903,1.1306949675001094,0.9284712440440076,5.066952228546143,5.171804428100586,5.07507303878665,-11.300000190734863,11.399999618530273,19.326459756113852,19.43645572815636,-3.0350000858306885,3.0490000247955322,6.109505951132929,6.080847377287207,-0.5550000071525574,0.5600000023841858,6.109505951132929,6.080847377287207,39.248530849814415,2.176300325770671,1.0173597761905586,1.186540965440344,1.1976184265157974,1.0042960128111795,5.066952228546143,5.171804428100586,0.11111833155155182,-0.0062661319971084595,2.439380603286383,2.4787421347565846,2.4023538503226436,2.3968507649200776,2.4840638082544704,2Lepton_SS,1FJ
TTbar,2,800.0,1400.0,4.07717752456665,0.6839195691734667,0.4386350105718748,0.72925976220676,0.3799880874983707,0.761465381112352,4.150169372558594,4.566370964050293,4.185517979860306,-4.71999979019165,4.75,13.693684037933597,13.719651632010937,-3.0350000858306885,3.0490000247955322,8.106914441392137,8.082104027602009,-0.5550000071525574,0.5600000023841858,8.106914441392137,8.082104027602009,15.527781069278717,1.392912656607569,0.519029117432943,0.7864719482183077,0.46601167738852384,0.8190008953688969,4.150169372558594,4.566370964050293,0.4262470006942749,-0.010045409202575684,1.5382746591690617,1.599607387539785,1.4864712892218184,1.6158490447911926,1.46879969784856,2Lepton_SS,1FJ
TTbar,3,1400.0,1500.0,0.0,0.0,0.0,0.0,0.0,0.0,0.9247208833694458,1.257236123085022,0.9539209949970245,-3.2990000247955322,3.309000015258789,4.592665772742649,4.592013908743015,-3.0350000858306885,3.0490000247955322,4.0299458558325965,4.037521832129386,-0.5550000071525574,0.5600000023841858,4.0299458558325965,4.037521832129386,1.269330870360136,0.1552188105545839,0.12474690263961348,0.12549122090926332,0.03527626930618829,0.17339383226433405,0.9247208833694458,1.257236123085022,0.3359736204147339,-0.003458380699157715,0.19936814883349732,0.19960191801502644,0.1991348007460198,0.23271935935218585,0.15917692774438927,2Lepton_SS,1FJ
WJets,1,0.0,800.0,1.4287790060043335,1.07866465822216,0.08128708442195239,0.06196953149447845,0.06229219781329968,0.0810400827927484,5.066952228546143,5.171804428100586,5.07507303878665,-11.300000190734863,11.399999618530273,19.326459756113852,19.43645572815636,-3.0350000858306885,3.0490000247955322,6.109505951132929,6.080847377287207,-0.5550000071525574,0.5600000023841858,6.109505951132929,6.080847377287207,39.248530849814415,2.176300325770671,1.0173597761905586,1.186540965440344,1.1976184265157974,1.0042960128111795,5.066952228546143,5.171804428100586,0.11111833155155182,-0.0062661319971084595,2.439380603286383,2.4787421347565846,2.4023538503226436,2.3968507649200776,2.4840638082544704,2Lepton_SS,1FJ
WJets,2,800.0,1400.0,1.1145241260528564,0.9967683595667578,0.08958131549107194,0.09791948313818588,0.09796932792222182,0.08952680073379482,4.150169372558594,4.566370964050293,4.185517979860306,-4.71999979019165,4.75,13.693684037933597,13.719651632010937,-3.0350000858306885,3.0490000247955322,8.106914441392137,8.082104027602009,-0.5550000071525574,0.5600000023841858,8.106914441392137,8.082104027602009,15.527781069278717,1.392912656607569,0.519029117432943,0.7864719482183077,0.46601167738852384,0.8190008953688969,4.150169372558594,4.566370964050293,0.4262470006942749,-0.010045409202575684,1.5382746591690617,1.599607387539785,1.4864712892218184,1.6158490447911926,1.46879969784856,2Lepton_SS,1FJ
WJets,3,1400.0,1500.0,0.0,0.0,0.0,0.0,0.0,0.0,0.9247208833694458,1.257236123085022,0.9539209949970245,-3.2990000247955322,3.309000015258789,4.592665772742649,4.592013908743015,-3.0350000858306885,3.0490000247955322,4.0299458558325965,4.037521832129386,-0.5550000071525574,0.5600000023841858,4.0299458558325965,4.037521832129386,1.269330870360136,0.1552188105545839,0.12474690263961348,0.12549122090926332,0.03527626930618829,0.17339383226433405,0.9247208833694458,1.257236123085022,0.3359736204147339,-0.003458380699157715,0.19936814883349732,0.19960191801502644,0.1991348007460198,0.23271935935218585,0.15917692774438927,2Lepton_SS,1FJ
WW,1,0.0,800.0,1.4745253324508667,0.2486005371612035,0.04706102864324287,0.03877284738303744,0.03908252810058014,0.04680416763938659,5.066952228546143,5.171804428100586,5.07507303878665,-11.300000190734863,11.399999618530273,19.326459756113852,19.43645572815636,-3.0350000858306885,3.0490000247955322,6.109505951132929,6.080847377287207,-0.5550000071525574,0.5600000023841858,6.109505951132929,6.080847377287207,39.248530849814415,2.176300325770671,1.0173597761905586,1.186540965440344,1.1976184265157974,1.0042960128111795,5.066952228546143,5.171804428100586,0.11111833155155182,-0.0062661319971084595,2.439380603286383,2.4787421347565846,2.4023538503226436,2.3968507649200776,2.4840638082544704,2Lepton_SS,1FJ
WW,2,800.0,1400.0,0.758755624294281,0.14388952896504356,0.0362398913709977,0.026124444349839286,0.03628806808658793,0.026057483257458342,4.150169372558594,4.566370964050293,4.185517979860306,-4.71999979019165,4.75,13.693684037933597,13.719651632010937,-3.0350000858306885,3.0490000247955322,8.106914441392137,8.082104027602009,-0.5550000071525574,0.5600000023841858,8.106914441392137,8.082104027602009,15.527781069278717,1.392912656607569,0.519029117432943,0.7864719482183077,0.46601167738852384,0.8190008953688969,4.150169372558594,4.566370964050293,0.4262470006942749,-0.010045409202575684,1.5382746591690617,1.599607387539785,1.4864712892218184,1.6158490447911926,1.46879969784856,2Lepton_SS,1FJ
WW,3,1400.0,1500.0,0.062029242515563965,0.015065783230325487,0.03329170201733618,0.029680943312520126,0.003130543147236875,0.044491521874795735,0.9247208833694458,1.257236123085022,0.9539209949970245,-3.2990000247955322,3.309000015258789,4.592665772742649,4.592013908743015,-3.0350000858306885,3.0490000247955322,4.0299458558325965,4.037521832129386,-0.5550000071525574,0.5600000023841858,4.0299458558325965,4.037521832129386,1.269330870360136,0.1552188105545839,0.12474690263961348,0.12549122090926332,0.03527626930618829,0.17339383226433405,0.9247208833694458,1.257236123085022,0.3359736204147339,-0.003458380699157715,0.19936814883349732,0.19960191801502644,0.1991348007460198,0.23271935935218585,0.15917692774438927,2Lepton_SS,1FJ
WZ,1,0.0,800.0,3.7708964347839355,0.8247653700005667,0.3196767948637101,0.3433294027958719,0.34337424924088666,0.3196286234941453,5.066952228546143,5.171804428100586,5.07507303878665,-11.300000190734863,11.399999618530273,19.326459756113852,19.43645572815636,-3.0350000858306885,3.0490000247955322,6.109505951132929,6.080847377287207,-0.5550000071525574,0.5600000023841858,6.109505951132929,6.080847377287207,39.248530849814415,2.176300325770671,1.0173597761905586,1.186540965440344,1.1976184265157974,1.0042960128111795,5.066952228546143,5.171804428100586,0.11111833155155182,-0.0062661319971084595,2.439380603286383,2.4787421347565846,2.4023538503226436,2.3968507649200776,2.4840638082544704,2Lepton_SS,1FJ
WZ,2,800.0,1400.0,3.1420092582702637,0.6349669741412581,0.20516904288086807,0.2304476522450185,0.18595085505822234,0.2462168476871728,4.150169372558594,4.566370964050293,4.185517979860306,-4.71999979019165,4.75,13.693684037933597,13.719651632010937,-3.0350000858306885,3.0490000247955322,8.106914441392137,8.082104027602009,-0.5550000071525574,0.5600000023841858,8.106914441392137,8.082104027602009,15.527781069278717,1.392912656607569,0.519029117432943,0.7864719482183077,0.46601167738852384,0.8190008953688969,4.150169372558594,4.566370964050293,0.4262470006942749,-0.010045409202575684,1.5382746591690617,1.599607387539785,1.4864712892218184,1.6158490447911926,1.46879969784856,2Lepton_SS,1FJ
WZ,3,1400.0,1500.0,0.10526532679796219,0.10526532969326552,0.02912960202622661,0.032493524169391455,0.029129849357412325,0.03249330244169769,0.9247208833694458,1.257236123085022,0.9539209949970245,-3.2990000247955322,3.309000015258789,4.592665772742649,4.592013908743015,-3.0350000858306885,3.0490000247955322,4.0299458558325965,4.037521832129386,-0.5550000071525574,0.5600000023841858,4.0299458558325965,4.037521832129386,1.269330870360136,0.1552188105545839,0.12474690263961348,0.12549122090926332,0.03527626930618829,0.17339383226433405,0.9247208833694458,1.257236123085022,0.3359736204147339,-0.003458380699157715,0.19936814883349732,0.19960191801502644,0.1991348007460198,0.23271935935218585,0.15917692774438927,2Lepton_SS,1FJ
ZZ,1,0.0,800.0,0.1262976974248886,0.014973353590952022,0.0039154464637166965,0.0037849920025029003,0.003833454184251265,0.003868011696788024,5.066952228546143,5.171804428100586,5.07507303878665,-11.300000190734863,11.399999618530273,19.326459756113852,19.43645572815636,-3.0350000858306885,3.0490000247955322,6.109505951132929,6.080847377287207,-0.5550000071525574,0.5600000023841858,6.109505951132929,6.080847377287207,39.248530849814415,2.176300325770671,1.0173597761905586,1.186540965440344,1.1976184265157974,1.0042960128111795,5.066952228546143,5.171804428100586,0.11111833155155182,-0.0062661319971084595,2.439380603286383,2.4787421347565846,2.4023538503226436,2.3968507649200776,2.4840638082544704,2Lepton_SS,1FJ
ZZ,2,800.0,1400.0,0.04019153118133545,0.008286784841899491,0.0015547634936017448,0.0017995963699488997,0.0018120999252213767,0.001540172223091509,4.150169372558594,4.566370964050293,4.185517979860306,-4.71999979019165,4.75,13.693684037933597,13.719651632010937,-3.0350000858306885,3.0490000247955322,8.106914441392137,8.082104027602009,-0.5550000071525574,0.5600000023841858,8.106914441392137,8.082104027602009,15.527781069278717,1.392912656607569,0.519029117432943,0.7864719482183077,0.46601167738852384,0.8190008953688969,4.150169372558594,4.566370964050293,0.4262470006942749,-0.010045409202575684,1.5382746591690617,1.599607387539785,1.4864712892218184,1.6158490447911926,1.46879969784856,2Lepton_SS,1FJ
ZZ,3,1400.0,1500.0,0.0,0.0,0.0,0.0,0.0,0.0,0.9247208833694458,1.257236123085022,0.9539209949970245,-3.2990000247955322,3.309000015258789,4.592665772742649,4.592013908743015,-3.0350000858306885,3.0490000247955322,4.0299458558325965,4.037521832129386,-0.5550000071525574,0.5600000023841858,4.0299458558325965,4.037521832129386,1.269330870360136,0.1552188105545839,0.12474690263961348,0.12549122090926332,0.03527626930618829,0.17339383226433405,0.9247208833694458,1.257236123085022,0.3359736204147339,-0.003458380699157715,0.19936814883349732,0.19960191801502644,0.1991348007460198,0.23271935935218585,0.15917692774438927,2Lepton_SS,1FJ
ttV,1,0.0,800.0,3.00334095954895,0.17213796712640575,0.17624320657959636,0.16888779438675164,0.1702837997124162,0.17489477554741795,5.066952228546143,5.171804428100586,5.07507303878665,-11.300000190734863,11.399999618530273,19.326459756113852,19.43645572815636,-3.0350000858306885,3.0490000247955322,6.109505951132929,6.080847377287207,-0.5550000071525574,0.5600000023841858,6.109505951132929,6.080847377287207,39.248530849814415,2.176300325770671,1.0173597761905586,1.186540965440344,1.1976184265157974,1.0042960128111795,5.066952228546143,5.171804428100586,0.11111833155155182,-0.0062661319971084595,2.439380603286383,2.4787421347565846,2.4023538503226436,2.3968507649200776,2.4840638082544704,2Lepton_SS,1FJ
ttV,2,800.0,1400.0,1.7559306621551514,0.1379399236822475,0.15455108283504804,0.14818706729126932,0.16078763549747732,0.1413958287539043,4.150169372558594,4.566370964050293,4.185517979860306,-4.71999979019165,4.75,13.693684037933597,13.719651632010937,-3.0350000858306885,3.0490000247955322,8.106914441392137,8.082104027602009,-0.5550000071525574,0.5600000023841858,8.106914441392137,8.082104027602009,15.527781069278717,1.392912656607569,0.519029117432943,0.7864719482183077,0.46601167738852384,0.8190008953688969,4.150169372558594,4.566370964050293,0.4262470006942749,-0.010045409202575684,1.5382746591690617,1.599607387539785,1.4864712892218184,1.6158490447911926,1.46879969784856,2Lepton_SS,1FJ
ttV,3,1400.0,1500.0,0.058173488825559616,0.036597656399221454,0.014310651157256283,0.020215112749827617,0.015287228043808672,0.019487077224907622,0.9247208833694458,1.257236123085022,0.9539209949970245,-3.2990000247955322,3.309000015258789,4.592665772742649,4.592013908743015,-3.0350000858306885,3.0490000247955322,4.0299458558325965,4.037521832129386,-0.5550000071525574,0.5600000023841858,4.0299458558325965,4.037521832129386,1.269330870360136,0.1552188105545839,0.12474690263961348,0.12549122090926332,0.03527626930618829,0.17339383226433405,0.9247208833694458,1.257236123085022,0.3359736204147339,-0.003458380699157715,0.19936814883349732,0.19960191801502644,0.1991348007460198,0.23271935935218585,0.15917692774438927,2Lepton_SS,1FJ
sm,1,0.0,800.0,5.066952228546143,0.0,0.0,0.0,0.0,0.0,5.066952228546143,5.171804428100586,5.07507303878665,-11.300000190734863,11.399999618530273,19.326459756113852,19.43645572815636,-3.0350000858306885,3.0490000247955322,6.109505951132929,6.080847377287207,-0.5550000071525574,0.5600000023841858,6.109505951132929,6.080847377287207,39.248530849814415,2.176300325770671,1.0173597761905586,1.186540965440344,1.1976184265157974,1.0042960128111795,5.066952228546143,5.171804428100586,0.11111833155155182,-0.0062661319971084595,2.439380603286383,2.4787421347565846,2.4023538503226436,2.3968507649200776,2.4840638082544704,2Lepton_SS,1FJ
sm,2,800.0,1400.0,4.150169372558594,0.0,0.0,0.0,0.0,0.0,4.150169372558594,4.566370964050293,4.185517979860306,-4.71999979019165,4.75,13.693684037933597,13.719651632010937,-3.0350000858306885,3.0490000247955322,8.106914441392137,8.082104027602009,-0.5550000071525574,0.5600000023841858,8.106914441392137,8.082104027602009,15.527781069278717,1.392912656607569,0.519029117432943,0.7864719482183077,0.46601167738852384,0.8190008953688969,4.150169372558594,4.566370964050293,0.4262470006942749,-0.010045409202575684,1.5382746591690617,1.599607387539785,1.4864712892218184,1.6158490447911926,1.46879969784856,2Lepton_SS,1FJ
sm,3,1400.0,1500.0,0.9247208833694458,0.0,0.0,0.0,0.0,0.0,0.9247208833694458,1.257236123085022,0.9539209949970245,-3.2990000247955322,3.309000015258789,4.592665772742649,4.592013908743015,-3.0350000858306885,3.0490000247955322,4.0299458558325965,4.037521832129386,-0.5550000071525574,0.5600000023841858,4.0299458558325965,4.037521832129386,1.269330870360136,0.1552188105545839,0.12474690263961348,0.12549122090926332,0.03527626930618829,0.17339383226433405,0.9247208833694458,1.257236123085022,0.3359736204147339,-0.003458380699157715,0.19936814883349732,0.19960191801502644,0.1991348007460198,0.23271935935218585,0.15917692774438927,2Lepton_SS,1FJ
