process,bin,bin_low,bin_high,yield,MCstat,syst_quadrature_Up,syst_quadrature_Down,syst_quadrature_Increase,syst_quadrature_Decrease,yield_sm,yield_cM0_at_1,yield_cM0_at_0p3,cM0_95CL_LL,cM0_95CL_UL,yield_cM0_95CL_LL,yield_cM0_95CL_UL,comb_cM0_95CL_LL,comb_cM0_95CL_UL,comb_yield_cM0_95CL_LL,comb_yield_cM0_95CL_UL,all_comb_cM0_95CL_LL,all_comb_cM0_95CL_UL,all_comb_yield_cM0_95CL_LL,all_comb_yield_cM0_95CL_UL,total_bkg,total_MCstat,total_syst_Up,total_syst_Down,total_syst_Increase,total_syst_Decrease,sm_cM0,sm_lin_quad_cM0,quad_cM0,lin_cM0,total_unc,total_unc_Down,total_unc_Up,total_unc_Decrease,total_unc_Increase,channel,subchannel
DY,1,1100.0,2000.0,443.1930925399065,5.453632454977241,0.0,0.0,0.0,0.0,34.23972890742495,275.19600179517374,54.267134952860715,-10.300000190734863,10.600000381469727,26516.583434565153,27911.827085953657,-1.5360000133514404,1.5549999475479126,633.4934141937747,623.694474592846,-0.8700000047683716,0.8939999938011169,633.4934141937747,623.694474592846,15944.05550316352,61.51704064880988,0.0,0.0,0.0,0.0,34.23972890742495,275.19600179517374,248.8546467661375,-7.8983738783887105,61.51704064880988,61.51704064880988,61.51704064880988,61.51704064880988,61.51704064880988,0Lepton_2FJ,
DY,2,2000.0,2500.0,8.933295916765928,0.7700998897727057,0.0,0.0,0.0,0.0,1.6237680900183824,146.13770167619305,14.331051744358705,-4.760000228881836,4.860000133514404,3314.996559329782,3441.6927131350094,-1.5360000133514404,1.5549999475479126,348.12052945462364,352.2907100572428,-0.8700000047683716,0.8939999938011169,348.12052945462364,352.2907100572428,223.23007842452827,7.474540523752163,0.0,0.0,0.0,0.0,1.6237680900183824,146.13770167619305,145.93760200720035,-1.4236684210256902,7.474540523752163,7.474540523752163,7.474540523752163,7.474540523752163,7.474540523752163,0Lepton_2FJ,
DY,3,2500.0,3000.0,2.14450765773654,0.37965750579301,0.0,0.0,0.0,0.0,0.3570882323545959,122.19975169355766,11.195090679329459,-3.38100004196167,3.430999994277954,1402.1771120970077,1439.7372262030472,-1.5360000133514404,1.5549999475479126,290.1912588685896,295.5010401061189,-0.8700000047683716,0.8939999938011169,290.1912588685896,295.5010401061189,36.40899240034932,2.8784170650494194,0.0,0.0,0.0,0.0,0.3570882323545959,122.19975169355766,122.4514123399336,-0.6087488787305346,2.8784170650494194,2.8784170650494194,2.8784170650494194,2.8784170650494194,2.8784170650494194,0Lepton_2FJ,
DY,4,3000.0,3500.0,0.5416109599173069,0.183404084825355,0.0,0.0,0.0,0.0,0.13929663511701695,331.73410463265935,29.87409968563312,-1.565999984741211,1.5809999704360962,815.4083430449066,829.456309923655,-1.5360000133514404,1.5549999475479126,784.48644413492,802.3906182029857,-0.8700000047683716,0.8939999938011169,784.48644413492,802.3906182029857,10.670563338694937,1.532332711454587,0.0,0.0,0.0,0.0,0.13929663511701695,331.73410463265935,332.1125683273647,-0.5177603298223911,1.532332711454587,1.532332711454587,1.532332711454587,1.532332711454587,1.532332711454587,0Lepton_2FJ,
QCD,1,1100.0,2000.0,10486.996347805885,55.32642892419974,0.0,0.0,0.0,0.0,34.23972890742495,275.19600179517374,54.267134952860715,-10.300000190734863,10.600000381469727,26516.583434565153,27911.827085953657,-1.5360000133514404,1.5549999475479126,633.4934141937747,623.694474592846,-0.8700000047683716,0.8939999938011169,633.4934141937747,623.694474592846,15944.05550316352,61.51704064880988,0.0,0.0,0.0,0.0,34.23972890742495,275.19600179517374,248.8546467661375,-7.8983738783887105,61.51704064880988,61.51704064880988,61.51704064880988,61.51704064880988,61.51704064880988,0Lepton_2FJ,
QCD,2,2000.0,2500.0,109.90889079844273,6.189261349353989,0.0,0.0,0.0,0.0,1.6237680900183824,146.13770167619305,14.331051744358705,-4.760000228881836,4.860000133514404,3314.996559329782,3441.6927131350094,-1.5360000133514404,1.5549999475479126,348.12052945462364,352.2907100572428,-0.8700000047683716,0.8939999938011169,348.12052945462364,352.2907100572428,223.23007842452827,7.474540523752163,0.0,0.0,0.0,0.0,1.6237680900183824,146.13770167619305,145.93760200720035,-1.4236684210256902,7.474540523752163,7.474540523752163,7.474540523752163,7.474540523752163,7.474540523752163,0Lepton_2FJ,
QCD,3,2500.0,3000.0,14.926109792461137,2.2046495787936244,0.0,0.0,0.0,0.0,0.3570882323545959,122.19975169355766,11.195090679329459,-3.38100004196167,3.430999994277954,1402.1771120970077,1439.7372262030472,-1.5360000133514404,1.5549999475479126,290.1912588685896,295.5010401061189,-0.8700000047683716,0.8939999938011169,290.1912588685896,295.5010401061189,36.40899240034932,2.8784170650494194,0.0,0.0,0.0,0.0,0.3570882323545959,122.19975169355766,122.4514123399336,-0.6087488787305346,2.8784170650494194,2.8784170650494194,2.8784170650494194,2.8784170650494194,2.8784170650494194,0Lepton_2FJ,
QCD,4,3000.0,3500.0,4.679726703210824,1.197752604994411,0.0,0.0,0.0,0.0,0.13929663511701695,331.73410463265935,29.87409968563312,-1.565999984741211,1.5809999704360962,815.4083430449066,829.456309923655,-1.5360000133514404,1.5549999475479126,784.48644413492,802.3906182029857,-0.8700000047683716,0.8939999938011169,784.48644413492,802.3906182029857,10.670563338694937,1.532332711454587,0.0,0.0,0.0,0.0,0.13929663511701695,331.73410463265935,332.1125683273647,-0.5177603298223911,1.532332711454587,1.532332711454587,1.532332711454587,1.532332711454587,1.532332711454587,0Lepton_2FJ,
TTbar,1,1100.0,2000.0,2405.548857793212,16.446954564075774,0.0,0.0,0.0,0.0,34.23972890742495,275.19600179517374,54.267134952860715,-10.300000190734863,10.600000381469727,26516.583434565153,27911.827085953657,-1.5360000133514404,1.5549999475479126,633.4934141937747,623.694474592846,-0.8700000047683716,0.8939999938011169,633.4934141937747,623.694474592846,15944.05550316352,61.51704064880988,0.0,0.0,0.0,0.0,34.23972890742495,275.19600179517374,248.8546467661375,-7.8983738783887105,61.51704064880988,61.51704064880988,61.51704064880988,61.51704064880988,61.51704064880988,0Lepton_2FJ,
TTbar,2,2000.0,2500.0,36.168331917375326,2.0751734249051683,0.0,0.0,0.0,0.0,1.6237680900183824,146.13770167619305,14.331051744358705,-4.760000228881836,4.860000133514404,3314.996559329782,3441.6927131350094,-1.5360000133514404,1.5549999475479126,348.12052945462364,352.2907100572428,-0.8700000047683716,0.8939999938011169,348.12052945462364,352.2907100572428,223.23007842452827,7.474540523752163,0.0,0.0,0.0,0.0,1.6237680900183824,146.13770167619305,145.93760200720035,-1.4236684210256902,7.474540523752163,7.474540523752163,7.474540523752163,7.474540523752163,7.474540523752163,0Lepton_2FJ,
TTbar,3,2500.0,3000.0,5.822826702147722,0.7932122228369982,0.0,0.0,0.0,0.0,0.3570882323545959,122.19975169355766,11.195090679329459,-3.38100004196167,3.430999994277954,1402.1771120970077,1439.7372262030472,-1.5360000133514404,1.5549999475479126,290.1912588685896,295.5010401061189,-0.8700000047683716,0.8939999938011169,290.1912588685896,295.5010401061189,36.40899240034932,2.8784170650494194,0.0,0.0,0.0,0.0,0.3570882323545959,122.19975169355766,122.4514123399336,-0.6087488787305346,2.8784170650494194,2.8784170650494194,2.8784170650494194,2.8784170650494194,2.8784170650494194,0Lepton_2FJ,
TTbar,4,3000.0,3500.0,1.3927788622677326,0.3782020039470605,0.0,0.0,0.0,0.0,0.13929663511701695,331.73410463265935,29.87409968563312,-1.565999984741211,1.5809999704360962,815.4083430449066,829.456309923655,-1.5360000133514404,1.5549999475479126,784.48644413492,802.3906182029857,-0.8700000047683716,0.8939999938011169,784.48644413492,802.3906182029857,10.670563338694937,1.532332711454587,0.0,0.0,0.0,0.0,0.13929663511701695,331.73410463265935,332.1125683273647,-0.5177603298223911,1.532332711454587,1.532332711454587,1.532332711454587,1.532332711454587,1.532332711454587,0Lepton_2FJ,
WJets,1,1100.0,2000.0,1377.3680602400855,11.487063777598474,0.0,0.0,0.0,0.0,34.23972890742495,275.19600179517374,54.267134952860715,-10.300000190734863,10.600000381469727,26516.583434565153,27911.827085953657,-1.5360000133514404,1.5549999475479126,633.4934141937747,623.694474592846,-0.8700000047683716,0.8939999938011169,633.4934141937747,623.694474592846,15944.05550316352,61.51704064880988,0.0,0.0,0.0,0.0,34.23972890742495,275.19600179517374,248.8546467661375,-7.8983738783887105,61.51704064880988,61.51704064880988,61.51704064880988,61.51704064880988,61.51704064880988,0Lepton_2FJ,
WJets,2,2000.0,2500.0,27.586104618152604,1.6326704450275293,0.0,0.0,0.0,0.0,1.6237680900183824,146.13770167619305,14.331051744358705,-4.760000228881836,4.860000133514404,3314.996559329782,3441.6927131350094,-1.5360000133514404,1.5549999475479126,348.12052945462364,352.2907100572428,-0.8700000047683716,0.8939999938011169,348.12052945462364,352.2907100572428,223.23007842452827,7.474540523752163,0.0,0.0,0.0,0.0,1.6237680900183824,146.13770167619305,145.93760200720035,-1.4236684210256902,7.474540523752163,7.474540523752163,7.474540523752163,7.474540523752163,7.474540523752163,0Lepton_2FJ,
WJets,3,2500.0,3000.0,4.344207974485471,0.6476899967839551,0.0,0.0,0.0,0.0,0.3570882323545959,122.19975169355766,11.195090679329459,-3.38100004196167,3.430999994277954,1402.1771120970077,1439.7372262030472,-1.5360000133514404,1.5549999475479126,290.1912588685896,295.5010401061189,-0.8700000047683716,0.8939999938011169,290.1912588685896,295.5010401061189,36.40899240034932,2.8784170650494194,0.0,0.0,0.0,0.0,0.3570882323545959,122.19975169355766,122.4514123399336,-0.6087488787305346,2.8784170650494194,2.8784170650494194,2.8784170650494194,2.8784170650494194,2.8784170650494194,0Lepton_2FJ,
WJets,4,3000.0,3500.0,1.0306387416349025,0.3118642947060499,0.0,0.0,0.0,0.0,0.13929663511701695,331.73410463265935,29.87409968563312,-1.565999984741211,1.5809999704360962,815.4083430449066,829.456309923655,-1.5360000133514404,1.5549999475479126,784.48644413492,802.3906182029857,-0.8700000047683716,0.8939999938011169,784.48644413492,802.3906182029857,10.670563338694937,1.532332711454587,0.0,0.0,0.0,0.0,0.13929663511701695,331.73410463265935,332.1125683273647,-0.5177603298223911,1.532332711454587,1.532332711454587,1.532332711454587,1.532332711454587,1.532332711454587,0Lepton_2FJ,
WW,1,1100.0,2000.0,405.1505524814129,9.662213621472555,0.0,0.0,0.0,0.0,34.23972890742495,275.19600179517374,54.267134952860715,-10.300000190734863,10.600000381469727,26516.583434565153,27911.827085953657,-1.5360000133514404,1.5549999475479126,633.4934141937747,623.694474592846,-0.8700000047683716,0.8939999938011169,633.4934141937747,623.694474592846,15944.05550316352,61.51704064880988,0.0,0.0,0.0,0.0,34.23972890742495,275.19600179517374,248.8546467661375,-7.8983738783887105,61.51704064880988,61.51704064880988,61.51704064880988,61.51704064880988,61.51704064880988,0Lepton_2FJ,
WW,2,2000.0,2500.0,12.557186089456081,1.685212365271094,0.0,0.0,0.0,0.0,1.6237680900183824,146.13770167619305,14.331051744358705,-4.760000228881836,4.860000133514404,3314.996559329782,3441.6927131350094,-1.5360000133514404,1.5549999475479126,348.12052945462364,352.2907100572428,-0.8700000047683716,0.8939999938011169,348.12052945462364,352.2907100572428,223.23007842452827,7.474540523752163,0.0,0.0,0.0,0.0,1.6237680900183824,146.13770167619305,145.93760200720035,-1.4236684210256902,7.474540523752163,7.474540523752163,7.474540523752163,7.474540523752163,7.474540523752163,0Lepton_2FJ,
WW,3,2500.0,3000.0,3.1176525950431824,0.8828864357622053,0.0,0.0,0.0,0.0,0.3570882323545959,122.19975169355766,11.195090679329459,-3.38100004196167,3.430999994277954,1402.1771120970077,1439.7372262030472,-1.5360000133514404,1.5549999475479126,290.1912588685896,295.5010401061189,-0.8700000047683716,0.8939999938011169,290.1912588685896,295.5010401061189,36.40899240034932,2.8784170650494194,0.0,0.0,0.0,0.0,0.3570882323545959,122.19975169355766,122.4514123399336,-0.6087488787305346,2.8784170650494194,2.8784170650494194,2.8784170650494194,2.8784170650494194,2.8784170650494194,0Lepton_2FJ,
WW,4,3000.0,3500.0,0.9266377240419388,0.4931862560486241,0.0,0.0,0.0,0.0,0.13929663511701695,331.73410463265935,29.87409968563312,-1.565999984741211,1.5809999704360962,815.4083430449066,829.456309923655,-1.5360000133514404,1.5549999475479126,784.48644413492,802.3906182029857,-0.8700000047683716,0.8939999938011169,784.48644413492,802.3906182029857,10.670563338694937,1.532332711454587,0.0,0.0,0.0,0.0,0.13929663511701695,331.73410463265935,332.1125683273647,-0.5177603298223911,1.532332711454587,1.532332711454587,1.532332711454587,1.532332711454587,1.532332711454587,0Lepton_2FJ,
WZ,1,1100.0,2000.0,102.17559579014778,3.878140427000984,0.0,0.0,0.0,0.0,34.23972890742495,275.19600179517374,54.267134952860715,-10.300000190734863,10.600000381469727,26516.583434565153,27911.827085953657,-1.5360000133514404,1.5549999475479126,633.4934141937747,623.694474592846,-0.8700000047683716,0.8939999938011169,633.4934141937747,623.694474592846,15944.05550316352,61.51704064880988,0.0,0.0,0.0,0.0,34.23972890742495,275.19600179517374,248.8546467661375,-7.8983738783887105,61.51704064880988,61.51704064880988,61.51704064880988,61.51704064880988,61.51704064880988,0Lepton_2FJ,
WZ,2,2000.0,2500.0,3.415310353040695,0.6665928769264714,0.0,0.0,0.0,0.0,1.6237680900183824,146.13770167619305,14.331051744358705,-4.760000228881836,4.860000133514404,3314.996559329782,3441.6927131350094,-1.5360000133514404,1.5549999475479126,348.12052945462364,352.2907100572428,-0.8700000047683716,0.8939999938011169,348.12052945462364,352.2907100572428,223.23007842452827,7.474540523752163,0.0,0.0,0.0,0.0,1.6237680900183824,146.13770167619305,145.93760200720035,-1.4236684210256902,7.474540523752163,7.474540523752163,7.474540523752163,7.474540523752163,7.474540523752163,0Lepton_2FJ,
WZ,3,2500.0,3000.0,1.3098052777349949,0.4650351233339387,0.0,0.0,0.0,0.0,0.3570882323545959,122.19975169355766,11.195090679329459,-3.38100004196167,3.430999994277954,1402.1771120970077,1439.7372262030472,-1.5360000133514404,1.5549999475479126,290.1912588685896,295.5010401061189,-0.8700000047683716,0.8939999938011169,290.1912588685896,295.5010401061189,36.40899240034932,2.8784170650494194,0.0,0.0,0.0,0.0,0.3570882323545959,122.19975169355766,122.4514123399336,-0.6087488787305346,2.8784170650494194,2.8784170650494194,2.8784170650494194,2.8784170650494194,2.8784170650494194,0Lepton_2FJ,
WZ,4,3000.0,3500.0,0.2902390658855438,0.20523001165291718,0.0,0.0,0.0,0.0,0.13929663511701695,331.73410463265935,29.87409968563312,-1.565999984741211,1.5809999704360962,815.4083430449066,829.456309923655,-1.5360000133514404,1.5549999475479126,784.48644413492,802.3906182029857,-0.8700000047683716,0.8939999938011169,784.48644413492,802.3906182029857,10.670563338694937,1.532332711454587,0.0,0.0,0.0,0.0,0.13929663511701695,331.73410463265935,332.1125683273647,-0.5177603298223911,1.532332711454587,1.532332711454587,1.532332711454587,1.532332711454587,1.532332711454587,0Lepton_2FJ,
ZZ,1,1100.0,2000.0,41.649358920753,4.294930448995165,0.0,0.0,0.0,0.0,34.23972890742495,275.19600179517374,54.267134952860715,-10.300000190734863,10.600000381469727,26516.583434565153,27911.827085953657,-1.5360000133514404,1.5549999475479126,633.4934141937747,623.694474592846,-0.8700000047683716,0.8939999938011169,633.4934141937747,623.694474592846,15944.05550316352,61.51704064880988,0.0,0.0,0.0,0.0,34.23972890742495,275.19600179517374,248.8546467661375,-7.8983738783887105,61.51704064880988,61.51704064880988,61.51704064880988,61.51704064880988,61.51704064880988,0Lepton_2FJ,
ZZ,2,2000.0,2500.0,0.8726599365472794,0.7977463253252466,0.0,0.0,0.0,0.0,1.6237680900183824,146.13770167619305,14.331051744358705,-4.760000228881836,4.860000133514404,3314.996559329782,3441.6927131350094,-1.5360000133514404,1.5549999475479126,348.12052945462364,352.2907100572428,-0.8700000047683716,0.8939999938011169,348.12052945462364,352.2907100572428,223.23007842452827,7.474540523752163,0.0,0.0,0.0,0.0,1.6237680900183824,146.13770167619305,145.93760200720035,-1.4236684210256902,7.474540523752163,7.474540523752163,7.474540523752163,7.474540523752163,7.474540523752163,0Lepton_2FJ,
ZZ,3,2500.0,3000.0,0.24201802164316177,0.3619627147580751,0.0,0.0,0.0,0.0,0.3570882323545959,122.19975169355766,11.195090679329459,-3.38100004196167,3.430999994277954,1402.1771120970077,1439.7372262030472,-1.5360000133514404,1.5549999475479126,290.1912588685896,295.5010401061189,-0.8700000047683716,0.8939999938011169,290.1912588685896,295.5010401061189,36.40899240034932,2.8784170650494194,0.0,0.0,0.0,0.0,0.3570882323545959,122.19975169355766,122.4514123399336,-0.6087488787305346,2.8784170650494194,2.8784170650494194,2.8784170650494194,2.8784170650494194,2.8784170650494194,0Lepton_2FJ,
ZZ,4,3000.0,3500.0,0.6363779306411743,0.32309480335745283,0.0,0.0,0.0,0.0,0.13929663511701695,331.73410463265935,29.87409968563312,-1.565999984741211,1.5809999704360962,815.4083430449066,829.456309923655,-1.5360000133514404,1.5549999475479126,784.48644413492,802.3906182029857,-0.8700000047683716,0.8939999938011169,784.48644413492,802.3906182029857,10.670563338694937,1.532332711454587,0.0,0.0,0.0,0.0,0.13929663511701695,331.73410463265935,332.1125683273647,-0.5177603298223911,1.532332711454587,1.532332711454587,1.532332711454587,1.532332711454587,1.532332711454587,0Lepton_2FJ,
ttV,1,1100.0,2000.0,647.7339086846914,12.817594324412774,0.0,0.0,0.0,0.0,34.23972890742495,275.19600179517374,54.267134952860715,-10.300000190734863,10.600000381469727,26516.583434565153,27911.827085953657,-1.5360000133514404,1.5549999475479126,633.4934141937747,623.694474592846,-0.8700000047683716,0.8939999938011169,633.4934141937747,623.694474592846,15944.05550316352,61.51704064880988,0.0,0.0,0.0,0.0,34.23972890742495,275.19600179517374,248.8546467661375,-7.8983738783887105,61.51704064880988,61.51704064880988,61.51704064880988,61.51704064880988,61.51704064880988,0Lepton_2FJ,
ttV,2,2000.0,2500.0,22.16453070472926,2.464975181554063,0.0,0.0,0.0,0.0,1.6237680900183824,146.13770167619305,14.331051744358705,-4.760000228881836,4.860000133514404,3314.996559329782,3441.6927131350094,-1.5360000133514404,1.5549999475479126,348.12052945462364,352.2907100572428,-0.8700000047683716,0.8939999938011169,348.12052945462364,352.2907100572428,223.23007842452827,7.474540523752163,0.0,0.0,0.0,0.0,1.6237680900183824,146.13770167619305,145.93760200720035,-1.4236684210256902,7.474540523752163,7.474540523752163,7.474540523752163,7.474540523752163,7.474540523752163,0Lepton_2FJ,
ttV,3,2500.0,3000.0,4.144776146742515,1.0512916435193844,0.0,0.0,0.0,0.0,0.3570882323545959,122.19975169355766,11.195090679329459,-3.38100004196167,3.430999994277954,1402.1771120970077,1439.7372262030472,-1.5360000133514404,1.5549999475479126,290.1912588685896,295.5010401061189,-0.8700000047683716,0.8939999938011169,290.1912588685896,295.5010401061189,36.40899240034932,2.8784170650494194,0.0,0.0,0.0,0.0,0.3570882323545959,122.19975169355766,122.4514123399336,-0.6087488787305346,2.8784170650494194,2.8784170650494194,2.8784170650494194,2.8784170650494194,2.8784170650494194,0Lepton_2FJ,
ttV,4,3000.0,3500.0,1.0332567159784958,0.4997567314156581,0.0,0.0,0.0,0.0,0.13929663511701695,331.73410463265935,29.87409968563312,-1.565999984741211,1.5809999704360962,815.4083430449066,829.456309923655,-1.5360000133514404,1.5549999475479126,784.48644413492,802.3906182029857,-0.8700000047683716,0.8939999938011169,784.48644413492,802.3906182029857,10.670563338694937,1.532332711454587,0.0,0.0,0.0,0.0,0.13929663511701695,331.73410463265935,332.1125683273647,-0.5177603298223911,1.532332711454587,1.532332711454587,1.532332711454587,1.532332711454587,1.532332711454587,0Lepton_2FJ,
sm,1,1100.0,2000.0,34.23972890742495,0.0,0.0,0.0,0.0,0.0,34.23972890742495,275.19600179517374,54.267134952860715,-10.300000190734863,10.600000381469727,26516.583434565153,27911.827085953657,-1.5360000133514404,1.5549999475479126,633.4934141937747,623.694474592846,-0.8700000047683716,0.8939999938011169,633.4934141937747,623.694474592846,15944.05550316352,61.51704064880988,0.0,0.0,0.0,0.0,34.23972890742495,275.19600179517374,248.8546467661375,-7.8983738783887105,61.51704064880988,61.51704064880988,61.51704064880988,61.51704064880988,61.51704064880988,0Lepton_2FJ,
sm,2,2000.0,2500.0,1.6237680900183824,0.0,0.0,0.0,0.0,0.0,1.6237680900183824,146.13770167619305,14.331051744358705,-4.760000228881836,4.860000133514404,3314.996559329782,3441.6927131350094,-1.5360000133514404,1.5549999475479126,348.12052945462364,352.2907100572428,-0.8700000047683716,0.8939999938011169,348.12052945462364,352.2907100572428,223.23007842452827,7.474540523752163,0.0,0.0,0.0,0.0,1.6237680900183824,146.13770167619305,145.93760200720035,-1.4236684210256902,7.474540523752163,7.474540523752163,7.474540523752163,7.474540523752163,7.474540523752163,0Lepton_2FJ,
sm,3,2500.0,3000.0,0.3570882323545959,0.0,0.0,0.0,0.0,0.0,0.3570882323545959,122.19975169355766,11.195090679329459,-3.38100004196167,3.430999994277954,1402.1771120970077,1439.7372262030472,-1.5360000133514404,1.5549999475479126,290.1912588685896,295.5010401061189,-0.8700000047683716,0.8939999938011169,290.1912588685896,295.5010401061189,36.40899240034932,2.8784170650494194,0.0,0.0,0.0,0.0,0.3570882323545959,122.19975169355766,122.4514123399336,-0.6087488787305346,2.8784170650494194,2.8784170650494194,2.8784170650494194,2.8784170650494194,2.8784170650494194,0Lepton_2FJ,
sm,4,3000.0,3500.0,0.13929663511701695,0.0,0.0,0.0,0.0,0.0,0.13929663511701695,331.73410463265935,29.87409968563312,-1.565999984741211,1.5809999704360962,815.4083430449066,829.456309923655,-1.5360000133514404,1.5549999475479126,784.48644413492,802.3906182029857,-0.8700000047683716,0.8939999938011169,784.48644413492,802.3906182029857,10.670563338694937,1.532332711454587,0.0,0.0,0.0,0.0,0.13929663511701695,331.73410463265935,332.1125683273647,-0.5177603298223911,1.532332711454587,1.532332711454587,1.532332711454587,1.532332711454587,1.532332711454587,0Lepton_2FJ,
DY,1,1250.0,1500.0,8.320661306381226,0.7351518213830418,0.0,0.0,0.0,0.0,1.988961049874141,2.0366797146877014,1.9760870030215296,-18.299999237060547,19.0,46.84480664184852,47.17589679306676,-1.1929999589920044,1.2200000286102295,2.270770214035435,2.0819287851033916,-0.8700000047683716,0.8939999938011169,2.270770214035435,2.0819287851033916,381.60660485823826,11.369101877199862,0.0,0.0,0.0,0.0,1.988961049874141,2.0366797146877014,0.12947450617466366,-0.08175584136110325,11.369101877199862,11.369101877199862,11.369101877199862,11.369101877199862,11.369101877199862,0Lepton_3FJ,
DY,2,1500.0,1750.0,3.3459248691797256,0.476219655426643,0.0,0.0,0.0,0.0,1.3195511573378442,1.4558554647845947,1.3146693998488195,-10.699999809265137,11.100000381469727,27.148370804441527,27.268800329730933,-1.1929999589920044,1.2200000286102295,1.7271957870441559,1.5443447421866638,-0.8700000047683716,0.8939999938011169,1.7271957870441559,1.5443447421866638,126.43120458709261,6.2251877584937185,0.0,0.0,0.0,0.0,1.3195511573378442,1.4558554647845947,0.21796690344309452,-0.08166259599634396,6.2251877584937185,6.2251877584937185,6.2251877584937185,6.2251877584937185,6.2251877584937185,0Lepton_3FJ,
DY,3,1750.0,2000.0,1.3090158626437187,0.2979331948577186,0.0,0.0,0.0,0.0,0.8739811416145821,1.086002435050783,0.8777615388098997,-7.099999904632568,7.360000133514404,15.752404484290828,15.769842700116365,-1.1929999589920044,1.2200000286102295,1.3663715586229772,1.20911045141089,-0.8700000047683716,0.8939999938011169,1.3663715586229772,1.20911045141089,38.78018480147977,3.3468417166640694,0.0,0.0,0.0,0.0,0.8739811416145821,1.086002435050783,0.2848856706454413,-0.07286437720924022,3.3468417166640694,3.3468417166640694,3.3468417166640694,3.3468417166640694,3.3468417166640694,0Lepton_3FJ,
DY,4,2000.0,2250.0,0.7574682086706161,0.22251609053398394,0.0,0.0,0.0,0.0,0.270426612693366,0.5601156607582082,0.28542020200121937,-5.25,5.400000095367432,9.985984909040322,9.971204261116437,-1.1929999589920044,1.2200000286102295,0.8207448839208054,0.7157590964904614,-0.8700000047683716,0.8939999938011169,0.8207448839208054,0.7157590964904614,14.947908320243,2.1245039294522594,0.0,0.0,0.0,0.0,0.270426612693366,0.5601156607582082,0.34244345291237727,-0.052754404847535075,2.1245039294522594,2.1245039294522594,2.1245039294522594,2.1245039294522594,2.1245039294522594,0Lepton_3FJ,
DY,5,2250.0,2500.0,0.15906842052936554,0.1124783588289478,0.0,0.0,0.0,0.0,0.16235993529314968,0.47823830010295676,0.18226225193138307,-4.070000171661377,4.190000057220459,6.232703245159661,6.250662781730114,-1.1929999589920044,1.2200000286102295,0.7181623467401115,0.6434112981268953,-0.8700000047683716,0.8939999938011169,0.7181623467401115,0.6434112981268953,4.8930145730533265,1.2263962666619492,0.0,0.0,0.0,0.0,0.16235993529314968,0.47823830010295676,0.35648187049861296,-0.040603505688805885,1.2263962666619492,1.2263962666619492,1.2263962666619492,1.2263962666619492,1.2263962666619492,0Lepton_3FJ,
DY,6,2500.0,4000.0,0.13632303848862648,0.09772748647885791,0.0,0.0,0.0,0.0,0.1856274423936737,4.2492113450330695,0.5291981062103941,-1.1990000009536743,1.225000023841858,6.305562060359408,6.312617629542753,-1.1929999589920044,1.2200000286102295,6.245094247958611,6.262178232929953,-0.8700000047683716,0.8939999938011169,6.245094247958611,6.262178232929953,5.03093432407468,1.1822449825897272,0.0,0.0,0.0,0.0,0.1856274423936737,4.2492113450330695,4.169069080833801,-0.10548517819440553,1.1822449825897272,1.1822449825897272,1.1822449825897272,1.1822449825897272,1.1822449825897272,0Lepton_3FJ,
QCD,1,1250.0,1500.0,245.37664900545514,10.478759414984793,0.0,0.0,0.0,0.0,1.988961049874141,2.0366797146877014,1.9760870030215296,-18.299999237060547,19.0,46.84480664184852,47.17589679306676,-1.1929999589920044,1.2200000286102295,2.270770214035435,2.0819287851033916,-0.8700000047683716,0.8939999938011169,2.270770214035435,2.0819287851033916,381.60660485823826,11.369101877199862,0.0,0.0,0.0,0.0,1.988961049874141,2.0366797146877014,0.12947450617466366,-0.08175584136110325,11.369101877199862,11.369101877199862,11.369101877199862,11.369101877199862,11.369101877199862,0Lepton_3FJ,
QCD,2,1500.0,1750.0,78.02144186321715,5.63038002359732,0.0,0.0,0.0,0.0,1.3195511573378442,1.4558554647845947,1.3146693998488195,-10.699999809265137,11.100000381469727,27.148370804441527,27.268800329730933,-1.1929999589920044,1.2200000286102295,1.7271957870441559,1.5443447421866638,-0.8700000047683716,0.8939999938011169,1.7271957870441559,1.5443447421866638,126.43120458709261,6.2251877584937185,0.0,0.0,0.0,0.0,1.3195511573378442,1.4558554647845947,0.21796690344309452,-0.08166259599634396,6.2251877584937185,6.2251877584937185,6.2251877584937185,6.2251877584937185,6.2251877584937185,0Lepton_3FJ,
QCD,3,1750.0,2000.0,20.258951745973658,2.923942895311534,0.0,0.0,0.0,0.0,0.8739811416145821,1.086002435050783,0.8777615388098997,-7.099999904632568,7.360000133514404,15.752404484290828,15.769842700116365,-1.1929999589920044,1.2200000286102295,1.3663715586229772,1.20911045141089,-0.8700000047683716,0.8939999938011169,1.3663715586229772,1.20911045141089,38.78018480147977,3.3468417166640694,0.0,0.0,0.0,0.0,0.8739811416145821,1.086002435050783,0.2848856706454413,-0.07286437720924022,3.3468417166640694,3.3468417166640694,3.3468417166640694,3.3468417166640694,3.3468417166640694,0Lepton_3FJ,
QCD,4,2000.0,2250.0,7.521946365392397,1.8300113419270347,0.0,0.0,0.0,0.0,0.270426612693366,0.5601156607582082,0.28542020200121937,-5.25,5.400000095367432,9.985984909040322,9.971204261116437,-1.1929999589920044,1.2200000286102295,0.8207448839208054,0.7157590964904614,-0.8700000047683716,0.8939999938011169,0.8207448839208054,0.7157590964904614,14.947908320243,2.1245039294522594,0.0,0.0,0.0,0.0,0.270426612693366,0.5601156607582082,0.34244345291237727,-0.052754404847535075,2.1245039294522594,2.1245039294522594,2.1245039294522594,2.1245039294522594,2.1245039294522594,0Lepton_3FJ,
QCD,5,2250.0,2500.0,2.199576611595854,1.0753814024008017,0.0,0.0,0.0,0.0,0.16235993529314968,0.47823830010295676,0.18226225193138307,-4.070000171661377,4.190000057220459,6.232703245159661,6.250662781730114,-1.1929999589920044,1.2200000286102295,0.7181623467401115,0.6434112981268953,-0.8700000047683716,0.8939999938011169,0.7181623467401115,0.6434112981268953,4.8930145730533265,1.2263962666619492,0.0,0.0,0.0,0.0,0.16235993529314968,0.47823830010295676,0.35648187049861296,-0.040603505688805885,1.2263962666619492,1.2263962666619492,1.2263962666619492,1.2263962666619492,1.2263962666619492,0Lepton_3FJ,
QCD,6,2500.0,4000.0,1.3755239680097822,0.8643356740608688,0.0,0.0,0.0,0.0,0.1856274423936737,4.2492113450330695,0.5291981062103941,-1.1990000009536743,1.225000023841858,6.305562060359408,6.312617629542753,-1.1929999589920044,1.2200000286102295,6.245094247958611,6.262178232929953,-0.8700000047683716,0.8939999938011169,6.245094247958611,6.262178232929953,5.03093432407468,1.1822449825897272,0.0,0.0,0.0,0.0,0.1856274423936737,4.2492113450330695,4.169069080833801,-0.10548517819440553,1.1822449825897272,1.1822449825897272,1.1822449825897272,1.1822449825897272,1.1822449825897272,0Lepton_3FJ,
TTbar,1,1250.0,1500.0,63.42934338003397,2.6733973013644996,0.0,0.0,0.0,0.0,1.988961049874141,2.0366797146877014,1.9760870030215296,-18.299999237060547,19.0,46.84480664184852,47.17589679306676,-1.1929999589920044,1.2200000286102295,2.270770214035435,2.0819287851033916,-0.8700000047683716,0.8939999938011169,2.270770214035435,2.0819287851033916,381.60660485823826,11.369101877199862,0.0,0.0,0.0,0.0,1.988961049874141,2.0366797146877014,0.12947450617466366,-0.08175584136110325,11.369101877199862,11.369101877199862,11.369101877199862,11.369101877199862,11.369101877199862,0Lepton_3FJ,
TTbar,2,1500.0,1750.0,16.533486746251583,1.3756392681012872,0.0,0.0,0.0,0.0,1.3195511573378442,1.4558554647845947,1.3146693998488195,-10.699999809265137,11.100000381469727,27.148370804441527,27.268800329730933,-1.1929999589920044,1.2200000286102295,1.7271957870441559,1.5443447421866638,-0.8700000047683716,0.8939999938011169,1.7271957870441559,1.5443447421866638,126.43120458709261,6.2251877584937185,0.0,0.0,0.0,0.0,1.3195511573378442,1.4558554647845947,0.21796690344309452,-0.08166259599634396,6.2251877584937185,6.2251877584937185,6.2251877584937185,6.2251877584937185,6.2251877584937185,0Lepton_3FJ,
TTbar,3,1750.0,2000.0,5.671124301850796,0.803730906458453,0.0,0.0,0.0,0.0,0.8739811416145821,1.086002435050783,0.8777615388098997,-7.099999904632568,7.360000133514404,15.752404484290828,15.769842700116365,-1.1929999589920044,1.2200000286102295,1.3663715586229772,1.20911045141089,-0.8700000047683716,0.8939999938011169,1.3663715586229772,1.20911045141089,38.78018480147977,3.3468417166640694,0.0,0.0,0.0,0.0,0.8739811416145821,1.086002435050783,0.2848856706454413,-0.07286437720924022,3.3468417166640694,3.3468417166640694,3.3468417166640694,3.3468417166640694,3.3468417166640694,0Lepton_3FJ,
TTbar,4,2000.0,2250.0,2.08247684314847,0.4504608293337196,0.0,0.0,0.0,0.0,0.270426612693366,0.5601156607582082,0.28542020200121937,-5.25,5.400000095367432,9.985984909040322,9.971204261116437,-1.1929999589920044,1.2200000286102295,0.8207448839208054,0.7157590964904614,-0.8700000047683716,0.8939999938011169,0.8207448839208054,0.7157590964904614,14.947908320243,2.1245039294522594,0.0,0.0,0.0,0.0,0.270426612693366,0.5601156607582082,0.34244345291237727,-0.052754404847535075,2.1245039294522594,2.1245039294522594,2.1245039294522594,2.1245039294522594,2.1245039294522594,0Lepton_3FJ,
TTbar,5,2250.0,2500.0,0.6132752634584904,0.2524085953152234,0.0,0.0,0.0,0.0,0.16235993529314968,0.47823830010295676,0.18226225193138307,-4.070000171661377,4.190000057220459,6.232703245159661,6.250662781730114,-1.1929999589920044,1.2200000286102295,0.7181623467401115,0.6434112981268953,-0.8700000047683716,0.8939999938011169,0.7181623467401115,0.6434112981268953,4.8930145730533265,1.2263962666619492,0.0,0.0,0.0,0.0,0.16235993529314968,0.47823830010295676,0.35648187049861296,-0.040603505688805885,1.2263962666619492,1.2263962666619492,1.2263962666619492,1.2263962666619492,1.2263962666619492,0Lepton_3FJ,
TTbar,6,2500.0,4000.0,0.433292992413044,0.22852263218319321,0.0,0.0,0.0,0.0,0.1856274423936737,4.2492113450330695,0.5291981062103941,-1.1990000009536743,1.225000023841858,6.305562060359408,6.312617629542753,-1.1929999589920044,1.2200000286102295,6.245094247958611,6.262178232929953,-0.8700000047683716,0.8939999938011169,6.245094247958611,6.262178232929953,5.03093432407468,1.1822449825897272,0.0,0.0,0.0,0.0,0.1856274423936737,4.2492113450330695,4.169069080833801,-0.10548517819440553,1.1822449825897272,1.1822449825897272,1.1822449825897272,1.1822449825897272,1.1822449825897272,0Lepton_3FJ,
WJets,1,1250.0,1500.0,19.29809100739658,1.339900722692111,0.0,0.0,0.0,0.0,1.988961049874141,2.0366797146877014,1.9760870030215296,-18.299999237060547,19.0,46.84480664184852,47.17589679306676,-1.1929999589920044,1.2200000286102295,2.270770214035435,2.0819287851033916,-0.8700000047683716,0.8939999938011169,2.270770214035435,2.0819287851033916,381.60660485823826,11.369101877199862,0.0,0.0,0.0,0.0,1.988961049874141,2.0366797146877014,0.12947450617466366,-0.08175584136110325,11.369101877199862,11.369101877199862,11.369101877199862,11.369101877199862,11.369101877199862,0Lepton_3FJ,
WJets,2,1500.0,1750.0,8.487073187716305,0.9006274979247081,0.0,0.0,0.0,0.0,1.3195511573378442,1.4558554647845947,1.3146693998488195,-10.699999809265137,11.100000381469727,27.148370804441527,27.268800329730933,-1.1929999589920044,1.2200000286102295,1.7271957870441559,1.5443447421866638,-0.8700000047683716,0.8939999938011169,1.7271957870441559,1.5443447421866638,126.43120458709261,6.2251877584937185,0.0,0.0,0.0,0.0,1.3195511573378442,1.4558554647845947,0.21796690344309452,-0.08166259599634396,6.2251877584937185,6.2251877584937185,6.2251877584937185,6.2251877584937185,6.2251877584937185,0Lepton_3FJ,
WJets,3,1750.0,2000.0,3.108623112886562,0.5360851946530797,0.0,0.0,0.0,0.0,0.8739811416145821,1.086002435050783,0.8777615388098997,-7.099999904632568,7.360000133514404,15.752404484290828,15.769842700116365,-1.1929999589920044,1.2200000286102295,1.3663715586229772,1.20911045141089,-0.8700000047683716,0.8939999938011169,1.3663715586229772,1.20911045141089,38.78018480147977,3.3468417166640694,0.0,0.0,0.0,0.0,0.8739811416145821,1.086002435050783,0.2848856706454413,-0.07286437720924022,3.3468417166640694,3.3468417166640694,3.3468417166640694,3.3468417166640694,3.3468417166640694,0Lepton_3FJ,
WJets,4,2000.0,2250.0,0.9209651717537781,0.29780640665170466,0.0,0.0,0.0,0.0,0.270426612693366,0.5601156607582082,0.28542020200121937,-5.25,5.400000095367432,9.985984909040322,9.971204261116437,-1.1929999589920044,1.2200000286102295,0.8207448839208054,0.7157590964904614,-0.8700000047683716,0.8939999938011169,0.8207448839208054,0.7157590964904614,14.947908320243,2.1245039294522594,0.0,0.0,0.0,0.0,0.270426612693366,0.5601156607582082,0.34244345291237727,-0.052754404847535075,2.1245039294522594,2.1245039294522594,2.1245039294522594,2.1245039294522594,2.1245039294522594,0Lepton_3FJ,
WJets,5,2250.0,2500.0,0.6850190060213208,0.23800091073381033,0.0,0.0,0.0,0.0,0.16235993529314968,0.47823830010295676,0.18226225193138307,-4.070000171661377,4.190000057220459,6.232703245159661,6.250662781730114,-1.1929999589920044,1.2200000286102295,0.7181623467401115,0.6434112981268953,-0.8700000047683716,0.8939999938011169,0.7181623467401115,0.6434112981268953,4.8930145730533265,1.2263962666619492,0.0,0.0,0.0,0.0,0.16235993529314968,0.47823830010295676,0.35648187049861296,-0.040603505688805885,1.2263962666619492,1.2263962666619492,1.2263962666619492,1.2263962666619492,1.2263962666619492,0Lepton_3FJ,
WJets,6,2500.0,4000.0,0.6682098987366771,0.26200654062138445,0.0,0.0,0.0,0.0,0.1856274423936737,4.2492113450330695,0.5291981062103941,-1.1990000009536743,1.225000023841858,6.305562060359408,6.312617629542753,-1.1929999589920044,1.2200000286102295,6.245094247958611,6.262178232929953,-0.8700000047683716,0.8939999938011169,6.245094247958611,6.262178232929953,5.03093432407468,1.1822449825897272,0.0,0.0,0.0,0.0,0.1856274423936737,4.2492113450330695,4.169069080833801,-0.10548517819440553,1.1822449825897272,1.1822449825897272,1.1822449825897272,1.1822449825897272,1.1822449825897272,0Lepton_3FJ,
WW,1,1250.0,1500.0,4.261055842041969,0.9088461159774744,0.0,0.0,0.0,0.0,1.988961049874141,2.0366797146877014,1.9760870030215296,-18.299999237060547,19.0,46.84480664184852,47.17589679306676,-1.1929999589920044,1.2200000286102295,2.270770214035435,2.0819287851033916,-0.8700000047683716,0.8939999938011169,2.270770214035435,2.0819287851033916,381.60660485823826,11.369101877199862,0.0,0.0,0.0,0.0,1.988961049874141,2.0366797146877014,0.12947450617466366,-0.08175584136110325,11.369101877199862,11.369101877199862,11.369101877199862,11.369101877199862,11.369101877199862,0Lepton_3FJ,
WW,2,1500.0,1750.0,2.6592157408595085,0.642700720960802,0.0,0.0,0.0,0.0,1.3195511573378442,1.4558554647845947,1.3146693998488195,-10.699999809265137,11.100000381469727,27.148370804441527,27.268800329730933,-1.1929999589920044,1.2200000286102295,1.7271957870441559,1.5443447421866638,-0.8700000047683716,0.8939999938011169,1.7271957870441559,1.5443447421866638,126.43120458709261,6.2251877584937185,0.0,0.0,0.0,0.0,1.3195511573378442,1.4558554647845947,0.21796690344309452,-0.08166259599634396,6.2251877584937185,6.2251877584937185,6.2251877584937185,6.2251877584937185,6.2251877584937185,0Lepton_3FJ,
WW,3,1750.0,2000.0,0.9926059022545815,0.3561083535351449,0.0,0.0,0.0,0.0,0.8739811416145821,1.086002435050783,0.8777615388098997,-7.099999904632568,7.360000133514404,15.752404484290828,15.769842700116365,-1.1929999589920044,1.2200000286102295,1.3663715586229772,1.20911045141089,-0.8700000047683716,0.8939999938011169,1.3663715586229772,1.20911045141089,38.78018480147977,3.3468417166640694,0.0,0.0,0.0,0.0,0.8739811416145821,1.086002435050783,0.2848856706454413,-0.07286437720924022,3.3468417166640694,3.3468417166640694,3.3468417166640694,3.3468417166640694,3.3468417166640694,0Lepton_3FJ,
WW,4,2000.0,2250.0,0.22619789093732834,0.26125068517446853,0.0,0.0,0.0,0.0,0.270426612693366,0.5601156607582082,0.28542020200121937,-5.25,5.400000095367432,9.985984909040322,9.971204261116437,-1.1929999589920044,1.2200000286102295,0.8207448839208054,0.7157590964904614,-0.8700000047683716,0.8939999938011169,0.8207448839208054,0.7157590964904614,14.947908320243,2.1245039294522594,0.0,0.0,0.0,0.0,0.270426612693366,0.5601156607582082,0.34244345291237727,-0.052754404847535075,2.1245039294522594,2.1245039294522594,2.1245039294522594,2.1245039294522594,2.1245039294522594,0Lepton_3FJ,
WW,5,2250.0,2500.0,0.12879902124404907,0.12879902124404907,0.0,0.0,0.0,0.0,0.16235993529314968,0.47823830010295676,0.18226225193138307,-4.070000171661377,4.190000057220459,6.232703245159661,6.250662781730114,-1.1929999589920044,1.2200000286102295,0.7181623467401115,0.6434112981268953,-0.8700000047683716,0.8939999938011169,0.7181623467401115,0.6434112981268953,4.8930145730533265,1.2263962666619492,0.0,0.0,0.0,0.0,0.16235993529314968,0.47823830010295676,0.35648187049861296,-0.040603505688805885,1.2263962666619492,1.2263962666619492,1.2263962666619492,1.2263962666619492,1.2263962666619492,0Lepton_3FJ,
WW,6,2500.0,4000.0,0.2858474627137184,0.17029521881579282,0.0,0.0,0.0,0.0,0.1856274423936737,4.2492113450330695,0.5291981062103941,-1.1990000009536743,1.225000023841858,6.305562060359408,6.312617629542753,-1.1929999589920044,1.2200000286102295,6.245094247958611,6.262178232929953,-0.8700000047683716,0.8939999938011169,6.245094247958611,6.262178232929953,5.03093432407468,1.1822449825897272,0.0,0.0,0.0,0.0,0.1856274423936737,4.2492113450330695,4.169069080833801,-0.10548517819440553,1.1822449825897272,1.1822449825897272,1.1822449825897272,1.1822449825897272,1.1822449825897272,0Lepton_3FJ,
WZ,1,1250.0,1500.0,0.19025547802448273,0.10998135364958891,0.0,0.0,0.0,0.0,1.988961049874141,2.0366797146877014,1.9760870030215296,-18.299999237060547,19.0,46.84480664184852,47.17589679306676,-1.1929999589920044,1.2200000286102295,2.270770214035435,2.0819287851033916,-0.8700000047683716,0.8939999938011169,2.270770214035435,2.0819287851033916,381.60660485823826,11.369101877199862,0.0,0.0,0.0,0.0,1.988961049874141,2.0366797146877014,0.12947450617466366,-0.08175584136110325,11.369101877199862,11.369101877199862,11.369101877199862,11.369101877199862,11.369101877199862,0Lepton_3FJ,
WZ,2,1500.0,1750.0,0.06790421158075333,0.06790421158075333,0.0,0.0,0.0,0.0,1.3195511573378442,1.4558554647845947,1.3146693998488195,-10.699999809265137,11.100000381469727,27.148370804441527,27.268800329730933,-1.1929999589920044,1.2200000286102295,1.7271957870441559,1.5443447421866638,-0.8700000047683716,0.8939999938011169,1.7271957870441559,1.5443447421866638,126.43120458709261,6.2251877584937185,0.0,0.0,0.0,0.0,1.3195511573378442,1.4558554647845947,0.21796690344309452,-0.08166259599634396,6.2251877584937185,6.2251877584937185,6.2251877584937185,6.2251877584937185,6.2251877584937185,0Lepton_3FJ,
WZ,3,1750.0,2000.0,0.0,0.0,0.0,0.0,0.0,0.0,0.8739811416145821,1.086002435050783,0.8777615388098997,-7.099999904632568,7.360000133514404,15.752404484290828,15.769842700116365,-1.1929999589920044,1.2200000286102295,1.3663715586229772,1.20911045141089,-0.8700000047683716,0.8939999938011169,1.3663715586229772,1.20911045141089,38.78018480147977,3.3468417166640694,0.0,0.0,0.0,0.0,0.8739811416145821,1.086002435050783,0.2848856706454413,-0.07286437720924022,3.3468417166640694,3.3468417166640694,3.3468417166640694,3.3468417166640694,3.3468417166640694,0Lepton_3FJ,
WZ,4,2000.0,2250.0,0.20797331631183624,0.20797331631183624,0.0,0.0,0.0,0.0,0.270426612693366,0.5601156607582082,0.28542020200121937,-5.25,5.400000095367432,9.985984909040322,9.971204261116437,-1.1929999589920044,1.2200000286102295,0.8207448839208054,0.7157590964904614,-0.8700000047683716,0.8939999938011169,0.8207448839208054,0.7157590964904614,14.947908320243,2.1245039294522594,0.0,0.0,0.0,0.0,0.270426612693366,0.5601156607582082,0.34244345291237727,-0.052754404847535075,2.1245039294522594,2.1245039294522594,2.1245039294522594,2.1245039294522594,2.1245039294522594,0Lepton_3FJ,
WZ,5,2250.0,2500.0,0.1451195329427719,0.1451195329427719,0.0,0.0,0.0,0.0,0.16235993529314968,0.47823830010295676,0.18226225193138307,-4.070000171661377,4.190000057220459,6.232703245159661,6.250662781730114,-1.1929999589920044,1.2200000286102295,0.7181623467401115,0.6434112981268953,-0.8700000047683716,0.8939999938011169,0.7181623467401115,0.6434112981268953,4.8930145730533265,1.2263962666619492,0.0,0.0,0.0,0.0,0.16235993529314968,0.47823830010295676,0.35648187049861296,-0.040603505688805885,1.2263962666619492,1.2263962666619492,1.2263962666619492,1.2263962666619492,1.2263962666619492,0Lepton_3FJ,
WZ,6,2500.0,4000.0,0.20797331631183624,0.20797331631183624,0.0,0.0,0.0,0.0,0.1856274423936737,4.2492113450330695,0.5291981062103941,-1.1990000009536743,1.225000023841858,6.305562060359408,6.312617629542753,-1.1929999589920044,1.2200000286102295,6.245094247958611,6.262178232929953,-0.8700000047683716,0.8939999938011169,6.245094247958611,6.262178232929953,5.03093432407468,1.1822449825897272,0.0,0.0,0.0,0.0,0.1856274423936737,4.2492113450330695,4.169069080833801,-0.10548517819440553,1.1822449825897272,1.1822449825897272,1.1822449825897272,1.1822449825897272,1.1822449825897272,0Lepton_3FJ,
ZZ,1,1250.0,1500.0,0.6529859751462936,0.299711496187275,0.0,0.0,0.0,0.0,1.988961049874141,2.0366797146877014,1.9760870030215296,-18.299999237060547,19.0,46.84480664184852,47.17589679306676,-1.1929999589920044,1.2200000286102295,2.270770214035435,2.0819287851033916,-0.8700000047683716,0.8939999938011169,2.270770214035435,2.0819287851033916,381.60660485823826,11.369101877199862,0.0,0.0,0.0,0.0,1.988961049874141,2.0366797146877014,0.12947450617466366,-0.08175584136110325,11.369101877199862,11.369101877199862,11.369101877199862,11.369101877199862,11.369101877199862,0Lepton_3FJ,
ZZ,2,1500.0,1750.0,0.18713924288749695,0.18713924288749695,0.0,0.0,0.0,0.0,1.3195511573378442,1.4558554647845947,1.3146693998488195,-10.699999809265137,11.100000381469727,27.148370804441527,27.268800329730933,-1.1929999589920044,1.2200000286102295,1.7271957870441559,1.5443447421866638,-0.8700000047683716,0.8939999938011169,1.7271957870441559,1.5443447421866638,126.43120458709261,6.2251877584937185,0.0,0.0,0.0,0.0,1.3195511573378442,1.4558554647845947,0.21796690344309452,-0.08166259599634396,6.2251877584937185,6.2251877584937185,6.2251877584937185,6.2251877584937185,6.2251877584937185,0Lepton_3FJ,
ZZ,3,1750.0,2000.0,0.5480807796120644,0.280752347980814,0.0,0.0,0.0,0.0,0.8739811416145821,1.086002435050783,0.8777615388098997,-7.099999904632568,7.360000133514404,15.752404484290828,15.769842700116365,-1.1929999589920044,1.2200000286102295,1.3663715586229772,1.20911045141089,-0.8700000047683716,0.8939999938011169,1.3663715586229772,1.20911045141089,38.78018480147977,3.3468417166640694,0.0,0.0,0.0,0.0,0.8739811416145821,1.086002435050783,0.2848856706454413,-0.07286437720924022,3.3468417166640694,3.3468417166640694,3.3468417166640694,3.3468417166640694,3.3468417166640694,0Lepton_3FJ,
ZZ,4,2000.0,2250.0,0.0,0.0,0.0,0.0,0.0,0.0,0.270426612693366,0.5601156607582082,0.28542020200121937,-5.25,5.400000095367432,9.985984909040322,9.971204261116437,-1.1929999589920044,1.2200000286102295,0.8207448839208054,0.7157590964904614,-0.8700000047683716,0.8939999938011169,0.8207448839208054,0.7157590964904614,14.947908320243,2.1245039294522594,0.0,0.0,0.0,0.0,0.270426612693366,0.5601156607582082,0.34244345291237727,-0.052754404847535075,2.1245039294522594,2.1245039294522594,2.1245039294522594,2.1245039294522594,2.1245039294522594,0Lepton_3FJ,
ZZ,5,2250.0,2500.0,0.1310497224330902,0.1310497224330902,0.0,0.0,0.0,0.0,0.16235993529314968,0.47823830010295676,0.18226225193138307,-4.070000171661377,4.190000057220459,6.232703245159661,6.250662781730114,-1.1929999589920044,1.2200000286102295,0.7181623467401115,0.6434112981268953,-0.8700000047683716,0.8939999938011169,0.7181623467401115,0.6434112981268953,4.8930145730533265,1.2263962666619492,0.0,0.0,0.0,0.0,0.16235993529314968,0.47823830010295676,0.35648187049861296,-0.040603505688805885,1.2263962666619492,1.2263962666619492,1.2263962666619492,1.2263962666619492,1.2263962666619492,0Lepton_3FJ,
ZZ,6,2500.0,4000.0,0.0,0.0,0.0,0.0,0.0,0.0,0.1856274423936737,4.2492113450330695,0.5291981062103941,-1.1990000009536743,1.225000023841858,6.305562060359408,6.312617629542753,-1.1929999589920044,1.2200000286102295,6.245094247958611,6.262178232929953,-0.8700000047683716,0.8939999938011169,6.245094247958611,6.262178232929953,5.03093432407468,1.1822449825897272,0.0,0.0,0.0,0.0,0.1856274423936737,4.2492113450330695,4.169069080833801,-0.10548517819440553,1.1822449825897272,1.1822449825897272,1.1822449825897272,1.1822449825897272,1.1822449825897272,0Lepton_3FJ,
ttV,1,1250.0,1500.0,38.08860181388445,3.006878646918696,0.0,0.0,0.0,0.0,1.988961049874141,2.0366797146877014,1.9760870030215296,-18.299999237060547,19.0,46.84480664184852,47.17589679306676,-1.1929999589920044,1.2200000286102295,2.270770214035435,2.0819287851033916,-0.8700000047683716,0.8939999938011169,2.270770214035435,2.0819287851033916,381.60660485823826,11.369101877199862,0.0,0.0,0.0,0.0,1.988961049874141,2.0366797146877014,0.12947450617466366,-0.08175584136110325,11.369101877199862,11.369101877199862,11.369101877199862,11.369101877199862,11.369101877199862,0Lepton_3FJ,
ttV,2,1500.0,1750.0,15.809467568062246,1.9154082273235655,0.0,0.0,0.0,0.0,1.3195511573378442,1.4558554647845947,1.3146693998488195,-10.699999809265137,11.100000381469727,27.148370804441527,27.268800329730933,-1.1929999589920044,1.2200000286102295,1.7271957870441559,1.5443447421866638,-0.8700000047683716,0.8939999938011169,1.7271957870441559,1.5443447421866638,126.43120458709261,6.2251877584937185,0.0,0.0,0.0,0.0,1.3195511573378442,1.4558554647845947,0.21796690344309452,-0.08166259599634396,6.2251877584937185,6.2251877584937185,6.2251877584937185,6.2251877584937185,6.2251877584937185,0Lepton_3FJ,
ttV,3,1750.0,2000.0,6.017801954643801,1.1933723167917725,0.0,0.0,0.0,0.0,0.8739811416145821,1.086002435050783,0.8777615388098997,-7.099999904632568,7.360000133514404,15.752404484290828,15.769842700116365,-1.1929999589920044,1.2200000286102295,1.3663715586229772,1.20911045141089,-0.8700000047683716,0.8939999938011169,1.3663715586229772,1.20911045141089,38.78018480147977,3.3468417166640694,0.0,0.0,0.0,0.0,0.8739811416145821,1.086002435050783,0.2848856706454413,-0.07286437720924022,3.3468417166640694,3.3468417166640694,3.3468417166640694,3.3468417166640694,3.3468417166640694,0Lepton_3FJ,
ttV,4,2000.0,2250.0,2.9604539113352075,0.8437734226208373,0.0,0.0,0.0,0.0,0.270426612693366,0.5601156607582082,0.28542020200121937,-5.25,5.400000095367432,9.985984909040322,9.971204261116437,-1.1929999589920044,1.2200000286102295,0.8207448839208054,0.7157590964904614,-0.8700000047683716,0.8939999938011169,0.8207448839208054,0.7157590964904614,14.947908320243,2.1245039294522594,0.0,0.0,0.0,0.0,0.270426612693366,0.5601156607582082,0.34244345291237727,-0.052754404847535075,2.1245039294522594,2.1245039294522594,2.1245039294522594,2.1245039294522594,2.1245039294522594,0Lepton_3FJ,
ttV,5,2250.0,2500.0,0.6687470595352352,0.3997171901283801,0.0,0.0,0.0,0.0,0.16235993529314968,0.47823830010295676,0.18226225193138307,-4.070000171661377,4.190000057220459,6.232703245159661,6.250662781730114,-1.1929999589920044,1.2200000286102295,0.7181623467401115,0.6434112981268953,-0.8700000047683716,0.8939999938011169,0.7181623467401115,0.6434112981268953,4.8930145730533265,1.2263962666619492,0.0,0.0,0.0,0.0,0.16235993529314968,0.47823830010295676,0.35648187049861296,-0.040603505688805885,1.2263962666619492,1.2263962666619492,1.2263962666619492,1.2263962666619492,1.2263962666619492,0Lepton_3FJ,
ttV,6,2500.0,4000.0,1.7381362050073221,0.6692929083691764,0.0,0.0,0.0,0.0,0.1856274423936737,4.2492113450330695,0.5291981062103941,-1.1990000009536743,1.225000023841858,6.305562060359408,6.312617629542753,-1.1929999589920044,1.2200000286102295,6.245094247958611,6.262178232929953,-0.8700000047683716,0.8939999938011169,6.245094247958611,6.262178232929953,5.03093432407468,1.1822449825897272,0.0,0.0,0.0,0.0,0.1856274423936737,4.2492113450330695,4.169069080833801,-0.10548517819440553,1.1822449825897272,1.1822449825897272,1.1822449825897272,1.1822449825897272,1.1822449825897272,0Lepton_3FJ,
sm,1,1250.0,1500.0,1.988961049874141,0.0,0.0,0.0,0.0,0.0,1.988961049874141,2.0366797146877014,1.9760870030215296,-18.299999237060547,19.0,46.84480664184852,47.17589679306676,-1.1929999589920044,1.2200000286102295,2.270770214035435,2.0819287851033916,-0.8700000047683716,0.8939999938011169,2.270770214035435,2.0819287851033916,381.60660485823826,11.369101877199862,0.0,0.0,0.0,0.0,1.988961049874141,2.0366797146877014,0.12947450617466366,-0.08175584136110325,11.369101877199862,11.369101877199862,11.369101877199862,11.369101877199862,11.369101877199862,0Lepton_3FJ,
sm,2,1500.0,1750.0,1.3195511573378442,0.0,0.0,0.0,0.0,0.0,1.3195511573378442,1.4558554647845947,1.3146693998488195,-10.699999809265137,11.100000381469727,27.148370804441527,27.268800329730933,-1.1929999589920044,1.2200000286102295,1.7271957870441559,1.5443447421866638,-0.8700000047683716,0.8939999938011169,1.7271957870441559,1.5443447421866638,126.43120458709261,6.2251877584937185,0.0,0.0,0.0,0.0,1.3195511573378442,1.4558554647845947,0.21796690344309452,-0.08166259599634396,6.2251877584937185,6.2251877584937185,6.2251877584937185,6.2251877584937185,6.2251877584937185,0Lepton_3FJ,
sm,3,1750.0,2000.0,0.8739811416145821,0.0,0.0,0.0,0.0,0.0,0.8739811416145821,1.086002435050783,0.8777615388098997,-7.099999904632568,7.360000133514404,15.752404484290828,15.769842700116365,-1.1929999589920044,1.2200000286102295,1.3663715586229772,1.20911045141089,-0.8700000047683716,0.8939999938011169,1.3663715586229772,1.20911045141089,38.78018480147977,3.3468417166640694,0.0,0.0,0.0,0.0,0.8739811416145821,1.086002435050783,0.2848856706454413,-0.07286437720924022,3.3468417166640694,3.3468417166640694,3.3468417166640694,3.3468417166640694,3.3468417166640694,0Lepton_3FJ,
sm,4,2000.0,2250.0,0.270426612693366,0.0,0.0,0.0,0.0,0.0,0.270426612693366,0.5601156607582082,0.28542020200121937,-5.25,5.400000095367432,9.985984909040322,9.971204261116437,-1.1929999589920044,1.2200000286102295,0.8207448839208054,0.7157590964904614,-0.8700000047683716,0.8939999938011169,0.8207448839208054,0.7157590964904614,14.947908320243,2.1245039294522594,0.0,0.0,0.0,0.0,0.270426612693366,0.5601156607582082,0.34244345291237727,-0.052754404847535075,2.1245039294522594,2.1245039294522594,2.1245039294522594,2.1245039294522594,2.1245039294522594,0Lepton_3FJ,
sm,5,2250.0,2500.0,0.16235993529314968,0.0,0.0,0.0,0.0,0.0,0.16235993529314968,0.47823830010295676,0.18226225193138307,-4.070000171661377,4.190000057220459,6.232703245159661,6.250662781730114,-1.1929999589920044,1.2200000286102295,0.7181623467401115,0.6434112981268953,-0.8700000047683716,0.8939999938011169,0.7181623467401115,0.6434112981268953,4.8930145730533265,1.2263962666619492,0.0,0.0,0.0,0.0,0.16235993529314968,0.47823830010295676,0.35648187049861296,-0.040603505688805885,1.2263962666619492,1.2263962666619492,1.2263962666619492,1.2263962666619492,1.2263962666619492,0Lepton_3FJ,
sm,6,2500.0,4000.0,0.1856274423936737,0.0,0.0,0.0,0.0,0.0,0.1856274423936737,4.2492113450330695,0.5291981062103941,-1.1990000009536743,1.225000023841858,6.305562060359408,6.312617629542753,-1.1929999589920044,1.2200000286102295,6.245094247958611,6.262178232929953,-0.8700000047683716,0.8939999938011169,6.245094247958611,6.262178232929953,5.03093432407468,1.1822449825897272,0.0,0.0,0.0,0.0,0.1856274423936737,4.2492113450330695,4.169069080833801,-0.10548517819440553,1.1822449825897272,1.1822449825897272,1.1822449825897272,1.1822449825897272,1.1822449825897272,0Lepton_3FJ,
Other,1,500.0,1600.0,129.5636921459323,0.0,0.0,0.0,0.0,0.0,12.446235629826939,12.34405799290554,12.398712216512152,-25.0,28.0,67.21772157637797,70.31770185414801,-1.1050000190734863,1.1230000257492065,12.746000621109136,12.342586586913768,-0.8700000047683716,0.8939999938011169,12.746000621109136,12.342586586913768,820.1635050954202,0.0,4.302693559604691,4.980347258510376,4.757775451448517,4.54759314767816,12.446235629826939,12.34405799290554,0.08033391542079395,-0.18251155234219318,4.6415204090575335,4.980347258510376,4.302693559604691,4.54759314767816,4.757775451448517,1Lepton,
Other,2,1600.0,2600.0,27.45474013829397,0.0,0.0,0.0,0.0,0.0,5.877545906397376,6.285653417200983,5.860736769120986,-6.599999904632568,6.980000019073486,36.44283618255325,36.402285726137855,-1.1050000190734863,1.1230000257492065,6.9688678796686085,6.427437692005609,-0.8700000047683716,0.8939999938011169,6.9688678796686085,6.427437692005609,205.05768640382763,0.0,4.268314254254808,5.093454678111159,4.915710446415184,4.471865152042474,5.877545906397376,6.285653417200983,0.6630542405593935,-0.2549467297557868,4.680884466182983,5.093454678111159,4.268314254254808,4.471865152042474,4.915710446415184,1Lepton,
Other,3,2600.0,3400.0,1.4699372051178776,0.0,0.0,0.0,0.0,0.0,0.5765697079475423,1.340265113126861,0.626974401183667,-3.5220000743865967,3.625,11.439812348472753,11.442487303617035,-1.1050000190734863,1.1230000257492065,1.7120663459267171,1.551743480238188,-0.8700000047683716,0.8939999938011169,1.7120663459267171,1.551743480238188,19.77749442600424,0.0,2.071478841692853,2.243967400418444,2.071478841692853,2.243967400418444,0.5765697079475423,1.340265113126861,0.8509710872270042,-0.08727568204768543,2.1577231210556485,2.243967400418444,2.071478841692853,2.243967400418444,2.071478841692853,1Lepton,
Other,4,3400.0,4000.0,0.10109006224068669,0.0,0.0,0.0,0.0,0.0,0.316319883324761,3.6371508085201145,0.6036209764823934,-1.1089999675750732,1.125,4.5294488021315775,4.526996761938043,-1.1050000190734863,1.1230000257492065,4.499331381107212,4.511928938345379,-0.8700000047683716,0.8939999938011169,4.499331381107212,4.511928938345379,1.968957297848454,0.0,0.36785318072792167,0.40006236092733477,0.36785318072792167,0.40006236092733477,0.316319883324761,3.6371508085201145,3.375943735242732,-0.05511281004737845,0.3839577708276282,0.40006236092733477,0.36785318072792167,0.40006236092733477,0.36785318072792167,1Lepton,
Top,1,500.0,1600.0,268.0720424940706,0.0,0.0,0.0,0.0,0.0,12.446235629826939,12.34405799290554,12.398712216512152,-25.0,28.0,67.21772157637797,70.31770185414801,-1.1050000190734863,1.1230000257492065,12.746000621109136,12.342586586913768,-0.8700000047683716,0.8939999938011169,12.746000621109136,12.342586586913768,820.1635050954202,0.0,4.302693559604691,4.980347258510376,4.757775451448517,4.54759314767816,12.446235629826939,12.34405799290554,0.08033391542079395,-0.18251155234219318,4.6415204090575335,4.980347258510376,4.302693559604691,4.54759314767816,4.757775451448517,1Lepton,
Top,2,1600.0,2600.0,43.220862045900724,0.0,0.0,0.0,0.0,0.0,5.877545906397376,6.285653417200983,5.860736769120986,-6.599999904632568,6.980000019073486,36.44283618255325,36.402285726137855,-1.1050000190734863,1.1230000257492065,6.9688678796686085,6.427437692005609,-0.8700000047683716,0.8939999938011169,6.9688678796686085,6.427437692005609,205.05768640382763,0.0,4.268314254254808,5.093454678111159,4.915710446415184,4.471865152042474,5.877545906397376,6.285653417200983,0.6630542405593935,-0.2549467297557868,4.680884466182983,5.093454678111159,4.268314254254808,4.471865152042474,4.915710446415184,1Lepton,
Top,3,2600.0,3400.0,2.5025475426043946,0.0,0.0,0.0,0.0,0.0,0.5765697079475423,1.340265113126861,0.626974401183667,-3.5220000743865967,3.625,11.439812348472753,11.442487303617035,-1.1050000190734863,1.1230000257492065,1.7120663459267171,1.551743480238188,-0.8700000047683716,0.8939999938011169,1.7120663459267171,1.551743480238188,19.77749442600424,0.0,2.071478841692853,2.243967400418444,2.071478841692853,2.243967400418444,0.5765697079475423,1.340265113126861,0.8509710872270042,-0.08727568204768543,2.1577231210556485,2.243967400418444,2.071478841692853,2.243967400418444,2.071478841692853,1Lepton,
Top,4,3400.0,4000.0,0.08220006995098818,0.0,0.0,0.0,0.0,0.0,0.316319883324761,3.6371508085201145,0.6036209764823934,-1.1089999675750732,1.125,4.5294488021315775,4.526996761938043,-1.1050000190734863,1.1230000257492065,4.499331381107212,4.511928938345379,-0.8700000047683716,0.8939999938011169,4.499331381107212,4.511928938345379,1.968957297848454,0.0,0.36785318072792167,0.40006236092733477,0.36785318072792167,0.40006236092733477,0.316319883324761,3.6371508085201145,3.375943735242732,-0.05511281004737845,0.3839577708276282,0.40006236092733477,0.36785318072792167,0.40006236092733477,0.36785318072792167,1Lepton,
WJets,1,500.0,1600.0,410.08153482559044,0.0,4.302693559604691,4.980347258510376,4.757775451448517,4.54759314767816,12.446235629826939,12.34405799290554,12.398712216512152,-25.0,28.0,67.21772157637797,70.31770185414801,-1.1050000190734863,1.1230000257492065,12.746000621109136,12.342586586913768,-0.8700000047683716,0.8939999938011169,12.746000621109136,12.342586586913768,820.1635050954202,0.0,4.302693559604691,4.980347258510376,4.757775451448517,4.54759314767816,12.446235629826939,12.34405799290554,0.08033391542079395,-0.18251155234219318,4.6415204090575335,4.980347258510376,4.302693559604691,4.54759314767816,4.757775451448517,1Lepton,
WJets,2,1600.0,2600.0,128.50453831323554,0.0,4.268314254254808,5.093454678111159,4.915710446415184,4.471865152042474,5.877545906397376,6.285653417200983,5.860736769120986,-6.599999904632568,6.980000019073486,36.44283618255325,36.402285726137855,-1.1050000190734863,1.1230000257492065,6.9688678796686085,6.427437692005609,-0.8700000047683716,0.8939999938011169,6.9688678796686085,6.427437692005609,205.05768640382763,0.0,4.268314254254808,5.093454678111159,4.915710446415184,4.471865152042474,5.877545906397376,6.285653417200983,0.6630542405593935,-0.2549467297557868,4.680884466182983,5.093454678111159,4.268314254254808,4.471865152042474,4.915710446415184,1Lepton,
WJets,3,2600.0,3400.0,15.228439970334424,0.0,2.071478841692853,2.243967400418444,2.071478841692853,2.243967400418444,0.5765697079475423,1.340265113126861,0.626974401183667,-3.5220000743865967,3.625,11.439812348472753,11.442487303617035,-1.1050000190734863,1.1230000257492065,1.7120663459267171,1.551743480238188,-0.8700000047683716,0.8939999938011169,1.7120663459267171,1.551743480238188,19.77749442600424,0.0,2.071478841692853,2.243967400418444,2.071478841692853,2.243967400418444,0.5765697079475423,1.340265113126861,0.8509710872270042,-0.08727568204768543,2.1577231210556485,2.243967400418444,2.071478841692853,2.243967400418444,2.071478841692853,1Lepton,
WJets,4,3400.0,4000.0,1.4693472823320182,0.0,0.36785318072792167,0.40006236092733477,0.36785318072792167,0.40006236092733477,0.316319883324761,3.6371508085201145,0.6036209764823934,-1.1089999675750732,1.125,4.5294488021315775,4.526996761938043,-1.1050000190734863,1.1230000257492065,4.499331381107212,4.511928938345379,-0.8700000047683716,0.8939999938011169,4.499331381107212,4.511928938345379,1.968957297848454,0.0,0.36785318072792167,0.40006236092733477,0.36785318072792167,0.40006236092733477,0.316319883324761,3.6371508085201145,3.375943735242732,-0.05511281004737845,0.3839577708276282,0.40006236092733477,0.36785318072792167,0.40006236092733477,0.36785318072792167,1Lepton,
sm,1,500.0,1600.0,12.446235629826939,0.0,0.0,0.0,0.0,0.0,12.446235629826939,12.34405799290554,12.398712216512152,-25.0,28.0,67.21772157637797,70.31770185414801,-1.1050000190734863,1.1230000257492065,12.746000621109136,12.342586586913768,-0.8700000047683716,0.8939999938011169,12.746000621109136,12.342586586913768,820.1635050954202,0.0,4.302693559604691,4.980347258510376,4.757775451448517,4.54759314767816,12.446235629826939,12.34405799290554,0.08033391542079395,-0.18251155234219318,4.6415204090575335,4.980347258510376,4.302693559604691,4.54759314767816,4.757775451448517,1Lepton,
sm,2,1600.0,2600.0,5.877545906397376,0.0,0.0,0.0,0.0,0.0,5.877545906397376,6.285653417200983,5.860736769120986,-6.599999904632568,6.980000019073486,36.44283618255325,36.402285726137855,-1.1050000190734863,1.1230000257492065,6.9688678796686085,6.427437692005609,-0.8700000047683716,0.8939999938011169,6.9688678796686085,6.427437692005609,205.05768640382763,0.0,4.268314254254808,5.093454678111159,4.915710446415184,4.471865152042474,5.877545906397376,6.285653417200983,0.6630542405593935,-0.2549467297557868,4.680884466182983,5.093454678111159,4.268314254254808,4.471865152042474,4.915710446415184,1Lepton,
sm,3,2600.0,3400.0,0.5765697079475423,0.0,0.0,0.0,0.0,0.0,0.5765697079475423,1.340265113126861,0.626974401183667,-3.5220000743865967,3.625,11.439812348472753,11.442487303617035,-1.1050000190734863,1.1230000257492065,1.7120663459267171,1.551743480238188,-0.8700000047683716,0.8939999938011169,1.7120663459267171,1.551743480238188,19.77749442600424,0.0,2.071478841692853,2.243967400418444,2.071478841692853,2.243967400418444,0.5765697079475423,1.340265113126861,0.8509710872270042,-0.08727568204768543,2.1577231210556485,2.243967400418444,2.071478841692853,2.243967400418444,2.071478841692853,1Lepton,
sm,4,3400.0,4000.0,0.316319883324761,0.0,0.0,0.0,0.0,0.0,0.316319883324761,3.6371508085201145,0.6036209764823934,-1.1089999675750732,1.125,4.5294488021315775,4.526996761938043,-1.1050000190734863,1.1230000257492065,4.499331381107212,4.511928938345379,-0.8700000047683716,0.8939999938011169,4.499331381107212,4.511928938345379,1.968957297848454,0.0,0.36785318072792167,0.40006236092733477,0.36785318072792167,0.40006236092733477,0.316319883324761,3.6371508085201145,3.375943735242732,-0.05511281004737845,0.3839577708276282,0.40006236092733477,0.36785318072792167,0.40006236092733477,0.36785318072792167,1Lepton,
TTbar,1,200.0,800.0,126.13375120962145,5.019420521564617,25.226750241924307,25.226750241924293,25.226750241924307,25.226750241924293,11.888738804900973,11.8669609413623,11.876900395053545,-53.0,55.0,85.3432291393008,85.71953170983556,-2.940999984741211,3.00600004196167,12.245587928760097,11.975606204933145,-0.8700000047683716,0.8939999938011169,12.245587928760097,11.975606204933145,224.0583077569279,6.650159238273003,36.09132169764394,36.091321697643934,36.09132169764394,36.091321697643934,11.888738804900973,11.8669609413623,0.025262146599178973,-0.04704001013785053,36.698884448675166,36.698884448675166,36.698884448675166,36.698884448675166,36.698884448675166,2Lepton_OS,OF
TTbar,2,800.0,1350.0,7.018784584417854,0.9390546762387421,1.4037569168835704,1.4037569168835704,1.4037569168835704,1.4037569168835704,2.1815968421008125,2.2363116376848993,2.1775671934206615,-9.899999618530273,10.300000190734863,12.14525993099355,12.070584028956672,-2.940999984741211,3.00600004196167,3.1490463620180433,2.9331104105877466,-0.8700000047683716,0.8939999938011169,3.1490463620180433,2.9331104105877466,14.524925030410413,1.3462088577310054,2.1265235232123514,2.1265235232123514,2.1265235232123514,2.1265235232123514,2.1815968421008125,2.2363116376848993,0.09735279693036564,-0.04263800134627882,2.516819537314682,2.516819537314682,2.516819537314682,2.516819537314682,2.516819537314682,2Lepton_OS,OF
TTbar,3,1350.0,5000.0,0.36064579620549564,0.30035803006312806,0.07212915924109914,0.07212915924109914,0.07212915924109914,0.07212915924109914,0.3118530130733814,0.6952637205274059,0.3412372776052971,-2.9560000896453857,3.0160000324249268,3.94733105425734,3.947775621976057,-2.940999984741211,3.00600004196167,3.9108925436993625,3.923461595149138,-0.8700000047683716,0.8939999938011169,3.9108925436993625,3.923461595149138,1.182292210749703,0.4148486721964572,0.16909362409421397,0.16909362409421397,0.16909362409421397,0.16909362409421397,0.3118530130733814,0.6952637205274059,0.4078045128775793,-0.024393805423554793,0.44798669012871234,0.44798669012871234,0.44798669012871234,0.44798669012871234,0.44798669012871234,2Lepton_OS,OF
restbkg,1,200.0,800.0,86.03581774240544,4.3623428936849695,25.81074532272163,25.81074532272163,25.81074532272163,25.81074532272163,11.888738804900973,11.8669609413623,11.876900395053545,-53.0,55.0,85.3432291393008,85.71953170983556,-2.940999984741211,3.00600004196167,12.245587928760097,11.975606204933145,-0.8700000047683716,0.8939999938011169,12.245587928760097,11.975606204933145,224.0583077569279,6.650159238273003,36.09132169764394,36.091321697643934,36.09132169764394,36.091321697643934,11.888738804900973,11.8669609413623,0.025262146599178973,-0.04704001013785053,36.698884448675166,36.698884448675166,36.698884448675166,36.698884448675166,36.698884448675166,2Lepton_OS,OF
restbkg,2,800.0,1350.0,5.324543603891747,0.9646007483241807,1.597363081167524,1.597363081167524,1.597363081167524,1.597363081167524,2.1815968421008125,2.2363116376848993,2.1775671934206615,-9.899999618530273,10.300000190734863,12.14525993099355,12.070584028956672,-2.940999984741211,3.00600004196167,3.1490463620180433,2.9331104105877466,-0.8700000047683716,0.8939999938011169,3.1490463620180433,2.9331104105877466,14.524925030410413,1.3462088577310054,2.1265235232123514,2.1265235232123514,2.1265235232123514,2.1265235232123514,2.1815968421008125,2.2363116376848993,0.09735279693036564,-0.04263800134627882,2.516819537314682,2.516819537314682,2.516819537314682,2.516819537314682,2.516819537314682,2Lepton_OS,OF
restbkg,3,1350.0,5000.0,0.5097934014708257,0.28615463407004377,0.1529380204412477,0.1529380204412477,0.1529380204412477,0.1529380204412477,0.3118530130733814,0.6952637205274059,0.3412372776052971,-2.9560000896453857,3.0160000324249268,3.94733105425734,3.947775621976057,-2.940999984741211,3.00600004196167,3.9108925436993625,3.923461595149138,-0.8700000047683716,0.8939999938011169,3.9108925436993625,3.923461595149138,1.182292210749703,0.4148486721964572,0.16909362409421397,0.16909362409421397,0.16909362409421397,0.16909362409421397,0.3118530130733814,0.6952637205274059,0.4078045128775793,-0.024393805423554793,0.44798669012871234,0.44798669012871234,0.44798669012871234,0.44798669012871234,0.44798669012871234,2Lepton_OS,OF
sm,1,200.0,800.0,11.888738804900973,0.0,0.0,0.0,0.0,0.0,11.888738804900973,11.8669609413623,11.876900395053545,-53.0,55.0,85.3432291393008,85.71953170983556,-2.940999984741211,3.00600004196167,12.245587928760097,11.975606204933145,-0.8700000047683716,0.8939999938011169,12.245587928760097,11.975606204933145,224.0583077569279,6.650159238273003,36.09132169764394,36.091321697643934,36.09132169764394,36.091321697643934,11.888738804900973,11.8669609413623,0.025262146599178973,-0.04704001013785053,36.698884448675166,36.698884448675166,36.698884448675166,36.698884448675166,36.698884448675166,2Lepton_OS,OF
sm,2,800.0,1350.0,2.1815968421008125,0.0,0.0,0.0,0.0,0.0,2.1815968421008125,2.2363116376848993,2.1775671934206615,-9.899999618530273,10.300000190734863,12.14525993099355,12.070584028956672,-2.940999984741211,3.00600004196167,3.1490463620180433,2.9331104105877466,-0.8700000047683716,0.8939999938011169,3.1490463620180433,2.9331104105877466,14.524925030410413,1.3462088577310054,2.1265235232123514,2.1265235232123514,2.1265235232123514,2.1265235232123514,2.1815968421008125,2.2363116376848993,0.09735279693036564,-0.04263800134627882,2.516819537314682,2.516819537314682,2.516819537314682,2.516819537314682,2.516819537314682,2Lepton_OS,OF
sm,3,1350.0,5000.0,0.3118530130733814,0.0,0.0,0.0,0.0,0.0,0.3118530130733814,0.6952637205274059,0.3412372776052971,-2.9560000896453857,3.0160000324249268,3.94733105425734,3.947775621976057,-2.940999984741211,3.00600004196167,3.9108925436993625,3.923461595149138,-0.8700000047683716,0.8939999938011169,3.9108925436993625,3.923461595149138,1.182292210749703,0.4148486721964572,0.16909362409421397,0.16909362409421397,0.16909362409421397,0.16909362409421397,0.3118530130733814,0.6952637205274059,0.4078045128775793,-0.024393805423554793,0.44798669012871234,0.44798669012871234,0.44798669012871234,0.44798669012871234,0.44798669012871234,2Lepton_OS,OF
DY,1,200.0,800.0,346.5992164514756,25.451282900792037,40.64135943351033,40.64135943351033,40.64135943351033,40.64135943351033,10.582834719748496,10.565940602062406,10.573053630188872,-85.0,87.0,176.07104708146625,177.02531089495068,-5.059999942779541,5.150000095367432,11.356476452835388,10.97547516309785,-0.8700000047683716,0.8939999938011169,11.356476452835388,10.97547516309785,600.8949168381507,26.51845943301718,83.65020368681996,83.65020368681996,83.65020368681996,83.65020368681996,10.582834719748496,10.565940602062406,0.022442163113324236,-0.03933628079941265,87.75297868190599,87.75297868190599,87.75297868190599,87.75297868190599,87.75297868190599,2Lepton_OS,SFnoZ
DY,2,800.0,1050.0,31.942193850957192,7.0824980113439215,19.158467213884233,19.158467213884233,19.158467213884233,19.158467213884233,1.4856578074381788,1.500609281351081,1.4819720869964863,-30.0,31.0,37.22369088754418,38.135730796231215,-5.059999942779541,5.150000095367432,2.6031331444817325,2.3942682816500955,-0.8700000047683716,0.8939999938011169,2.6031331444817325,2.3942682816500955,54.790107451168716,7.2680150978366145,20.20193068782056,20.20193068782056,20.20193068782056,20.20193068782056,1.4856578074381788,1.500609281351081,0.038910298169347386,-0.023958824256445244,21.46956094050102,21.46956094050102,21.46956094050102,21.46956094050102,21.46956094050102,2Lepton_OS,SFnoZ
DY,3,1050.0,5000.0,6.182429661072676,4.610277334584801,3.576335531481355,3.5763355314813543,3.5763355314813543,3.576335531481355,0.7970717786210839,1.237995484204102,0.8281462651245145,-5.150000095367432,5.239999771118164,13.789839675698541,13.814555825529675,-5.059999942779541,5.150000095367432,13.343315724142148,13.367606029355242,-0.8700000047683716,0.8939999938011169,13.343315724142148,13.367606029355242,13.975646559975427,4.678806514232945,4.146724010915087,4.146724010915087,4.1467240109150865,4.146724010915088,0.7970717786210839,1.237995484204102,0.48191726272130925,-0.040993557138291115,6.2519237375649706,6.2519237375649706,6.2519237375649706,6.251923737564971,6.25192373756497,2Lepton_OS,SFnoZ
restbkg,1,200.0,800.0,243.7128656669266,7.447206818964328,73.113859700078,73.113859700078,73.113859700078,73.113859700078,10.582834719748496,10.565940602062406,10.573053630188872,-85.0,87.0,176.07104708146625,177.02531089495068,-5.059999942779541,5.150000095367432,11.356476452835388,10.97547516309785,-0.8700000047683716,0.8939999938011169,11.356476452835388,10.97547516309785,600.8949168381507,26.51845943301718,83.65020368681996,83.65020368681996,83.65020368681996,83.65020368681996,10.582834719748496,10.565940602062406,0.022442163113324236,-0.03933628079941265,87.75297868190599,87.75297868190599,87.75297868190599,87.75297868190599,87.75297868190599,2Lepton_OS,SFnoZ
restbkg,2,800.0,1050.0,21.362255792773347,1.631644992542915,6.408676737832003,6.408676737832003,6.408676737832003,6.408676737832003,1.4856578074381788,1.500609281351081,1.4819720869964863,-30.0,31.0,37.22369088754418,38.135730796231215,-5.059999942779541,5.150000095367432,2.6031331444817325,2.3942682816500955,-0.8700000047683716,0.8939999938011169,2.6031331444817325,2.3942682816500955,54.790107451168716,7.2680150978366145,20.20193068782056,20.20193068782056,20.20193068782056,20.20193068782056,1.4856578074381788,1.500609281351081,0.038910298169347386,-0.023958824256445244,21.46956094050102,21.46956094050102,21.46956094050102,21.46956094050102,21.46956094050102,2Lepton_OS,SFnoZ
restbkg,3,1050.0,5000.0,6.996145120281667,0.7978554354281892,2.098843536084499,2.0988435360845,2.098843536084499,2.0988435360845,0.7970717786210839,1.237995484204102,0.8281462651245145,-5.150000095367432,5.239999771118164,13.789839675698541,13.814555825529675,-5.059999942779541,5.150000095367432,13.343315724142148,13.367606029355242,-0.8700000047683716,0.8939999938011169,13.343315724142148,13.367606029355242,13.975646559975427,4.678806514232945,4.146724010915087,4.146724010915087,4.1467240109150865,4.146724010915088,0.7970717786210839,1.237995484204102,0.48191726272130925,-0.040993557138291115,6.2519237375649706,6.2519237375649706,6.2519237375649706,6.251923737564971,6.25192373756497,2Lepton_OS,SFnoZ
sm,1,200.0,800.0,10.582834719748496,0.0,0.0,0.0,0.0,0.0,10.582834719748496,10.565940602062406,10.573053630188872,-85.0,87.0,176.07104708146625,177.02531089495068,-5.059999942779541,5.150000095367432,11.356476452835388,10.97547516309785,-0.8700000047683716,0.8939999938011169,11.356476452835388,10.97547516309785,600.8949168381507,26.51845943301718,83.65020368681996,83.65020368681996,83.65020368681996,83.65020368681996,10.582834719748496,10.565940602062406,0.022442163113324236,-0.03933628079941265,87.75297868190599,87.75297868190599,87.75297868190599,87.75297868190599,87.75297868190599,2Lepton_OS,SFnoZ
sm,2,800.0,1050.0,1.4856578074381788,0.0,0.0,0.0,0.0,0.0,1.4856578074381788,1.500609281351081,1.4819720869964863,-30.0,31.0,37.22369088754418,38.135730796231215,-5.059999942779541,5.150000095367432,2.6031331444817325,2.3942682816500955,-0.8700000047683716,0.8939999938011169,2.6031331444817325,2.3942682816500955,54.790107451168716,7.2680150978366145,20.20193068782056,20.20193068782056,20.20193068782056,20.20193068782056,1.4856578074381788,1.500609281351081,0.038910298169347386,-0.023958824256445244,21.46956094050102,21.46956094050102,21.46956094050102,21.46956094050102,21.46956094050102,2Lepton_OS,SFnoZ
sm,3,1050.0,5000.0,0.7970717786210839,0.0,0.0,0.0,0.0,0.0,0.7970717786210839,1.237995484204102,0.8281462651245145,-5.150000095367432,5.239999771118164,13.789839675698541,13.814555825529675,-5.059999942779541,5.150000095367432,13.343315724142148,13.367606029355242,-0.8700000047683716,0.8939999938011169,13.343315724142148,13.367606029355242,13.975646559975427,4.678806514232945,4.146724010915087,4.146724010915087,4.1467240109150865,4.146724010915088,0.7970717786210839,1.237995484204102,0.48191726272130925,-0.040993557138291115,6.2519237375649706,6.2519237375649706,6.2519237375649706,6.251923737564971,6.25192373756497,2Lepton_OS,SFnoZ
DY,1,200.0,800.0,2013.979839726649,56.99906649481782,39.804770569751554,39.80477056975133,39.80477056975133,39.804770569751554,20.95009134156545,20.914984843008384,20.936835544626376,-100.0,101.0,155.46482908651404,148.40842287654368,-8.729999542236328,8.869999885559082,22.35833997177351,21.54414116000621,-0.8700000047683716,0.8939999938011169,22.35833997177351,21.54414116000621,2959.935924425366,58.43463468992619,280.342054742611,280.34205474261097,280.34205474261097,280.342054742611,20.95009134156545,20.914984843008384,0.012970701771212073,-0.048077200328279446,286.3673762645708,286.3673762645707,286.3673762645708,286.3673762645708,286.3673762645707,2Lepton_OS,SFZ
DY,2,800.0,1300.0,212.1376979884474,20.184432138393177,17.30675249810821,17.30675249810821,17.30675249810821,17.30675249810821,6.385679177487411,6.389132757807513,6.376444578110071,-48.0,48.0,121.25145022387525,116.88782891820695,-8.729999542236328,8.869999885559082,10.509913722829744,9.8304260364948,-0.8700000047683716,0.8939999938011169,10.509913722829744,9.8304260364948,395.5764725996948,20.960689789930694,55.864349600363425,55.864349600363425,55.864349600363425,55.864349600363425,6.385679177487411,6.389132757807513,0.048907968920813234,-0.04545438860071194,59.667211035386345,59.667211035386345,59.667211035386345,59.667211035386345,59.667211035386345,2Lepton_OS,SFZ
DY,3,1300.0,5000.0,3.64477712765617,2.712487483453887,0.3843335079082757,0.3843335079082757,0.3843335079082757,0.3843335079082757,0.781903497279219,0.9040012342376509,0.7884812183951749,-9.390000343322754,9.539999961853027,13.596821922772094,13.605534529479097,-8.729999542236328,8.869999885559082,11.871560772761349,11.854476964815959,-0.8700000047683716,0.8939999938011169,11.871560772761349,11.854476964815959,16.77931582924441,2.982107667670704,3.7256671791059377,3.7256671791059377,3.7256671791059377,3.7256671791059377,0.781903497279219,0.9040012342376509,0.14310285700749398,-0.021005120049062076,4.772165344060032,4.772165344060032,4.772165344060032,4.772165344060032,4.772165344060032,2Lepton_OS,SFZ
restbkg,1,200.0,800.0,925.0059933571515,12.872954208901021,277.50179800714545,277.50179800714545,277.50179800714545,277.50179800714545,20.95009134156545,20.914984843008384,20.936835544626376,-100.0,101.0,155.46482908651404,148.40842287654368,-8.729999542236328,8.869999885559082,22.35833997177351,21.54414116000621,-0.8700000047683716,0.8939999938011169,22.35833997177351,21.54414116000621,2959.935924425366,58.43463468992619,280.342054742611,280.34205474261097,280.34205474261097,280.342054742611,20.95009134156545,20.914984843008384,0.012970701771212073,-0.048077200328279446,286.3673762645708,286.3673762645707,286.3673762645708,286.3673762645708,286.3673762645707,2Lepton_OS,SFZ
restbkg,2,800.0,1300.0,177.05309543375998,5.651479073685532,53.115928630127996,53.115928630127996,53.115928630127996,53.115928630127996,6.385679177487411,6.389132757807513,6.376444578110071,-48.0,48.0,121.25145022387525,116.88782891820695,-8.729999542236328,8.869999885559082,10.509913722829744,9.8304260364948,-0.8700000047683716,0.8939999938011169,10.509913722829744,9.8304260364948,395.5764725996948,20.960689789930694,55.864349600363425,55.864349600363425,55.864349600363425,55.864349600363425,6.385679177487411,6.389132757807513,0.048907968920813234,-0.04545438860071194,59.667211035386345,59.667211035386345,59.667211035386345,59.667211035386345,59.667211035386345,2Lepton_OS,SFZ
restbkg,3,1300.0,5000.0,12.352635204309022,1.2391036250800032,3.705790561292707,3.705790561292707,3.705790561292707,3.705790561292707,0.781903497279219,0.9040012342376509,0.7884812183951749,-9.390000343322754,9.539999961853027,13.596821922772094,13.605534529479097,-8.729999542236328,8.869999885559082,11.871560772761349,11.854476964815959,-0.8700000047683716,0.8939999938011169,11.871560772761349,11.854476964815959,16.77931582924441,2.982107667670704,3.7256671791059377,3.7256671791059377,3.7256671791059377,3.7256671791059377,0.781903497279219,0.9040012342376509,0.14310285700749398,-0.021005120049062076,4.772165344060032,4.772165344060032,4.772165344060032,4.772165344060032,4.772165344060032,2Lepton_OS,SFZ
sm,1,200.0,800.0,20.95009134156545,0.0,0.0,0.0,0.0,0.0,20.95009134156545,20.914984843008384,20.936835544626376,-100.0,101.0,155.46482908651404,148.40842287654368,-8.729999542236328,8.869999885559082,22.35833997177351,21.54414116000621,-0.8700000047683716,0.8939999938011169,22.35833997177351,21.54414116000621,2959.935924425366,58.43463468992619,280.342054742611,280.34205474261097,280.34205474261097,280.342054742611,20.95009134156545,20.914984843008384,0.012970701771212073,-0.048077200328279446,286.3673762645708,286.3673762645707,286.3673762645708,286.3673762645708,286.3673762645707,2Lepton_OS,SFZ
sm,2,800.0,1300.0,6.385679177487411,0.0,0.0,0.0,0.0,0.0,6.385679177487411,6.389132757807513,6.376444578110071,-48.0,48.0,121.25145022387525,116.88782891820695,-8.729999542236328,8.869999885559082,10.509913722829744,9.8304260364948,-0.8700000047683716,0.8939999938011169,10.509913722829744,9.8304260364948,395.5764725996948,20.960689789930694,55.864349600363425,55.864349600363425,55.864349600363425,55.864349600363425,6.385679177487411,6.389132757807513,0.048907968920813234,-0.04545438860071194,59.667211035386345,59.667211035386345,59.667211035386345,59.667211035386345,59.667211035386345,2Lepton_OS,SFZ
sm,3,1300.0,5000.0,0.781903497279219,0.0,0.0,0.0,0.0,0.0,0.781903497279219,0.9040012342376509,0.7884812183951749,-9.390000343322754,9.539999961853027,13.596821922772094,13.605534529479097,-8.729999542236328,8.869999885559082,11.871560772761349,11.854476964815959,-0.8700000047683716,0.8939999938011169,11.871560772761349,11.854476964815959,16.77931582924441,2.982107667670704,3.7256671791059377,3.7256671791059377,3.7256671791059377,3.7256671791059377,0.781903497279219,0.9040012342376509,0.14310285700749398,-0.021005120049062076,4.772165344060032,4.772165344060032,4.772165344060032,4.772165344060032,4.772165344060032,2Lepton_OS,SFZ
DY,1,0.0,800.0,1.1254503726959229,0.42484308318391706,0.07117266583705402,0.0587897702724257,0.05910906217944549,0.07090771621836366,5.291945934295654,5.280577182769775,5.287869270504452,-65.0,69.0,19.63712645228952,19.38870141468942,-2.7200000286102295,2.805999994277954,5.354960569227403,5.276117788142592,-0.8700000047683716,0.8939999938011169,5.354960569227403,5.276117788142592,39.47352455556393,2.176300325770671,1.0173597761905586,1.186540965440344,1.1976184265157974,1.0042960128111795,5.291945934295654,5.280577182769775,0.003171611111611128,-0.014540362637490034,2.439380603286383,2.4787421347565846,2.4023538503226436,2.3968507649200776,2.4840638082544704,2Lepton_SS,1FJ
DY,2,800.0,1400.0,0.48902297019958496,0.189549943448586,0.04086098114925741,0.037132827862689996,0.0377816859194353,0.04026177957623434,2.842205762863159,2.8397469520568848,2.833243924640119,-14.800000190734863,15.899999618530273,12.036433317523768,12.08117703559004,-2.7200000286102295,2.805999994277954,3.245158947434448,3.0337693223286197,-0.8700000047683716,0.8939999938011169,3.245158947434448,3.0337693223286197,14.219817459583282,1.392912656607569,0.519029117432943,0.7864719482183077,0.46601167738852384,0.8190008953688969,2.842205762863159,2.8397469520568848,0.039162833243608475,-0.04162164404988289,1.5382746591690617,1.599607387539785,1.4864712892218184,1.6158490447911926,1.46879969784856,2Lepton_SS,1FJ
DY,3,1400.0,1500.0,0.11914192885160446,0.1069846869242944,0.11575890395220176,0.11576963433017065,0.01234371949280543,0.16324939407617853,0.4672689437866211,0.8548169136047363,0.49470626831054687,-2.7330000400543213,2.816999912261963,3.723526163226269,3.724040713455011,-2.7200000286102295,2.805999994277954,3.6930803845352767,3.6982677697733335,-0.8700000047683716,0.8939999938011169,3.6930803845352767,3.6982677697733335,0.8118789307773113,0.1552188105545839,0.12474690263961348,0.12549122090926332,0.03527626930618829,0.17339383226433405,0.4672689437866211,0.8548169136047363,0.4229860305786133,-0.03543806076049805,0.19936814883349732,0.19960191801502644,0.1991348007460198,0.23271935935218585,0.15917692774438927,2Lepton_SS,1FJ
TTbar,1,0.0,800.0,23.252288818359375,1.6187582259403654,0.9422647099284603,1.119226150949903,1.1306949675001094,0.9284712440440076,5.291945934295654,5.280577182769775,5.287869270504452,-65.0,69.0,19.63712645228952,19.38870141468942,-2.7200000286102295,2.805999994277954,5.354960569227403,5.276117788142592,-0.8700000047683716,0.8939999938011169,5.354960569227403,5.276117788142592,39.47352455556393,2.176300325770671,1.0173597761905586,1.186540965440344,1.1976184265157974,1.0042960128111795,5.291945934295654,5.280577182769775,0.003171611111611128,-0.014540362637490034,2.439380603286383,2.4787421347565846,2.4023538503226436,2.3968507649200776,2.4840638082544704,2Lepton_SS,1FJ
TTbar,2,800.0,1400.0,4.07717752456665,0.6839195691734667,0.4386350105718748,0.72925976220676,0.3799880874983707,0.761465381112352,2.842205762863159,2.8397469520568848,2.833243924640119,-14.800000190734863,15.899999618530273,12.036433317523768,12.08117703559004,-2.7200000286102295,2.805999994277954,3.245158947434448,3.0337693223286197,-0.8700000047683716,0.8939999938011169,3.245158947434448,3.0337693223286197,14.219817459583282,1.392912656607569,0.519029117432943,0.7864719482183077,0.46601167738852384,0.8190008953688969,2.842205762863159,2.8397469520568848,0.039162833243608475,-0.04162164404988289,1.5382746591690617,1.599607387539785,1.4864712892218184,1.6158490447911926,1.46879969784856,2Lepton_SS,1FJ
TTbar,3,1400.0,1500.0,0.0,0.0,0.0,0.0,0.0,0.0,0.4672689437866211,0.8548169136047363,0.49470626831054687,-2.7330000400543213,2.816999912261963,3.723526163226269,3.724040713455011,-2.7200000286102295,2.805999994277954,3.6930803845352767,3.6982677697733335,-0.8700000047683716,0.8939999938011169,3.6930803845352767,3.6982677697733335,0.8118789307773113,0.1552188105545839,0.12474690263961348,0.12549122090926332,0.03527626930618829,0.17339383226433405,0.4672689437866211,0.8548169136047363,0.4229860305786133,-0.03543806076049805,0.19936814883349732,0.19960191801502644,0.1991348007460198,0.23271935935218585,0.15917692774438927,2Lepton_SS,1FJ
WJets,1,0.0,800.0,1.4287790060043335,1.07866465822216,0.08128708442195239,0.06196953149447845,0.06229219781329968,0.0810400827927484,5.291945934295654,5.280577182769775,5.287869270504452,-65.0,69.0,19.63712645228952,19.38870141468942,-2.7200000286102295,2.805999994277954,5.354960569227403,5.276117788142592,-0.8700000047683716,0.8939999938011169,5.354960569227403,5.276117788142592,39.47352455556393,2.176300325770671,1.0173597761905586,1.186540965440344,1.1976184265157974,1.0042960128111795,5.291945934295654,5.280577182769775,0.003171611111611128,-0.014540362637490034,2.439380603286383,2.4787421347565846,2.4023538503226436,2.3968507649200776,2.4840638082544704,2Lepton_SS,1FJ
WJets,2,800.0,1400.0,1.1145241260528564,0.9967683595667578,0.08958131549107194,0.09791948313818588,0.09796932792222182,0.08952680073379482,2.842205762863159,2.8397469520568848,2.833243924640119,-14.800000190734863,15.899999618530273,12.036433317523768,12.08117703559004,-2.7200000286102295,2.805999994277954,3.245158947434448,3.0337693223286197,-0.8700000047683716,0.8939999938011169,3.245158947434448,3.0337693223286197,14.219817459583282,1.392912656607569,0.519029117432943,0.7864719482183077,0.46601167738852384,0.8190008953688969,2.842205762863159,2.8397469520568848,0.039162833243608475,-0.04162164404988289,1.5382746591690617,1.599607387539785,1.4864712892218184,1.6158490447911926,1.46879969784856,2Lepton_SS,1FJ
WJets,3,1400.0,1500.0,0.0,0.0,0.0,0.0,0.0,0.0,0.4672689437866211,0.8548169136047363,0.49470626831054687,-2.7330000400543213,2.816999912261963,3.723526163226269,3.724040713455011,-2.7200000286102295,2.805999994277954,3.6930803845352767,3.6982677697733335,-0.8700000047683716,0.8939999938011169,3.6930803845352767,3.6982677697733335,0.8118789307773113,0.1552188105545839,0.12474690263961348,0.12549122090926332,0.03527626930618829,0.17339383226433405,0.4672689437866211,0.8548169136047363,0.4229860305786133,-0.03543806076049805,0.19936814883349732,0.19960191801502644,0.1991348007460198,0.23271935935218585,0.15917692774438927,2Lepton_SS,1FJ
WW,1,0.0,800.0,1.4745253324508667,0.2486005371612035,0.04706102864324287,0.03877284738303744,0.03908252810058014,0.04680416763938659,5.291945934295654,5.280577182769775,5.287869270504452,-65.0,69.0,19.63712645228952,19.38870141468942,-2.7200000286102295,2.805999994277954,5.354960569227403,5.276117788142592,-0.8700000047683716,0.8939999938011169,5.354960569227403,5.276117788142592,39.47352455556393,2.176300325770671,1.0173597761905586,1.186540965440344,1.1976184265157974,1.0042960128111795,5.291945934295654,5.280577182769775,0.003171611111611128,-0.014540362637490034,2.439380603286383,2.4787421347565846,2.4023538503226436,2.3968507649200776,2.4840638082544704,2Lepton_SS,1FJ
WW,2,800.0,1400.0,0.758755624294281,0.14388952896504356,0.0362398913709977,0.026124444349839286,0.03628806808658793,0.026057483257458342,2.842205762863159,2.8397469520568848,2.833243924640119,-14.800000190734863,15.899999618530273,12.036433317523768,12.08117703559004,-2.7200000286102295,2.805999994277954,3.245158947434448,3.0337693223286197,-0.8700000047683716,0.8939999938011169,3.245158947434448,3.0337693223286197,14.219817459583282,1.392912656607569,0.519029117432943,0.7864719482183077,0.46601167738852384,0.8190008953688969,2.842205762863159,2.8397469520568848,0.039162833243608475,-0.04162164404988289,1.5382746591690617,1.599607387539785,1.4864712892218184,1.6158490447911926,1.46879969784856,2Lepton_SS,1FJ
WW,3,1400.0,1500.0,0.062029242515563965,0.015065783230325487,0.03329170201733618,0.029680943312520126,0.003130543147236875,0.044491521874795735,0.4672689437866211,0.8548169136047363,0.49470626831054687,-2.7330000400543213,2.816999912261963,3.723526163226269,3.724040713455011,-2.7200000286102295,2.805999994277954,3.6930803845352767,3.6982677697733335,-0.8700000047683716,0.8939999938011169,3.6930803845352767,3.6982677697733335,0.8118789307773113,0.1552188105545839,0.12474690263961348,0.12549122090926332,0.03527626930618829,0.17339383226433405,0.4672689437866211,0.8548169136047363,0.4229860305786133,-0.03543806076049805,0.19936814883349732,0.19960191801502644,0.1991348007460198,0.23271935935218585,0.15917692774438927,2Lepton_SS,1FJ
WZ,1,0.0,800.0,3.7708964347839355,0.8247653700005667,0.3196767948637101,0.3433294027958719,0.34337424924088666,0.3196286234941453,5.291945934295654,5.280577182769775,5.287869270504452,-65.0,69.0,19.63712645228952,19.38870141468942,-2.7200000286102295,2.805999994277954,5.354960569227403,5.276117788142592,-0.8700000047683716,0.8939999938011169,5.354960569227403,5.276117788142592,39.47352455556393,2.176300325770671,1.0173597761905586,1.186540965440344,1.1976184265157974,1.0042960128111795,5.291945934295654,5.280577182769775,0.003171611111611128,-0.014540362637490034,2.439380603286383,2.4787421347565846,2.4023538503226436,2.3968507649200776,2.4840638082544704,2Lepton_SS,1FJ
WZ,2,800.0,1400.0,3.1420092582702637,0.6349669741412581,0.20516904288086807,0.2304476522450185,0.18595085505822234,0.2462168476871728,2.842205762863159,2.8397469520568848,2.833243924640119,-14.800000190734863,15.899999618530273,12.036433317523768,12.08117703559004,-2.7200000286102295,2.805999994277954,3.245158947434448,3.0337693223286197,-0.8700000047683716,0.8939999938011169,3.245158947434448,3.0337693223286197,14.219817459583282,1.392912656607569,0.519029117432943,0.7864719482183077,0.46601167738852384,0.8190008953688969,2.842205762863159,2.8397469520568848,0.039162833243608475,-0.04162164404988289,1.5382746591690617,1.599607387539785,1.4864712892218184,1.6158490447911926,1.46879969784856,2Lepton_SS,1FJ
WZ,3,1400.0,1500.0,0.10526532679796219,0.10526532969326552,0.02912960202622661,0.032493524169391455,0.029129849357412325,0.03249330244169769,0.4672689437866211,0.8548169136047363,0.49470626831054687,-2.7330000400543213,2.816999912261963,3.723526163226269,3.724040713455011,-2.7200000286102295,2.805999994277954,3.6930803845352767,3.6982677697733335,-0.8700000047683716,0.8939999938011169,3.6930803845352767,3.6982677697733335,0.8118789307773113,0.1552188105545839,0.12474690263961348,0.12549122090926332,0.03527626930618829,0.17339383226433405,0.4672689437866211,0.8548169136047363,0.4229860305786133,-0.03543806076049805,0.19936814883349732,0.19960191801502644,0.1991348007460198,0.23271935935218585,0.15917692774438927,2Lepton_SS,1FJ
ZZ,1,0.0,800.0,0.1262976974248886,0.014973353590952022,0.0039154464637166965,0.0037849920025029003,0.003833454184251265,0.003868011696788024,5.291945934295654,5.280577182769775,5.287869270504452,-65.0,69.0,19.63712645228952,19.38870141468942,-2.7200000286102295,2.805999994277954,5.354960569227403,5.276117788142592,-0.8700000047683716,0.8939999938011169,5.354960569227403,5.276117788142592,39.47352455556393,2.176300325770671,1.0173597761905586,1.186540965440344,1.1976184265157974,1.0042960128111795,5.291945934295654,5.280577182769775,0.003171611111611128,-0.014540362637490034,2.439380603286383,2.4787421347565846,2.4023538503226436,2.3968507649200776,2.4840638082544704,2Lepton_SS,1FJ
ZZ,2,800.0,1400.0,0.04019153118133545,0.008286784841899491,0.0015547634936017448,0.0017995963699488997,0.0018120999252213767,0.001540172223091509,2.842205762863159,2.8397469520568848,2.833243924640119,-14.800000190734863,15.899999618530273,12.036433317523768,12.08117703559004,-2.7200000286102295,2.805999994277954,3.245158947434448,3.0337693223286197,-0.8700000047683716,0.8939999938011169,3.245158947434448,3.0337693223286197,14.219817459583282,1.392912656607569,0.519029117432943,0.7864719482183077,0.46601167738852384,0.8190008953688969,2.842205762863159,2.8397469520568848,0.039162833243608475,-0.04162164404988289,1.5382746591690617,1.599607387539785,1.4864712892218184,1.6158490447911926,1.46879969784856,2Lepton_SS,1FJ
ZZ,3,1400.0,1500.0,0.0,0.0,0.0,0.0,0.0,0.0,0.4672689437866211,0.8548169136047363,0.49470626831054687,-2.7330000400543213,2.816999912261963,3.723526163226269,3.724040713455011,-2.7200000286102295,2.805999994277954,3.6930803845352767,3.6982677697733335,-0.8700000047683716,0.8939999938011169,3.6930803845352767,3.6982677697733335,0.8118789307773113,0.1552188105545839,0.12474690263961348,0.12549122090926332,0.03527626930618829,0.17339383226433405,0.4672689437866211,0.8548169136047363,0.4229860305786133,-0.03543806076049805,0.19936814883349732,0.19960191801502644,0.1991348007460198,0.23271935935218585,0.15917692774438927,2Lepton_SS,1FJ
ttV,1,0.0,800.0,3.00334095954895,0.17213796712640575,0.17624320657959636,0.16888779438675164,0.1702837997124162,0.17489477554741795,5.291945934295654,5.280577182769775,5.287869270504452,-65.0,69.0,19.63712645228952,19.38870141468942,-2.7200000286102295,2.805999994277954,5.354960569227403,5.276117788142592,-0.8700000047683716,0.8939999938011169,5.354960569227403,5.276117788142592,39.47352455556393,2.176300325770671,1.0173597761905586,1.186540965440344,1.1976184265157974,1.0042960128111795,5.291945934295654,5.280577182769775,0.003171611111611128,-0.014540362637490034,2.439380603286383,2.4787421347565846,2.4023538503226436,2.3968507649200776,2.4840638082544704,2Lepton_SS,1FJ
ttV,2,800.0,1400.0,1.7559306621551514,0.1379399236822475,0.15455108283504804,0.14818706729126932,0.16078763549747732,0.1413958287539043,2.842205762863159,2.8397469520568848,2.833243924640119,-14.800000190734863,15.899999618530273,12.036433317523768,12.08117703559004,-2.7200000286102295,2.805999994277954,3.245158947434448,3.0337693223286197,-0.8700000047683716,0.8939999938011169,3.245158947434448,3.0337693223286197,14.219817459583282,1.392912656607569,0.519029117432943,0.7864719482183077,0.46601167738852384,0.8190008953688969,2.842205762863159,2.8397469520568848,0.039162833243608475,-0.04162164404988289,1.5382746591690617,1.599607387539785,1.4864712892218184,1.6158490447911926,1.46879969784856,2Lepton_SS,1FJ
ttV,3,1400.0,1500.0,0.058173488825559616,0.036597656399221454,0.014310651157256283,0.020215112749827617,0.015287228043808672,0.019487077224907622,0.4672689437866211,0.8548169136047363,0.49470626831054687,-2.7330000400543213,2.816999912261963,3.723526163226269,3.724040713455011,-2.7200000286102295,2.805999994277954,3.6930803845352767,3.6982677697733335,-0.8700000047683716,0.8939999938011169,3.6930803845352767,3.6982677697733335,0.8118789307773113,0.1552188105545839,0.12474690263961348,0.12549122090926332,0.03527626930618829,0.17339383226433405,0.4672689437866211,0.8548169136047363,0.4229860305786133,-0.03543806076049805,0.19936814883349732,0.19960191801502644,0.1991348007460198,0.23271935935218585,0.15917692774438927,2Lepton_SS,1FJ
sm,1,0.0,800.0,5.291945934295654,0.0,0.0,0.0,0.0,0.0,5.291945934295654,5.280577182769775,5.287869270504452,-65.0,69.0,19.63712645228952,19.38870141468942,-2.7200000286102295,2.805999994277954,5.354960569227403,5.276117788142592,-0.8700000047683716,0.8939999938011169,5.354960569227403,5.276117788142592,39.47352455556393,2.176300325770671,1.0173597761905586,1.186540965440344,1.1976184265157974,1.0042960128111795,5.291945934295654,5.280577182769775,0.003171611111611128,-0.014540362637490034,2.439380603286383,2.4787421347565846,2.4023538503226436,2.3968507649200776,2.4840638082544704,2Lepton_SS,1FJ
sm,2,800.0,1400.0,2.842205762863159,0.0,0.0,0.0,0.0,0.0,2.842205762863159,2.8397469520568848,2.833243924640119,-14.800000190734863,15.899999618530273,12.036433317523768,12.08117703559004,-2.7200000286102295,2.805999994277954,3.245158947434448,3.0337693223286197,-0.8700000047683716,0.8939999938011169,3.245158947434448,3.0337693223286197,14.219817459583282,1.392912656607569,0.519029117432943,0.7864719482183077,0.46601167738852384,0.8190008953688969,2.842205762863159,2.8397469520568848,0.039162833243608475,-0.04162164404988289,1.5382746591690617,1.599607387539785,1.4864712892218184,1.6158490447911926,1.46879969784856,2Lepton_SS,1FJ
sm,3,1400.0,1500.0,0.4672689437866211,0.0,0.0,0.0,0.0,0.0,0.4672689437866211,0.8548169136047363,0.49470626831054687,-2.7330000400543213,2.816999912261963,3.723526163226269,3.724040713455011,-2.7200000286102295,2.805999994277954,3.6930803845352767,3.6982677697733335,-0.8700000047683716,0.8939999938011169,3.6930803845352767,3.6982677697733335,0.8118789307773113,0.1552188105545839,0.12474690263961348,0.12549122090926332,0.03527626930618829,0.17339383226433405,0.4672689437866211,0.8548169136047363,0.4229860305786133,-0.03543806076049805,0.19936814883349732,0.19960191801502644,0.1991348007460198,0.23271935935218585,0.15917692774438927,2Lepton_SS,1FJ
