process,bin,bin_low,bin_high,yield,MCstat,syst_quadrature_Up,syst_quadrature_Down,syst_quadrature_Increase,syst_quadrature_Decrease,yield_sm,yield_cW_at_1,cW_95CL_LL,cW_95CL_UL,yield_cW_95CL_LL,yield_cW_95CL_UL,comb_cW_95CL_LL,comb_cW_95CL_UL,comb_yield_cW_95CL_LL,comb_yield_cW_95CL_UL,total_bkg,total_MCstat,total_syst_Up,total_syst_Down,total_syst_Increase,total_syst_Decrease,total_unc,total_unc_Down,total_unc_Up,total_unc_Decrease,total_unc_Increase,channel,subchannel
DY,1,1100.0,2500.0,488.1235708259046,5.773266074039246,0.0,0.0,0.0,0.0,34.315032426648685,3905.8979109773495,-0.3580000102519989,0.35499998927116394,524.8268101530509,524.9091498617615,-0.1340000033378601,0.1340000033378601,102.05601803297992,105.19033905415307,19896.03178201925,206.7219990297918,0.0,0.0,0.0,0.0,206.7219990297918,206.7219990297918,206.7219990297918,206.7219990297918,206.7219990297918,0Lepton_2FJ,
DY,2,2500.0,4000.0,7.259887274354696,0.7034725911324626,0.0,0.0,0.0,0.0,0.5520954663757425,949.0895403234884,-0.18199999630451202,0.1809999942779541,31.871802243120563,31.695793611952652,-0.1340000033378601,0.1340000033378601,17.513648062844364,17.637786707799187,103.08621224010528,11.973497048317117,0.0,0.0,0.0,0.0,11.973497048317117,11.973497048317117,11.973497048317117,11.973497048317117,11.973497048317117,0Lepton_2FJ,
DY,3,4000.0,6000.0,0.05678882822394371,0.05678882822394371,0.0,0.0,0.0,0.0,0.012335707491638634,141.5850427725678,-0.15399999916553497,0.15399999916553497,3.3660040201776167,3.3727110768254933,-0.1340000033378601,0.1340000033378601,2.5511063442283293,2.5569423547352943,0.8875877187092556,0.42493083596881964,0.0,0.0,0.0,0.0,0.42493083596881964,0.42493083596881964,0.42493083596881964,0.42493083596881964,0.42493083596881964,0Lepton_2FJ,
QCD,1,1100.0,2500.0,15670.627454529216,205.41306204079478,0.0,0.0,0.0,0.0,34.315032426648685,3905.8979109773495,-0.3580000102519989,0.35499998927116394,524.8268101530509,524.9091498617615,-0.1340000033378601,0.1340000033378601,102.05601803297992,105.19033905415307,19896.03178201925,206.7219990297918,0.0,0.0,0.0,0.0,206.7219990297918,206.7219990297918,206.7219990297918,206.7219990297918,206.7219990297918,0Lepton_2FJ,
QCD,2,2500.0,4000.0,53.21768946595363,11.708507153657965,0.0,0.0,0.0,0.0,0.5520954663757425,949.0895403234884,-0.18199999630451202,0.1809999942779541,31.871802243120563,31.695793611952652,-0.1340000033378601,0.1340000033378601,17.513648062844364,17.637786707799187,103.08621224010528,11.973497048317117,0.0,0.0,0.0,0.0,11.973497048317117,11.973497048317117,11.973497048317117,11.973497048317117,11.973497048317117,0Lepton_2FJ,
QCD,3,4000.0,6000.0,0.0,0.28236899666550463,0.0,0.0,0.0,0.0,0.012335707491638634,141.5850427725678,-0.15399999916553497,0.15399999916553497,3.3660040201776167,3.3727110768254933,-0.1340000033378601,0.1340000033378601,2.5511063442283293,2.5569423547352943,0.8875877187092556,0.42493083596881964,0.0,0.0,0.0,0.0,0.42493083596881964,0.42493083596881964,0.42493083596881964,0.42493083596881964,0.42493083596881964,0Lepton_2FJ,
TTbar,1,1100.0,2500.0,992.3964967653155,10.984120153494151,0.0,0.0,0.0,0.0,34.315032426648685,3905.8979109773495,-0.3580000102519989,0.35499998927116394,524.8268101530509,524.9091498617615,-0.1340000033378601,0.1340000033378601,102.05601803297992,105.19033905415307,19896.03178201925,206.7219990297918,0.0,0.0,0.0,0.0,206.7219990297918,206.7219990297918,206.7219990297918,206.7219990297918,206.7219990297918,0Lepton_2FJ,
TTbar,2,2500.0,4000.0,7.060457143932581,0.8742381454837165,0.0,0.0,0.0,0.0,0.5520954663757425,949.0895403234884,-0.18199999630451202,0.1809999942779541,31.871802243120563,31.695793611952652,-0.1340000033378601,0.1340000033378601,17.513648062844364,17.637786707799187,103.08621224010528,11.973497048317117,0.0,0.0,0.0,0.0,11.973497048317117,11.973497048317117,11.973497048317117,11.973497048317117,11.973497048317117,0Lepton_2FJ,
TTbar,3,4000.0,6000.0,0.12400731444358826,0.12400731444358826,0.0,0.0,0.0,0.0,0.012335707491638634,141.5850427725678,-0.15399999916553497,0.15399999916553497,3.3660040201776167,3.3727110768254933,-0.1340000033378601,0.1340000033378601,2.5511063442283293,2.5569423547352943,0.8875877187092556,0.42493083596881964,0.0,0.0,0.0,0.0,0.42493083596881964,0.42493083596881964,0.42493083596881964,0.42493083596881964,0.42493083596881964,0Lepton_2FJ,
WJets,1,1100.0,2500.0,1883.7114287318109,13.664305833381373,0.0,0.0,0.0,0.0,34.315032426648685,3905.8979109773495,-0.3580000102519989,0.35499998927116394,524.8268101530509,524.9091498617615,-0.1340000033378601,0.1340000033378601,102.05601803297992,105.19033905415307,19896.03178201925,206.7219990297918,0.0,0.0,0.0,0.0,206.7219990297918,206.7219990297918,206.7219990297918,206.7219990297918,206.7219990297918,0Lepton_2FJ,
WJets,2,2500.0,4000.0,19.171478766205837,1.3840665875614817,0.0,0.0,0.0,0.0,0.5520954663757425,949.0895403234884,-0.18199999630451202,0.1809999942779541,31.871802243120563,31.695793611952652,-0.1340000033378601,0.1340000033378601,17.513648062844364,17.637786707799187,103.08621224010528,11.973497048317117,0.0,0.0,0.0,0.0,11.973497048317117,11.973497048317117,11.973497048317117,11.973497048317117,11.973497048317117,0Lepton_2FJ,
WJets,3,4000.0,6000.0,0.14428148795559537,0.100971214913718,0.0,0.0,0.0,0.0,0.012335707491638634,141.5850427725678,-0.15399999916553497,0.15399999916553497,3.3660040201776167,3.3727110768254933,-0.1340000033378601,0.1340000033378601,2.5511063442283293,2.5569423547352943,0.8875877187092556,0.42493083596881964,0.0,0.0,0.0,0.0,0.42493083596881964,0.42493083596881964,0.42493083596881964,0.42493083596881964,0.42493083596881964,0Lepton_2FJ,
WW,1,1100.0,2500.0,522.5809292793274,10.845732800903185,0.0,0.0,0.0,0.0,34.315032426648685,3905.8979109773495,-0.3580000102519989,0.35499998927116394,524.8268101530509,524.9091498617615,-0.1340000033378601,0.1340000033378601,102.05601803297992,105.19033905415307,19896.03178201925,206.7219990297918,0.0,0.0,0.0,0.0,206.7219990297918,206.7219990297918,206.7219990297918,206.7219990297918,206.7219990297918,0Lepton_2FJ,
WW,2,2500.0,4000.0,10.837140806019306,1.3283533410703114,0.0,0.0,0.0,0.0,0.5520954663757425,949.0895403234884,-0.18199999630451202,0.1809999942779541,31.871802243120563,31.695793611952652,-0.1340000033378601,0.1340000033378601,17.513648062844364,17.637786707799187,103.08621224010528,11.973497048317117,0.0,0.0,0.0,0.0,11.973497048317117,11.973497048317117,11.973497048317117,11.973497048317117,11.973497048317117,0Lepton_2FJ,
WW,3,4000.0,6000.0,0.3753708451986313,0.19239256109075203,0.0,0.0,0.0,0.0,0.012335707491638634,141.5850427725678,-0.15399999916553497,0.15399999916553497,3.3660040201776167,3.3727110768254933,-0.1340000033378601,0.1340000033378601,2.5511063442283293,2.5569423547352943,0.8875877187092556,0.42493083596881964,0.0,0.0,0.0,0.0,0.42493083596881964,0.42493083596881964,0.42493083596881964,0.42493083596881964,0.42493083596881964,0Lepton_2FJ,
WZ,1,1100.0,2500.0,93.11248078942299,3.7596727163150603,0.0,0.0,0.0,0.0,34.315032426648685,3905.8979109773495,-0.3580000102519989,0.35499998927116394,524.8268101530509,524.9091498617615,-0.1340000033378601,0.1340000033378601,102.05601803297992,105.19033905415307,19896.03178201925,206.7219990297918,0.0,0.0,0.0,0.0,206.7219990297918,206.7219990297918,206.7219990297918,206.7219990297918,206.7219990297918,0Lepton_2FJ,
WZ,2,2500.0,4000.0,1.0626508258283138,0.39611202273584706,0.0,0.0,0.0,0.0,0.5520954663757425,949.0895403234884,-0.18199999630451202,0.1809999942779541,31.871802243120563,31.695793611952652,-0.1340000033378601,0.1340000033378601,17.513648062844364,17.637786707799187,103.08621224010528,11.973497048317117,0.0,0.0,0.0,0.0,11.973497048317117,11.973497048317117,11.973497048317117,11.973497048317117,11.973497048317117,0Lepton_2FJ,
WZ,3,4000.0,6000.0,0.0,0.0,0.0,0.0,0.0,0.0,0.012335707491638634,141.5850427725678,-0.15399999916553497,0.15399999916553497,3.3660040201776167,3.3727110768254933,-0.1340000033378601,0.1340000033378601,2.5511063442283293,2.5569423547352943,0.8875877187092556,0.42493083596881964,0.0,0.0,0.0,0.0,0.42493083596881964,0.42493083596881964,0.42493083596881964,0.42493083596881964,0.42493083596881964,0Lepton_2FJ,
ZZ,1,1100.0,2500.0,33.86358471959829,3.6479503211736626,0.0,0.0,0.0,0.0,34.315032426648685,3905.8979109773495,-0.3580000102519989,0.35499998927116394,524.8268101530509,524.9091498617615,-0.1340000033378601,0.1340000033378601,102.05601803297992,105.19033905415307,19896.03178201925,206.7219990297918,0.0,0.0,0.0,0.0,206.7219990297918,206.7219990297918,206.7219990297918,206.7219990297918,206.7219990297918,0Lepton_2FJ,
ZZ,2,2500.0,4000.0,0.7900988012552261,0.45808174791381473,0.0,0.0,0.0,0.0,0.5520954663757425,949.0895403234884,-0.18199999630451202,0.1809999942779541,31.871802243120563,31.695793611952652,-0.1340000033378601,0.1340000033378601,17.513648062844364,17.637786707799187,103.08621224010528,11.973497048317117,0.0,0.0,0.0,0.0,11.973497048317117,11.973497048317117,11.973497048317117,11.973497048317117,11.973497048317117,0Lepton_2FJ,
ZZ,3,4000.0,6000.0,0.18713924288749695,0.18713924288749695,0.0,0.0,0.0,0.0,0.012335707491638634,141.5850427725678,-0.15399999916553497,0.15399999916553497,3.3660040201776167,3.3727110768254933,-0.1340000033378601,0.1340000033378601,2.5511063442283293,2.5569423547352943,0.8875877187092556,0.42493083596881964,0.0,0.0,0.0,0.0,0.42493083596881964,0.42493083596881964,0.42493083596881964,0.42493083596881964,0.42493083596881964,0Lepton_2FJ,
ttV,1,1100.0,2500.0,211.6158363786526,7.327446677627003,0.0,0.0,0.0,0.0,34.315032426648685,3905.8979109773495,-0.3580000102519989,0.35499998927116394,524.8268101530509,524.9091498617615,-0.1340000033378601,0.1340000033378601,102.05601803297992,105.19033905415307,19896.03178201925,206.7219990297918,0.0,0.0,0.0,0.0,206.7219990297918,206.7219990297918,206.7219990297918,206.7219990297918,206.7219990297918,0Lepton_2FJ,
ttV,2,2500.0,4000.0,3.6868091565556824,0.9845908985162933,0.0,0.0,0.0,0.0,0.5520954663757425,949.0895403234884,-0.18199999630451202,0.1809999942779541,31.871802243120563,31.695793611952652,-0.1340000033378601,0.1340000033378601,17.513648062844364,17.637786707799187,103.08621224010528,11.973497048317117,0.0,0.0,0.0,0.0,11.973497048317117,11.973497048317117,11.973497048317117,11.973497048317117,11.973497048317117,0Lepton_2FJ,
ttV,3,4000.0,6000.0,0.0,0.0,0.0,0.0,0.0,0.0,0.012335707491638634,141.5850427725678,-0.15399999916553497,0.15399999916553497,3.3660040201776167,3.3727110768254933,-0.1340000033378601,0.1340000033378601,2.5511063442283293,2.5569423547352943,0.8875877187092556,0.42493083596881964,0.0,0.0,0.0,0.0,0.42493083596881964,0.42493083596881964,0.42493083596881964,0.42493083596881964,0.42493083596881964,0Lepton_2FJ,
DY,1,1250.0,1500.0,8.320661306381226,0.7351518213830418,0.0,0.0,0.0,0.0,2.156194076231324,137.61106679140113,-0.5960000157356262,0.5820000171661377,48.42926704017552,48.509280173999045,-0.1289999932050705,0.12700000405311584,4.128166943080256,4.55572189430107,398.6356581727929,11.658191295649386,0.0,0.0,0.0,0.0,11.658191295649386,11.658191295649386,11.658191295649386,11.658191295649386,11.658191295649386,0Lepton_3FJ,
DY,2,1500.0,1750.0,3.3459248691797256,0.476219655426643,0.0,0.0,0.0,0.0,1.248749575939046,155.79439076049067,-0.42399999499320984,0.414000004529953,28.062475132977852,28.126959965882705,-0.1289999932050705,0.12700000405311584,3.5865940196437585,3.9195131752273866,132.1136423621885,6.400758833280303,0.0,0.0,0.0,0.0,6.400758833280303,6.400758833280303,6.400758833280303,6.400758833280303,6.400758833280303,0Lepton_3FJ,
DY,3,1750.0,2000.0,1.3090158626437187,0.2979331948577186,0.0,0.0,0.0,0.0,0.5651610524336047,145.09918824337106,-0.328000009059906,0.32199999690055847,15.741430852373162,15.73811580117911,-0.1289999932050705,0.12700000405311584,2.84554245206824,2.991362989257551,39.74305848794375,3.4353845060623454,0.0,0.0,0.0,0.0,3.4353845060623454,3.4353845060623454,3.4353845060623454,3.4353845060623454,3.4353845060623454,0Lepton_3FJ,
DY,4,2000.0,2250.0,0.7574682086706161,0.22251609053398394,0.0,0.0,0.0,0.0,0.29156117661367364,126.92608679565748,-0.28200000524520874,0.2770000100135803,10.153382018072369,10.12369432701192,-0.1289999932050705,0.12700000405311584,2.3148253819232747,2.3980418267830026,15.255981038863927,2.16423208989321,0.0,0.0,0.0,0.0,2.16423208989321,2.16423208989321,2.16423208989321,2.16423208989321,2.16423208989321,0Lepton_3FJ,
DY,5,2250.0,2500.0,0.15906842052936554,0.1124783588289478,0.0,0.0,0.0,0.0,0.17468668723703634,102.23977245254665,-0.2460000067949295,0.24199999868869781,6.242332251170068,6.217213305737375,-0.1289999932050705,0.12700000405311584,1.8213956779158282,1.8602943957581055,4.712656824557065,1.2185265310117541,0.0,0.0,0.0,0.0,1.2185265310117541,1.2185265310117541,1.2185265310117541,1.2185265310117541,1.2185265310117541,0Lepton_3FJ,
DY,6,2500.0,4000.0,0.13632303848862648,0.09772748647885791,0.0,0.0,0.0,0.0,0.1643883413371271,329.71636975468004,-0.13699999451637268,0.13500000536441803,6.273906870863684,6.227330073747602,-0.1289999932050705,0.12700000405311584,5.577551378227864,5.533714393157137,4.87704986668507,1.196750022286197,0.0,0.0,0.0,0.0,1.196750022286197,1.196750022286197,1.196750022286197,1.196750022286197,1.196750022286197,0Lepton_3FJ,
QCD,1,1250.0,1500.0,264.3946633698839,10.791725796597044,0.0,0.0,0.0,0.0,2.156194076231324,137.61106679140113,-0.5960000157356262,0.5820000171661377,48.42926704017552,48.509280173999045,-0.1289999932050705,0.12700000405311584,4.128166943080256,4.55572189430107,398.6356581727929,11.658191295649386,0.0,0.0,0.0,0.0,11.658191295649386,11.658191295649386,11.658191295649386,11.658191295649386,11.658191295649386,0Lepton_3FJ,
QCD,2,1500.0,1750.0,85.02343079565087,5.823910217666439,0.0,0.0,0.0,0.0,1.248749575939046,155.79439076049067,-0.42399999499320984,0.414000004529953,28.062475132977852,28.126959965882705,-0.1289999932050705,0.12700000405311584,3.5865940196437585,3.9195131752273866,132.1136423621885,6.400758833280303,0.0,0.0,0.0,0.0,6.400758833280303,6.400758833280303,6.400758833280303,6.400758833280303,6.400758833280303,0Lepton_3FJ,
QCD,3,1750.0,2000.0,22.095806574052226,3.024889962152859,0.0,0.0,0.0,0.0,0.5651610524336047,145.09918824337106,-0.328000009059906,0.32199999690055847,15.741430852373162,15.73811580117911,-0.1289999932050705,0.12700000405311584,2.84554245206824,2.991362989257551,39.74305848794375,3.4353845060623454,0.0,0.0,0.0,0.0,3.4353845060623454,3.4353845060623454,3.4353845060623454,3.4353845060623454,3.4353845060623454,0Lepton_3FJ,
QCD,4,2000.0,2250.0,8.100445696706691,1.875986434984812,0.0,0.0,0.0,0.0,0.29156117661367364,126.92608679565748,-0.28200000524520874,0.2770000100135803,10.153382018072369,10.12369432701192,-0.1289999932050705,0.12700000405311584,2.3148253819232747,2.3980418267830026,15.255981038863927,2.16423208989321,0.0,0.0,0.0,0.0,2.16423208989321,2.16423208989321,2.16423208989321,2.16423208989321,2.16423208989321,0Lepton_3FJ,
QCD,5,2250.0,2500.0,2.181578798392742,1.0663977984442239,0.0,0.0,0.0,0.0,0.17468668723703634,102.23977245254665,-0.2460000067949295,0.24199999868869781,6.242332251170068,6.217213305737375,-0.1289999932050705,0.12700000405311584,1.8213956779158282,1.8602943957581055,4.712656824557065,1.2185265310117541,0.0,0.0,0.0,0.0,1.2185265310117541,1.2185265310117541,1.2185265310117541,1.2185265310117541,1.2185265310117541,0Lepton_3FJ,
QCD,6,2500.0,4000.0,1.4072669530138453,0.884072154542651,0.0,0.0,0.0,0.0,0.1643883413371271,329.71636975468004,-0.13699999451637268,0.13500000536441803,6.273906870863684,6.227330073747602,-0.1289999932050705,0.12700000405311584,5.577551378227864,5.533714393157137,4.87704986668507,1.196750022286197,0.0,0.0,0.0,0.0,1.196750022286197,1.196750022286197,1.196750022286197,1.196750022286197,1.196750022286197,0Lepton_3FJ,
TTbar,1,1250.0,1500.0,63.42934338003397,2.6733973013644996,0.0,0.0,0.0,0.0,2.156194076231324,137.61106679140113,-0.5960000157356262,0.5820000171661377,48.42926704017552,48.509280173999045,-0.1289999932050705,0.12700000405311584,4.128166943080256,4.55572189430107,398.6356581727929,11.658191295649386,0.0,0.0,0.0,0.0,11.658191295649386,11.658191295649386,11.658191295649386,11.658191295649386,11.658191295649386,0Lepton_3FJ,
TTbar,2,1500.0,1750.0,16.533486746251583,1.3756392681012872,0.0,0.0,0.0,0.0,1.248749575939046,155.79439076049067,-0.42399999499320984,0.414000004529953,28.062475132977852,28.126959965882705,-0.1289999932050705,0.12700000405311584,3.5865940196437585,3.9195131752273866,132.1136423621885,6.400758833280303,0.0,0.0,0.0,0.0,6.400758833280303,6.400758833280303,6.400758833280303,6.400758833280303,6.400758833280303,0Lepton_3FJ,
TTbar,3,1750.0,2000.0,5.671124301850796,0.8037309064584531,0.0,0.0,0.0,0.0,0.5651610524336047,145.09918824337106,-0.328000009059906,0.32199999690055847,15.741430852373162,15.73811580117911,-0.1289999932050705,0.12700000405311584,2.84554245206824,2.991362989257551,39.74305848794375,3.4353845060623454,0.0,0.0,0.0,0.0,3.4353845060623454,3.4353845060623454,3.4353845060623454,3.4353845060623454,3.4353845060623454,0Lepton_3FJ,
TTbar,4,2000.0,2250.0,2.08247684314847,0.45046082933371956,0.0,0.0,0.0,0.0,0.29156117661367364,126.92608679565748,-0.28200000524520874,0.2770000100135803,10.153382018072369,10.12369432701192,-0.1289999932050705,0.12700000405311584,2.3148253819232747,2.3980418267830026,15.255981038863927,2.16423208989321,0.0,0.0,0.0,0.0,2.16423208989321,2.16423208989321,2.16423208989321,2.16423208989321,2.16423208989321,0Lepton_3FJ,
TTbar,5,2250.0,2500.0,0.6132752634584904,0.2524085953152234,0.0,0.0,0.0,0.0,0.17468668723703634,102.23977245254665,-0.2460000067949295,0.24199999868869781,6.242332251170068,6.217213305737375,-0.1289999932050705,0.12700000405311584,1.8213956779158282,1.8602943957581055,4.712656824557065,1.2185265310117541,0.0,0.0,0.0,0.0,1.2185265310117541,1.2185265310117541,1.2185265310117541,1.2185265310117541,1.2185265310117541,0Lepton_3FJ,
TTbar,6,2500.0,4000.0,0.433292992413044,0.22852263218319321,0.0,0.0,0.0,0.0,0.1643883413371271,329.71636975468004,-0.13699999451637268,0.13500000536441803,6.273906870863684,6.227330073747602,-0.1289999932050705,0.12700000405311584,5.577551378227864,5.533714393157137,4.87704986668507,1.196750022286197,0.0,0.0,0.0,0.0,1.196750022286197,1.196750022286197,1.196750022286197,1.196750022286197,1.196750022286197,0Lepton_3FJ,
WJets,1,1250.0,1500.0,19.29809100739658,1.339900722692111,0.0,0.0,0.0,0.0,2.156194076231324,137.61106679140113,-0.5960000157356262,0.5820000171661377,48.42926704017552,48.509280173999045,-0.1289999932050705,0.12700000405311584,4.128166943080256,4.55572189430107,398.6356581727929,11.658191295649386,0.0,0.0,0.0,0.0,11.658191295649386,11.658191295649386,11.658191295649386,11.658191295649386,11.658191295649386,0Lepton_3FJ,
WJets,2,1500.0,1750.0,8.487073187716305,0.9006274979247081,0.0,0.0,0.0,0.0,1.248749575939046,155.79439076049067,-0.42399999499320984,0.414000004529953,28.062475132977852,28.126959965882705,-0.1289999932050705,0.12700000405311584,3.5865940196437585,3.9195131752273866,132.1136423621885,6.400758833280303,0.0,0.0,0.0,0.0,6.400758833280303,6.400758833280303,6.400758833280303,6.400758833280303,6.400758833280303,0Lepton_3FJ,
WJets,3,1750.0,2000.0,3.108623112886562,0.5360851946530797,0.0,0.0,0.0,0.0,0.5651610524336047,145.09918824337106,-0.328000009059906,0.32199999690055847,15.741430852373162,15.73811580117911,-0.1289999932050705,0.12700000405311584,2.84554245206824,2.991362989257551,39.74305848794375,3.4353845060623454,0.0,0.0,0.0,0.0,3.4353845060623454,3.4353845060623454,3.4353845060623454,3.4353845060623454,3.4353845060623454,0Lepton_3FJ,
WJets,4,2000.0,2250.0,0.9209651717537781,0.29780640665170466,0.0,0.0,0.0,0.0,0.29156117661367364,126.92608679565748,-0.28200000524520874,0.2770000100135803,10.153382018072369,10.12369432701192,-0.1289999932050705,0.12700000405311584,2.3148253819232747,2.3980418267830026,15.255981038863927,2.16423208989321,0.0,0.0,0.0,0.0,2.16423208989321,2.16423208989321,2.16423208989321,2.16423208989321,2.16423208989321,0Lepton_3FJ,
WJets,5,2250.0,2500.0,0.6850190060213208,0.2380009107338103,0.0,0.0,0.0,0.0,0.17468668723703634,102.23977245254665,-0.2460000067949295,0.24199999868869781,6.242332251170068,6.217213305737375,-0.1289999932050705,0.12700000405311584,1.8213956779158282,1.8602943957581055,4.712656824557065,1.2185265310117541,0.0,0.0,0.0,0.0,1.2185265310117541,1.2185265310117541,1.2185265310117541,1.2185265310117541,1.2185265310117541,0Lepton_3FJ,
WJets,6,2500.0,4000.0,0.6682098987366771,0.26200654062138445,0.0,0.0,0.0,0.0,0.1643883413371271,329.71636975468004,-0.13699999451637268,0.13500000536441803,6.273906870863684,6.227330073747602,-0.1289999932050705,0.12700000405311584,5.577551378227864,5.533714393157137,4.87704986668507,1.196750022286197,0.0,0.0,0.0,0.0,1.196750022286197,1.196750022286197,1.196750022286197,1.196750022286197,1.196750022286197,0Lepton_3FJ,
WW,1,1250.0,1500.0,4.261055842041969,0.9088461159774744,0.0,0.0,0.0,0.0,2.156194076231324,137.61106679140113,-0.5960000157356262,0.5820000171661377,48.42926704017552,48.509280173999045,-0.1289999932050705,0.12700000405311584,4.128166943080256,4.55572189430107,398.6356581727929,11.658191295649386,0.0,0.0,0.0,0.0,11.658191295649386,11.658191295649386,11.658191295649386,11.658191295649386,11.658191295649386,0Lepton_3FJ,
WW,2,1500.0,1750.0,2.6592157408595085,0.642700720960802,0.0,0.0,0.0,0.0,1.248749575939046,155.79439076049067,-0.42399999499320984,0.414000004529953,28.062475132977852,28.126959965882705,-0.1289999932050705,0.12700000405311584,3.5865940196437585,3.9195131752273866,132.1136423621885,6.400758833280303,0.0,0.0,0.0,0.0,6.400758833280303,6.400758833280303,6.400758833280303,6.400758833280303,6.400758833280303,0Lepton_3FJ,
WW,3,1750.0,2000.0,0.9926059022545815,0.3561083535351449,0.0,0.0,0.0,0.0,0.5651610524336047,145.09918824337106,-0.328000009059906,0.32199999690055847,15.741430852373162,15.73811580117911,-0.1289999932050705,0.12700000405311584,2.84554245206824,2.991362989257551,39.74305848794375,3.4353845060623454,0.0,0.0,0.0,0.0,3.4353845060623454,3.4353845060623454,3.4353845060623454,3.4353845060623454,3.4353845060623454,0Lepton_3FJ,
WW,4,2000.0,2250.0,0.22619789093732834,0.26125068517446853,0.0,0.0,0.0,0.0,0.29156117661367364,126.92608679565748,-0.28200000524520874,0.2770000100135803,10.153382018072369,10.12369432701192,-0.1289999932050705,0.12700000405311584,2.3148253819232747,2.3980418267830026,15.255981038863927,2.16423208989321,0.0,0.0,0.0,0.0,2.16423208989321,2.16423208989321,2.16423208989321,2.16423208989321,2.16423208989321,0Lepton_3FJ,
WW,5,2250.0,2500.0,0.12879902124404907,0.12879902124404907,0.0,0.0,0.0,0.0,0.17468668723703634,102.23977245254665,-0.2460000067949295,0.24199999868869781,6.242332251170068,6.217213305737375,-0.1289999932050705,0.12700000405311584,1.8213956779158282,1.8602943957581055,4.712656824557065,1.2185265310117541,0.0,0.0,0.0,0.0,1.2185265310117541,1.2185265310117541,1.2185265310117541,1.2185265310117541,1.2185265310117541,0Lepton_3FJ,
WW,6,2500.0,4000.0,0.2858474627137184,0.17029521881579282,0.0,0.0,0.0,0.0,0.1643883413371271,329.71636975468004,-0.13699999451637268,0.13500000536441803,6.273906870863684,6.227330073747602,-0.1289999932050705,0.12700000405311584,5.577551378227864,5.533714393157137,4.87704986668507,1.196750022286197,0.0,0.0,0.0,0.0,1.196750022286197,1.196750022286197,1.196750022286197,1.196750022286197,1.196750022286197,0Lepton_3FJ,
WZ,1,1250.0,1500.0,0.19025547802448273,0.10998135364958891,0.0,0.0,0.0,0.0,2.156194076231324,137.61106679140113,-0.5960000157356262,0.5820000171661377,48.42926704017552,48.509280173999045,-0.1289999932050705,0.12700000405311584,4.128166943080256,4.55572189430107,398.6356581727929,11.658191295649386,0.0,0.0,0.0,0.0,11.658191295649386,11.658191295649386,11.658191295649386,11.658191295649386,11.658191295649386,0Lepton_3FJ,
WZ,2,1500.0,1750.0,0.06790421158075333,0.06790421158075333,0.0,0.0,0.0,0.0,1.248749575939046,155.79439076049067,-0.42399999499320984,0.414000004529953,28.062475132977852,28.126959965882705,-0.1289999932050705,0.12700000405311584,3.5865940196437585,3.9195131752273866,132.1136423621885,6.400758833280303,0.0,0.0,0.0,0.0,6.400758833280303,6.400758833280303,6.400758833280303,6.400758833280303,6.400758833280303,0Lepton_3FJ,
WZ,3,1750.0,2000.0,0.0,0.0,0.0,0.0,0.0,0.0,0.5651610524336047,145.09918824337106,-0.328000009059906,0.32199999690055847,15.741430852373162,15.73811580117911,-0.1289999932050705,0.12700000405311584,2.84554245206824,2.991362989257551,39.74305848794375,3.4353845060623454,0.0,0.0,0.0,0.0,3.4353845060623454,3.4353845060623454,3.4353845060623454,3.4353845060623454,3.4353845060623454,0Lepton_3FJ,
WZ,4,2000.0,2250.0,0.20797331631183624,0.20797331631183624,0.0,0.0,0.0,0.0,0.29156117661367364,126.92608679565748,-0.28200000524520874,0.2770000100135803,10.153382018072369,10.12369432701192,-0.1289999932050705,0.12700000405311584,2.3148253819232747,2.3980418267830026,15.255981038863927,2.16423208989321,0.0,0.0,0.0,0.0,2.16423208989321,2.16423208989321,2.16423208989321,2.16423208989321,2.16423208989321,0Lepton_3FJ,
WZ,5,2250.0,2500.0,0.1451195329427719,0.1451195329427719,0.0,0.0,0.0,0.0,0.17468668723703634,102.23977245254665,-0.2460000067949295,0.24199999868869781,6.242332251170068,6.217213305737375,-0.1289999932050705,0.12700000405311584,1.8213956779158282,1.8602943957581055,4.712656824557065,1.2185265310117541,0.0,0.0,0.0,0.0,1.2185265310117541,1.2185265310117541,1.2185265310117541,1.2185265310117541,1.2185265310117541,0Lepton_3FJ,
WZ,6,2500.0,4000.0,0.20797331631183624,0.20797331631183624,0.0,0.0,0.0,0.0,0.1643883413371271,329.71636975468004,-0.13699999451637268,0.13500000536441803,6.273906870863684,6.227330073747602,-0.1289999932050705,0.12700000405311584,5.577551378227864,5.533714393157137,4.87704986668507,1.196750022286197,0.0,0.0,0.0,0.0,1.196750022286197,1.196750022286197,1.196750022286197,1.196750022286197,1.196750022286197,0Lepton_3FJ,
ZZ,1,1250.0,1500.0,0.6529859751462936,0.299711496187275,0.0,0.0,0.0,0.0,2.156194076231324,137.61106679140113,-0.5960000157356262,0.5820000171661377,48.42926704017552,48.509280173999045,-0.1289999932050705,0.12700000405311584,4.128166943080256,4.55572189430107,398.6356581727929,11.658191295649386,0.0,0.0,0.0,0.0,11.658191295649386,11.658191295649386,11.658191295649386,11.658191295649386,11.658191295649386,0Lepton_3FJ,
ZZ,2,1500.0,1750.0,0.18713924288749695,0.18713924288749695,0.0,0.0,0.0,0.0,1.248749575939046,155.79439076049067,-0.42399999499320984,0.414000004529953,28.062475132977852,28.126959965882705,-0.1289999932050705,0.12700000405311584,3.5865940196437585,3.9195131752273866,132.1136423621885,6.400758833280303,0.0,0.0,0.0,0.0,6.400758833280303,6.400758833280303,6.400758833280303,6.400758833280303,6.400758833280303,0Lepton_3FJ,
ZZ,3,1750.0,2000.0,0.5480807796120644,0.280752347980814,0.0,0.0,0.0,0.0,0.5651610524336047,145.09918824337106,-0.328000009059906,0.32199999690055847,15.741430852373162,15.73811580117911,-0.1289999932050705,0.12700000405311584,2.84554245206824,2.991362989257551,39.74305848794375,3.4353845060623454,0.0,0.0,0.0,0.0,3.4353845060623454,3.4353845060623454,3.4353845060623454,3.4353845060623454,3.4353845060623454,0Lepton_3FJ,
ZZ,4,2000.0,2250.0,0.0,0.0,0.0,0.0,0.0,0.0,0.29156117661367364,126.92608679565748,-0.28200000524520874,0.2770000100135803,10.153382018072369,10.12369432701192,-0.1289999932050705,0.12700000405311584,2.3148253819232747,2.3980418267830026,15.255981038863927,2.16423208989321,0.0,0.0,0.0,0.0,2.16423208989321,2.16423208989321,2.16423208989321,2.16423208989321,2.16423208989321,0Lepton_3FJ,
ZZ,5,2250.0,2500.0,0.1310497224330902,0.1310497224330902,0.0,0.0,0.0,0.0,0.17468668723703634,102.23977245254665,-0.2460000067949295,0.24199999868869781,6.242332251170068,6.217213305737375,-0.1289999932050705,0.12700000405311584,1.8213956779158282,1.8602943957581055,4.712656824557065,1.2185265310117541,0.0,0.0,0.0,0.0,1.2185265310117541,1.2185265310117541,1.2185265310117541,1.2185265310117541,1.2185265310117541,0Lepton_3FJ,
ZZ,6,2500.0,4000.0,0.0,0.0,0.0,0.0,0.0,0.0,0.1643883413371271,329.71636975468004,-0.13699999451637268,0.13500000536441803,6.273906870863684,6.227330073747602,-0.1289999932050705,0.12700000405311584,5.577551378227864,5.533714393157137,4.87704986668507,1.196750022286197,0.0,0.0,0.0,0.0,1.196750022286197,1.196750022286197,1.196750022286197,1.196750022286197,1.196750022286197,0Lepton_3FJ,
ttV,1,1250.0,1500.0,38.08860181388445,3.0068786469186954,0.0,0.0,0.0,0.0,2.156194076231324,137.61106679140113,-0.5960000157356262,0.5820000171661377,48.42926704017552,48.509280173999045,-0.1289999932050705,0.12700000405311584,4.128166943080256,4.55572189430107,398.6356581727929,11.658191295649386,0.0,0.0,0.0,0.0,11.658191295649386,11.658191295649386,11.658191295649386,11.658191295649386,11.658191295649386,0Lepton_3FJ,
ttV,2,1500.0,1750.0,15.809467568062246,1.9154082273235655,0.0,0.0,0.0,0.0,1.248749575939046,155.79439076049067,-0.42399999499320984,0.414000004529953,28.062475132977852,28.126959965882705,-0.1289999932050705,0.12700000405311584,3.5865940196437585,3.9195131752273866,132.1136423621885,6.400758833280303,0.0,0.0,0.0,0.0,6.400758833280303,6.400758833280303,6.400758833280303,6.400758833280303,6.400758833280303,0Lepton_3FJ,
ttV,3,1750.0,2000.0,6.017801954643801,1.1933723167917727,0.0,0.0,0.0,0.0,0.5651610524336047,145.09918824337106,-0.328000009059906,0.32199999690055847,15.741430852373162,15.73811580117911,-0.1289999932050705,0.12700000405311584,2.84554245206824,2.991362989257551,39.74305848794375,3.4353845060623454,0.0,0.0,0.0,0.0,3.4353845060623454,3.4353845060623454,3.4353845060623454,3.4353845060623454,3.4353845060623454,0Lepton_3FJ,
ttV,4,2000.0,2250.0,2.9604539113352075,0.8437734226208373,0.0,0.0,0.0,0.0,0.29156117661367364,126.92608679565748,-0.28200000524520874,0.2770000100135803,10.153382018072369,10.12369432701192,-0.1289999932050705,0.12700000405311584,2.3148253819232747,2.3980418267830026,15.255981038863927,2.16423208989321,0.0,0.0,0.0,0.0,2.16423208989321,2.16423208989321,2.16423208989321,2.16423208989321,2.16423208989321,0Lepton_3FJ,
ttV,5,2250.0,2500.0,0.6687470595352352,0.3997171901283801,0.0,0.0,0.0,0.0,0.17468668723703634,102.23977245254665,-0.2460000067949295,0.24199999868869781,6.242332251170068,6.217213305737375,-0.1289999932050705,0.12700000405311584,1.8213956779158282,1.8602943957581055,4.712656824557065,1.2185265310117541,0.0,0.0,0.0,0.0,1.2185265310117541,1.2185265310117541,1.2185265310117541,1.2185265310117541,1.2185265310117541,0Lepton_3FJ,
ttV,6,2500.0,4000.0,1.7381362050073221,0.6692929083691764,0.0,0.0,0.0,0.0,0.1643883413371271,329.71636975468004,-0.13699999451637268,0.13500000536441803,6.273906870863684,6.227330073747602,-0.1289999932050705,0.12700000405311584,5.577551378227864,5.533714393157137,4.87704986668507,1.196750022286197,0.0,0.0,0.0,0.0,1.196750022286197,1.196750022286197,1.196750022286197,1.196750022286197,1.196750022286197,0Lepton_3FJ,
Other,1,500.0,1600.0,129.5636921459323,5.165262193017413,0.0,0.0,0.0,0.0,7.090197659930101,151.6724590548405,-0.7160000205039978,0.7080000042915344,79.68588834812398,79.82072727615942,-0.2029999941587448,0.20200000703334808,12.745121966998207,13.189844498195065,807.7172694655933,22.710344435281073,4.302693559604691,4.980347258510376,4.757775451448517,4.54759314767816,23.179807075918465,23.25002372438475,23.11434438258991,23.161181917292378,23.203365523464655,1Lepton,
Other,2,1600.0,2600.0,27.45474013829397,1.630133428926798,0.0,0.0,0.0,0.0,2.311349165923987,280.5818056872342,-0.3869999945163727,0.38499999046325684,43.64554719434963,43.70888485597863,-0.2029999941587448,0.20200000703334808,13.622958666879697,13.7686296545337,199.18014049743024,14.717176734037887,4.268314254254808,5.093454678111159,4.915710446415184,4.471865152042474,15.443638509323483,15.573649911914629,15.323635260406743,15.381575633170938,15.516426786277227,1Lepton,
Other,3,2600.0,3400.0,1.4699372051178776,0.37808824349069314,0.0,0.0,0.0,0.0,0.23698075433424906,123.59964236915164,-0.3330000042915344,0.3319999873638153,13.870082612255311,13.85771843507383,-0.2029999941587448,0.20200000703334808,5.295071680421934,5.287543105227212,19.200924718056697,4.791747717485885,2.071478841692853,2.243967400418444,2.071478841692853,2.243967400418444,5.255151306591402,5.291146934471948,5.22033243956861,5.291146934471948,5.22033243956861,1Lepton,
Other,4,3400.0,4000.0,0.10109006224068669,0.10051826248745498,0.0,0.0,0.0,0.0,0.0545742245038181,93.32871069849138,-0.21699999272823334,0.21699999272823334,4.434084416279146,4.454914862221311,-0.2029999941587448,0.20200000703334808,3.886586735715854,3.868269185477618,1.652637414523693,1.1252664571980127,0.36785318072792167,0.40006236092733477,0.36785318072792167,0.40006236092733477,1.1889693728073436,1.1942673454154726,1.1838667840034265,1.1942673454154726,1.1838667840034265,1Lepton,
Top,1,500.0,1600.0,268.0720424940706,7.714502533354524,0.0,0.0,0.0,0.0,7.090197659930101,151.6724590548405,-0.7160000205039978,0.7080000042915344,79.68588834812398,79.82072727615942,-0.2029999941587448,0.20200000703334808,12.745121966998207,13.189844498195065,807.7172694655933,22.710344435281073,4.302693559604691,4.980347258510376,4.757775451448517,4.54759314767816,23.179807075918465,23.25002372438475,23.11434438258991,23.161181917292378,23.203365523464655,1Lepton,
Top,2,1600.0,2600.0,43.220862045900724,3.039632714895798,0.0,0.0,0.0,0.0,2.311349165923987,280.5818056872342,-0.3869999945163727,0.38499999046325684,43.64554719434963,43.70888485597863,-0.2029999941587448,0.20200000703334808,13.622958666879697,13.7686296545337,199.18014049743024,14.717176734037887,4.268314254254808,5.093454678111159,4.915710446415184,4.471865152042474,15.443638509323483,15.573649911914629,15.323635260406743,15.381575633170938,15.516426786277227,1Lepton,
Top,3,2600.0,3400.0,2.5025475426043946,0.7578806109901257,0.0,0.0,0.0,0.0,0.23698075433424906,123.59964236915164,-0.3330000042915344,0.3319999873638153,13.870082612255311,13.85771843507383,-0.2029999941587448,0.20200000703334808,5.295071680421934,5.287543105227212,19.200924718056697,4.791747717485885,2.071478841692853,2.243967400418444,2.071478841692853,2.243967400418444,5.255151306591402,5.291146934471948,5.22033243956861,5.291146934471948,5.22033243956861,1Lepton,
Top,4,3400.0,4000.0,0.08220006995098818,0.19728672670348277,0.0,0.0,0.0,0.0,0.0545742245038181,93.32871069849138,-0.21699999272823334,0.21699999272823334,4.434084416279146,4.454914862221311,-0.2029999941587448,0.20200000703334808,3.886586735715854,3.868269185477618,1.652637414523693,1.1252664571980127,0.36785318072792167,0.40006236092733477,0.36785318072792167,0.40006236092733477,1.1889693728073436,1.1942673454154726,1.1838667840034265,1.1942673454154726,1.1838667840034265,1Lepton,
WJets,1,500.0,1600.0,410.08153482559044,20.725980350983487,4.302693559604691,4.980347258510376,4.757775451448517,4.54759314767816,7.090197659930101,151.6724590548405,-0.7160000205039978,0.7080000042915344,79.68588834812398,79.82072727615942,-0.2029999941587448,0.20200000703334808,12.745121966998207,13.189844498195065,807.7172694655933,22.710344435281073,4.302693559604691,4.980347258510376,4.757775451448517,4.54759314767816,23.179807075918465,23.25002372438475,23.11434438258991,23.161181917292378,23.203365523464655,1Lepton,
WJets,2,1600.0,2600.0,128.50453831323554,14.3072914621649,4.268314254254808,5.093454678111159,4.915710446415184,4.471865152042474,2.311349165923987,280.5818056872342,-0.3869999945163727,0.38499999046325684,43.64554719434963,43.70888485597863,-0.2029999941587448,0.20200000703334808,13.622958666879697,13.7686296545337,199.18014049743024,14.717176734037887,4.268314254254808,5.093454678111159,4.915710446415184,4.471865152042474,15.443638509323483,15.573649911914629,15.323635260406743,15.381575633170938,15.516426786277227,1Lepton,
WJets,3,2600.0,3400.0,15.228439970334424,4.716302836719727,2.071478841692853,2.243967400418444,2.071478841692853,2.243967400418444,0.23698075433424906,123.59964236915164,-0.3330000042915344,0.3319999873638153,13.870082612255311,13.85771843507383,-0.2029999941587448,0.20200000703334808,5.295071680421934,5.287543105227212,19.200924718056697,4.791747717485885,2.071478841692853,2.243967400418444,2.071478841692853,2.243967400418444,5.255151306591402,5.291146934471948,5.22033243956861,5.291146934471948,5.22033243956861,1Lepton,
WJets,4,3400.0,4000.0,1.4693472823320182,1.1032672505191548,0.36785318072792167,0.40006236092733477,0.36785318072792167,0.40006236092733477,0.0545742245038181,93.32871069849138,-0.21699999272823334,0.21699999272823334,4.434084416279146,4.454914862221311,-0.2029999941587448,0.20200000703334808,3.886586735715854,3.868269185477618,1.652637414523693,1.1252664571980127,0.36785318072792167,0.40006236092733477,0.36785318072792167,0.40006236092733477,1.1889693728073436,1.1942673454154726,1.1838667840034265,1.1942673454154726,1.1838667840034265,1Lepton,
TTbar,1,200.0,800.0,126.13375120962145,5.019420521564617,25.226750241924307,25.226750241924293,25.226750241924307,25.226750241924293,9.034,68.06854104588143,-1.1540000438690186,1.1299999952316284,84.15250133802166,84.20843705411583,-0.1899999976158142,0.18700000643730164,10.846901852428848,11.312368886380527,212.1695689520269,6.650159238273003,36.09132169764394,36.091321697643934,36.09132169764394,36.091321697643934,36.698884448675166,36.698884448675166,36.698884448675166,36.698884448675166,36.698884448675166,2Lepton_OS,OF
TTbar,2,800.0,1350.0,7.018784584417854,0.9390546762387421,1.4037569168835704,1.4037569168835704,1.4037569168835704,1.4037569168835704,1.849,95.37998729770305,-0.33000001311302185,0.32199999690055847,11.738273386537905,11.694027226423978,-0.1899999976158142,0.18700000643730164,5.072853930919052,5.22230431657111,12.3433281883096,1.3462088577310054,2.1265235232123514,2.1265235232123514,2.1265235232123514,2.1265235232123514,2.516819537314682,2.516819537314682,2.516819537314682,2.516819537314682,2.516819537314682,2Lepton_OS,OF
TTbar,3,1350.0,5000.0,0.36064579620549564,0.30035803006312806,0.07212915924109914,0.07212915924109914,0.07212915924109914,0.07212915924109914,0.233,89.90236579259741,-0.20000000298023224,0.1979999989271164,3.7836869477473605,3.772275264739747,-0.1899999976158142,0.18700000643730164,3.4360663186616223,3.3915085307052086,0.8704391976763214,0.4148486721964572,0.16909362409421397,0.16909362409421397,0.16909362409421397,0.16909362409421397,0.44798669012871234,0.44798669012871234,0.44798669012871234,0.44798669012871234,0.44798669012871234,2Lepton_OS,OF
restbkg,1,200.0,800.0,86.03581774240544,4.3623428936849695,25.81074532272163,25.81074532272163,25.81074532272163,25.81074532272163,9.034,68.06854104588143,-1.1540000438690186,1.1299999952316284,84.15250133802166,84.20843705411583,-0.1899999976158142,0.18700000643730164,10.846901852428848,11.312368886380527,212.1695689520269,6.650159238273003,36.09132169764394,36.091321697643934,36.09132169764394,36.091321697643934,36.698884448675166,36.698884448675166,36.698884448675166,36.698884448675166,36.698884448675166,2Lepton_OS,OF
restbkg,2,800.0,1350.0,5.324543603891747,0.9646007483241807,1.597363081167524,1.597363081167524,1.597363081167524,1.597363081167524,1.849,95.37998729770305,-0.33000001311302185,0.32199999690055847,11.738273386537905,11.694027226423978,-0.1899999976158142,0.18700000643730164,5.072853930919052,5.22230431657111,12.3433281883096,1.3462088577310054,2.1265235232123514,2.1265235232123514,2.1265235232123514,2.1265235232123514,2.516819537314682,2.516819537314682,2.516819537314682,2.516819537314682,2.516819537314682,2Lepton_OS,OF
restbkg,3,1350.0,5000.0,0.5097934014708257,0.28615463407004377,0.1529380204412477,0.1529380204412477,0.1529380204412477,0.1529380204412477,0.233,89.90236579259741,-0.20000000298023224,0.1979999989271164,3.7836869477473605,3.772275264739747,-0.1899999976158142,0.18700000643730164,3.4360663186616223,3.3915085307052086,0.8704391976763214,0.4148486721964572,0.16909362409421397,0.16909362409421397,0.16909362409421397,0.16909362409421397,0.44798669012871234,0.44798669012871234,0.44798669012871234,0.44798669012871234,0.44798669012871234,2Lepton_OS,OF
DY,1,200.0,800.0,346.5992164514756,25.451282900792037,40.64135943351033,40.64135943351033,40.64135943351033,40.64135943351033,7.057,57.05845649475914,-1.8639999628067017,1.8420000076293945,175.0668876291518,175.04835276678122,-0.3149999976158142,0.31200000643730164,11.57457038321075,12.154336549807898,590.3120821184023,26.51845943301718,83.65020368681996,83.65020368681996,83.65020368681996,83.65020368681996,87.75297868190599,87.75297868190599,87.75297868190599,87.75297868190599,87.75297868190599,2Lepton_OS,SFnoZ
DY,2,800.0,1050.0,31.942193850957192,7.0824980113439215,19.158467213884233,19.158467213884233,19.158467213884233,19.158467213884233,1.307,41.766412932826704,-0.9739999771118164,0.9629999995231628,38.89693579932337,38.84249996033677,-0.3149999976158142,0.31200000643730164,5.150753441990779,5.334008166560602,53.304449643730536,7.2680150978366145,20.20193068782056,20.20193068782056,20.20193068782056,20.20193068782056,21.46956094050102,21.46956094050102,21.46956094050102,21.46956094050102,21.46956094050102,2Lepton_OS,SFnoZ
DY,3,1050.0,5000.0,6.182429661072676,4.610277334584801,3.576335531481355,3.5763355314813543,3.5763355314813543,3.576335531481355,0.63,126.99516265300137,-0.32199999690055847,0.3190000057220459,13.571067483430513,13.571197455407674,-0.3149999976158142,0.31200000643730164,13.011938650969032,13.012065784244967,13.178574781354342,4.678806514232945,4.146724010915087,4.146724010915087,4.1467240109150865,4.146724010915088,6.2519237375649706,6.2519237375649706,6.2519237375649706,6.251923737564971,6.25192373756497,2Lepton_OS,SFnoZ
restbkg,1,200.0,800.0,243.7128656669266,7.447206818964328,73.113859700078,73.113859700078,73.113859700078,73.113859700078,7.057,57.05845649475914,-1.8639999628067017,1.8420000076293945,175.0668876291518,175.04835276678122,-0.3149999976158142,0.31200000643730164,11.57457038321075,12.154336549807898,590.3120821184023,26.51845943301718,83.65020368681996,83.65020368681996,83.65020368681996,83.65020368681996,87.75297868190599,87.75297868190599,87.75297868190599,87.75297868190599,87.75297868190599,2Lepton_OS,SFnoZ
restbkg,2,800.0,1050.0,21.362255792773347,1.631644992542915,6.408676737832003,6.408676737832003,6.408676737832003,6.408676737832003,1.307,41.766412932826704,-0.9739999771118164,0.9629999995231628,38.89693579932337,38.84249996033677,-0.3149999976158142,0.31200000643730164,5.150753441990779,5.334008166560602,53.304449643730536,7.2680150978366145,20.20193068782056,20.20193068782056,20.20193068782056,20.20193068782056,21.46956094050102,21.46956094050102,21.46956094050102,21.46956094050102,21.46956094050102,2Lepton_OS,SFnoZ
restbkg,3,1050.0,5000.0,6.996145120281667,0.7978554354281892,2.098843536084499,2.0988435360845,2.098843536084499,2.0988435360845,0.63,126.99516265300137,-0.32199999690055847,0.3190000057220459,13.571067483430513,13.571197455407674,-0.3149999976158142,0.31200000643730164,13.011938650969032,13.012065784244967,13.178574781354342,4.678806514232945,4.146724010915087,4.146724010915087,4.1467240109150865,4.146724010915088,6.2519237375649706,6.2519237375649706,6.2519237375649706,6.251923737564971,6.25192373756497,2Lepton_OS,SFnoZ
DY,1,200.0,800.0,2013.979839726649,56.99906649481782,39.804770569751554,39.80477056975133,39.80477056975133,39.804770569751554,14.04,61.16889934692502,-3.380000114440918,3.3329999446868896,521.4605088077701,521.3077659173023,-0.3499999940395355,0.34700000286102295,18.82392255315619,20.18920248379292,2938.9858330838006,58.43463468992619,280.342054742611,280.34205474261097,280.34205474261097,280.342054742611,286.3673762645708,286.3673762645707,286.3673762645708,286.3673762645708,286.3673762645707,2Lepton_OS,SFZ
DY,2,800.0,1300.0,212.1376979884474,20.184432138393177,17.30675249810821,17.30675249810821,17.30675249810821,17.30675249810821,4.678,86.69137098690624,-1.2020000219345093,1.184999942779541,119.66854705954016,119.55309885118862,-0.3499999940395355,0.34700000286102295,14.099344825805808,14.853012106456685,389.1907934222074,20.960689789930694,55.864349600363425,55.864349600363425,55.864349600363425,55.864349600363425,59.667211035386345,59.667211035386345,59.667211035386345,59.667211035386345,59.667211035386345,2Lepton_OS,SFZ
DY,3,1300.0,5000.0,3.64477712765617,2.712487483453887,0.3843335079082757,0.3843335079082757,0.3843335079082757,0.3843335079082757,0.617,92.49782937281785,-0.375,0.3720000088214874,13.392423360193312,13.397677146355731,-0.3499999940395355,0.34700000286102295,11.739236839012785,11.7441389660485,15.997412331965192,2.982107667670704,3.7256671791059377,3.7256671791059377,3.7256671791059377,3.7256671791059377,4.772165344060032,4.772165344060032,4.772165344060032,4.772165344060032,4.772165344060032,2Lepton_OS,SFZ
restbkg,1,200.0,800.0,925.0059933571515,12.872954208901021,277.50179800714545,277.50179800714545,277.50179800714545,277.50179800714545,14.04,61.16889934692502,-3.380000114440918,3.3329999446868896,521.4605088077701,521.3077659173023,-0.3499999940395355,0.34700000286102295,18.82392255315619,20.18920248379292,2938.9858330838006,58.43463468992619,280.342054742611,280.34205474261097,280.34205474261097,280.342054742611,286.3673762645708,286.3673762645707,286.3673762645708,286.3673762645708,286.3673762645707,2Lepton_OS,SFZ
restbkg,2,800.0,1300.0,177.05309543375998,5.651479073685532,53.115928630127996,53.115928630127996,53.115928630127996,53.115928630127996,4.678,86.69137098690624,-1.2020000219345093,1.184999942779541,119.66854705954016,119.55309885118862,-0.3499999940395355,0.34700000286102295,14.099344825805808,14.853012106456685,389.1907934222074,20.960689789930694,55.864349600363425,55.864349600363425,55.864349600363425,55.864349600363425,59.667211035386345,59.667211035386345,59.667211035386345,59.667211035386345,59.667211035386345,2Lepton_OS,SFZ
restbkg,3,1300.0,5000.0,12.352635204309022,1.2391036250800032,3.705790561292707,3.705790561292707,3.705790561292707,3.705790561292707,0.617,92.49782937281785,-0.375,0.3720000088214874,13.392423360193312,13.397677146355731,-0.3499999940395355,0.34700000286102295,11.739236839012785,11.7441389660485,15.997412331965192,2.982107667670704,3.7256671791059377,3.7256671791059377,3.7256671791059377,3.7256671791059377,4.772165344060032,4.772165344060032,4.772165344060032,4.772165344060032,4.772165344060032,2Lepton_OS,SFZ
DY,1,0.0,800.0,1.1254503726959229,0.42484308318391706,0.07117266583705402,0.0587897702724257,0.05910906217944549,0.07090771621836366,5.066952228546143,17.268917083740234,-1.1260000467300415,1.0870000123977661,19.453051657255358,19.441574598225507,-0.21400000154972076,0.20399999618530273,5.50805988788531,5.648312877614626,34.18157958984375,2.176300325770671,1.0173597761905586,1.186540965440344,1.1976184265157974,1.0042960128111795,2.439380603286383,2.4787421347565846,2.4023538503226436,2.3968507649200776,2.4840638082544704,2Lepton_SS,1FJ
DY,2,800.0,1400.0,0.48902297019958496,0.189549943448586,0.04086098114925741,0.037132827862689996,0.0377816859194353,0.04026177957623434,4.150169372558594,56.557334899902344,-0.4429999887943268,0.42100000381469727,13.712463374900612,13.714394935842227,-0.21400000154972076,0.20399999618530273,6.256553961153282,6.514692635363479,11.377612113952637,1.3929126566075691,0.519029117432943,0.7864719482183077,0.46601167738852384,0.8190008953688969,1.538274659169062,1.5996073875397852,1.4864712892218186,1.6158490447911928,1.46879969784856,2Lepton_SS,1FJ
DY,3,1400.0,1500.0,0.11914192885160446,0.1069846869242944,0.11575890395220176,0.11576963433017065,0.01234371949280543,0.16324939407617853,0.9247208833694458,80.91988372802734,-0.21899999678134918,0.20999999344348907,4.58194326021675,4.564009381231266,-0.21400000154972076,0.20399999618530273,4.413569517949123,4.3629383759997875,0.34460997581481934,0.1552188105545839,0.12474690263961348,0.12549122090926332,0.03527626930618829,0.17339383226433405,0.19936814883349732,0.19960191801502644,0.1991348007460198,0.23271935935218585,0.15917692774438927,2Lepton_SS,1FJ
TTbar,1,0.0,800.0,23.252288818359375,1.6187582259403654,0.9422647099284603,1.119226150949903,1.1306949675001094,0.9284712440440076,5.066952228546143,17.268917083740234,-1.1260000467300415,1.0870000123977661,19.453051657255358,19.441574598225507,-0.21400000154972076,0.20399999618530273,5.50805988788531,5.648312877614626,34.18157958984375,2.176300325770671,1.0173597761905586,1.186540965440344,1.1976184265157974,1.0042960128111795,2.439380603286383,2.4787421347565846,2.4023538503226436,2.3968507649200776,2.4840638082544704,2Lepton_SS,1FJ
TTbar,2,800.0,1400.0,4.07717752456665,0.6839195691734667,0.4386350105718748,0.72925976220676,0.3799880874983707,0.761465381112352,4.150169372558594,56.557334899902344,-0.4429999887943268,0.42100000381469727,13.712463374900612,13.714394935842227,-0.21400000154972076,0.20399999618530273,6.256553961153282,6.514692635363479,11.377612113952637,1.3929126566075691,0.519029117432943,0.7864719482183077,0.46601167738852384,0.8190008953688969,1.538274659169062,1.5996073875397852,1.4864712892218186,1.6158490447911928,1.46879969784856,2Lepton_SS,1FJ
TTbar,3,1400.0,1500.0,0.0,0.0,0.0,0.0,0.0,0.0,0.9247208833694458,80.91988372802734,-0.21899999678134918,0.20999999344348907,4.58194326021675,4.564009381231266,-0.21400000154972076,0.20399999618530273,4.413569517949123,4.3629383759997875,0.34460997581481934,0.1552188105545839,0.12474690263961348,0.12549122090926332,0.03527626930618829,0.17339383226433405,0.19936814883349732,0.19960191801502644,0.1991348007460198,0.23271935935218585,0.15917692774438927,2Lepton_SS,1FJ
WJets,1,0.0,800.0,1.4287790060043335,1.07866465822216,0.08128708442195239,0.06196953149447845,0.06229219781329968,0.0810400827927484,5.066952228546143,17.268917083740234,-1.1260000467300415,1.0870000123977661,19.453051657255358,19.441574598225507,-0.21400000154972076,0.20399999618530273,5.50805988788531,5.648312877614626,34.18157958984375,2.176300325770671,1.0173597761905586,1.186540965440344,1.1976184265157974,1.0042960128111795,2.439380603286383,2.4787421347565846,2.4023538503226436,2.3968507649200776,2.4840638082544704,2Lepton_SS,1FJ
WJets,2,800.0,1400.0,1.1145241260528564,0.9967683595667578,0.08958131549107194,0.09791948313818588,0.09796932792222182,0.08952680073379482,4.150169372558594,56.557334899902344,-0.4429999887943268,0.42100000381469727,13.712463374900612,13.714394935842227,-0.21400000154972076,0.20399999618530273,6.256553961153282,6.514692635363479,11.377612113952637,1.3929126566075691,0.519029117432943,0.7864719482183077,0.46601167738852384,0.8190008953688969,1.538274659169062,1.5996073875397852,1.4864712892218186,1.6158490447911928,1.46879969784856,2Lepton_SS,1FJ
WJets,3,1400.0,1500.0,0.0,0.0,0.0,0.0,0.0,0.0,0.9247208833694458,80.91988372802734,-0.21899999678134918,0.20999999344348907,4.58194326021675,4.564009381231266,-0.21400000154972076,0.20399999618530273,4.413569517949123,4.3629383759997875,0.34460997581481934,0.1552188105545839,0.12474690263961348,0.12549122090926332,0.03527626930618829,0.17339383226433405,0.19936814883349732,0.19960191801502644,0.1991348007460198,0.23271935935218585,0.15917692774438927,2Lepton_SS,1FJ
WW,1,0.0,800.0,1.4745253324508667,0.2486005371612035,0.04706102864324287,0.03877284738303744,0.03908252810058014,0.04680416763938659,5.066952228546143,17.268917083740234,-1.1260000467300415,1.0870000123977661,19.453051657255358,19.441574598225507,-0.21400000154972076,0.20399999618530273,5.50805988788531,5.648312877614626,34.18157958984375,2.176300325770671,1.0173597761905586,1.186540965440344,1.1976184265157974,1.0042960128111795,2.439380603286383,2.4787421347565846,2.4023538503226436,2.3968507649200776,2.4840638082544704,2Lepton_SS,1FJ
WW,2,800.0,1400.0,0.758755624294281,0.14388952896504356,0.0362398913709977,0.026124444349839286,0.03628806808658793,0.026057483257458342,4.150169372558594,56.557334899902344,-0.4429999887943268,0.42100000381469727,13.712463374900612,13.714394935842227,-0.21400000154972076,0.20399999618530273,6.256553961153282,6.514692635363479,11.377612113952637,1.3929126566075691,0.519029117432943,0.7864719482183077,0.46601167738852384,0.8190008953688969,1.538274659169062,1.5996073875397852,1.4864712892218186,1.6158490447911928,1.46879969784856,2Lepton_SS,1FJ
WW,3,1400.0,1500.0,0.062029242515563965,0.015065783230325487,0.03329170201733618,0.029680943312520126,0.003130543147236875,0.044491521874795735,0.9247208833694458,80.91988372802734,-0.21899999678134918,0.20999999344348907,4.58194326021675,4.564009381231266,-0.21400000154972076,0.20399999618530273,4.413569517949123,4.3629383759997875,0.34460997581481934,0.1552188105545839,0.12474690263961348,0.12549122090926332,0.03527626930618829,0.17339383226433405,0.19936814883349732,0.19960191801502644,0.1991348007460198,0.23271935935218585,0.15917692774438927,2Lepton_SS,1FJ
WZ,1,0.0,800.0,3.7708964347839355,0.8247653700005667,0.3196767948637101,0.3433294027958719,0.34337424924088666,0.3196286234941453,5.066952228546143,17.268917083740234,-1.1260000467300415,1.0870000123977661,19.453051657255358,19.441574598225507,-0.21400000154972076,0.20399999618530273,5.50805988788531,5.648312877614626,34.18157958984375,2.176300325770671,1.0173597761905586,1.186540965440344,1.1976184265157974,1.0042960128111795,2.439380603286383,2.4787421347565846,2.4023538503226436,2.3968507649200776,2.4840638082544704,2Lepton_SS,1FJ
WZ,2,800.0,1400.0,3.1420092582702637,0.6349669741412581,0.20516904288086807,0.2304476522450185,0.18595085505822234,0.2462168476871728,4.150169372558594,56.557334899902344,-0.4429999887943268,0.42100000381469727,13.712463374900612,13.714394935842227,-0.21400000154972076,0.20399999618530273,6.256553961153282,6.514692635363479,11.377612113952637,1.3929126566075691,0.519029117432943,0.7864719482183077,0.46601167738852384,0.8190008953688969,1.538274659169062,1.5996073875397852,1.4864712892218186,1.6158490447911928,1.46879969784856,2Lepton_SS,1FJ
WZ,3,1400.0,1500.0,0.10526532679796219,0.10526532969326552,0.02912960202622661,0.032493524169391455,0.029129849357412325,0.03249330244169769,0.9247208833694458,80.91988372802734,-0.21899999678134918,0.20999999344348907,4.58194326021675,4.564009381231266,-0.21400000154972076,0.20399999618530273,4.413569517949123,4.3629383759997875,0.34460997581481934,0.1552188105545839,0.12474690263961348,0.12549122090926332,0.03527626930618829,0.17339383226433405,0.19936814883349732,0.19960191801502644,0.1991348007460198,0.23271935935218585,0.15917692774438927,2Lepton_SS,1FJ
ZZ,1,0.0,800.0,0.1262976974248886,0.014973353590952022,0.0039154464637166965,0.0037849920025029003,0.003833454184251265,0.003868011696788024,5.066952228546143,17.268917083740234,-1.1260000467300415,1.0870000123977661,19.453051657255358,19.441574598225507,-0.21400000154972076,0.20399999618530273,5.50805988788531,5.648312877614626,34.18157958984375,2.176300325770671,1.0173597761905586,1.186540965440344,1.1976184265157974,1.0042960128111795,2.439380603286383,2.4787421347565846,2.4023538503226436,2.3968507649200776,2.4840638082544704,2Lepton_SS,1FJ
ZZ,2,800.0,1400.0,0.04019153118133545,0.008286784841899491,0.0015547634936017448,0.0017995963699488997,0.0018120999252213767,0.001540172223091509,4.150169372558594,56.557334899902344,-0.4429999887943268,0.42100000381469727,13.712463374900612,13.714394935842227,-0.21400000154972076,0.20399999618530273,6.256553961153282,6.514692635363479,11.377612113952637,1.3929126566075691,0.519029117432943,0.7864719482183077,0.46601167738852384,0.8190008953688969,1.538274659169062,1.5996073875397852,1.4864712892218186,1.6158490447911928,1.46879969784856,2Lepton_SS,1FJ
ZZ,3,1400.0,1500.0,0.0,0.0,0.0,0.0,0.0,0.0,0.9247208833694458,80.91988372802734,-0.21899999678134918,0.20999999344348907,4.58194326021675,4.564009381231266,-0.21400000154972076,0.20399999618530273,4.413569517949123,4.3629383759997875,0.34460997581481934,0.1552188105545839,0.12474690263961348,0.12549122090926332,0.03527626930618829,0.17339383226433405,0.19936814883349732,0.19960191801502644,0.1991348007460198,0.23271935935218585,0.15917692774438927,2Lepton_SS,1FJ
ttV,1,0.0,800.0,3.00334095954895,0.17213796712640575,0.17624320657959636,0.16888779438675164,0.1702837997124162,0.17489477554741795,5.066952228546143,17.268917083740234,-1.1260000467300415,1.0870000123977661,19.453051657255358,19.441574598225507,-0.21400000154972076,0.20399999618530273,5.50805988788531,5.648312877614626,34.18157958984375,2.176300325770671,1.0173597761905586,1.186540965440344,1.1976184265157974,1.0042960128111795,2.439380603286383,2.4787421347565846,2.4023538503226436,2.3968507649200776,2.4840638082544704,2Lepton_SS,1FJ
ttV,2,800.0,1400.0,1.7559306621551514,0.1379399236822475,0.15455108283504804,0.14818706729126932,0.16078763549747732,0.1413958287539043,4.150169372558594,56.557334899902344,-0.4429999887943268,0.42100000381469727,13.712463374900612,13.714394935842227,-0.21400000154972076,0.20399999618530273,6.256553961153282,6.514692635363479,11.377612113952637,1.3929126566075691,0.519029117432943,0.7864719482183077,0.46601167738852384,0.8190008953688969,1.538274659169062,1.5996073875397852,1.4864712892218186,1.6158490447911928,1.46879969784856,2Lepton_SS,1FJ
ttV,3,1400.0,1500.0,0.058173488825559616,0.036597656399221454,0.014310651157256283,0.020215112749827617,0.015287228043808672,0.019487077224907622,0.9247208833694458,80.91988372802734,-0.21899999678134918,0.20999999344348907,4.58194326021675,4.564009381231266,-0.21400000154972076,0.20399999618530273,4.413569517949123,4.3629383759997875,0.34460997581481934,0.1552188105545839,0.12474690263961348,0.12549122090926332,0.03527626930618829,0.17339383226433405,0.19936814883349732,0.19960191801502644,0.1991348007460198,0.23271935935218585,0.15917692774438927,2Lepton_SS,1FJ
