process,bin,bin_low,bin_high,yield,MCstat,syst_quadrature_Up,syst_quadrature_Down,syst_quadrature_Increase,syst_quadrature_Decrease,yield_sm,yield_cHu_at_1,yield_cHu_at_0p3,cHu_95CL_LL,cHu_95CL_UL,yield_cHu_95CL_LL,yield_cHu_95CL_UL,comb_cHu_95CL_LL,comb_cHu_95CL_UL,comb_yield_cHu_95CL_LL,comb_yield_cHu_95CL_UL,all_comb_cHu_95CL_LL,all_comb_cHu_95CL_UL,all_comb_yield_cHu_95CL_LL,all_comb_yield_cHu_95CL_UL,total_bkg,total_MCstat,total_syst_Up,total_syst_Down,total_syst_Increase,total_syst_Decrease,sm_cHu,sm_lin_quad_cHu,quad_cHu,lin_cHu,total_unc,total_unc_Down,total_unc_Up,total_unc_Decrease,total_unc_Increase,channel,subchannel
DY,1,1100.0,2000.0,443.1930925399065,5.453632454977241,0.0,0.0,0.0,0.0,34.50592868333185,186.04789081857737,48.99733927093996,-1.2120000123977661,1.1890000104904175,246.22752245260708,247.8315830183224,-0.5569999814033508,0.5450000166893005,78.00049658110902,80.5245013801497,-0.44200000166893005,0.4320000112056732,78.00049658110902,80.5245013801497,15944.321702939425,61.51704064880988,0.0,0.0,0.0,0.0,34.50592868333185,186.04789081857737,147.48180025221689,4.060161883028634,61.51704064880988,61.51704064880988,61.51704064880988,61.51704064880988,61.51704064880988,0Lepton_2FJ,
DY,2,2000.0,2500.0,8.933295916765928,0.7700998897727057,0.0,0.0,0.0,0.0,1.475338671614794,43.39536964619188,5.364531521755933,-1.1419999599456787,1.121999979019165,54.790172182231494,54.17192661772161,-0.5569999814033508,0.5450000166893005,14.000322823117413,14.064073898972662,-0.44200000166893005,0.4320000112056732,14.000322823117413,14.064073898972662,223.08164900612468,7.474540523752163,0.0,0.0,0.0,0.0,1.475338671614794,43.39536964619188,41.36579258205708,0.5542383925200045,7.474540523752163,7.474540523752163,7.474540523752163,7.474540523752163,7.474540523752163,0Lepton_2FJ,
DY,3,2500.0,3000.0,2.14450765773654,0.37965750579301,0.0,0.0,0.0,0.0,0.35299359486942017,24.46523593976191,2.569480121302796,-0.9739999771118164,0.9580000042915344,22.80301825323093,22.491229087153194,-0.5569999814033508,0.5450000166893005,7.642234569574339,7.569705433756584,-0.44200000166893005,0.4320000112056732,7.642234569574339,7.569705433756584,36.40489776286414,2.8784170650494194,0.0,0.0,0.0,0.0,0.35299359486942017,24.46523593976191,23.891362747782722,0.22087959710976868,2.8784170650494194,2.8784170650494194,2.8784170650494194,2.8784170650494194,2.8784170650494194,0Lepton_2FJ,
DY,4,3000.0,3500.0,0.5416109599173069,0.183404084825355,0.0,0.0,0.0,0.0,0.12477900315859541,19.176942936659472,1.863101915305589,-0.902999997138977,0.890999972820282,15.466737991293563,15.260856386510037,-0.5569999814033508,0.5450000166893005,5.938114866271481,5.811649258649478,-0.44200000166893005,0.4320000112056732,5.938114866271481,5.811649258649478,10.656045706736515,1.532332711454587,0.0,0.0,0.0,0.0,0.12477900315859541,19.176942936659472,18.93964889477747,0.11251503872340679,1.532332711454587,1.532332711454587,1.532332711454587,1.532332711454587,1.532332711454587,0Lepton_2FJ,
QCD,1,1100.0,2000.0,10486.996347805885,55.32642892419974,0.0,0.0,0.0,0.0,34.50592868333185,186.04789081857737,48.99733927093996,-1.2120000123977661,1.1890000104904175,246.22752245260708,247.8315830183224,-0.5569999814033508,0.5450000166893005,78.00049658110902,80.5245013801497,-0.44200000166893005,0.4320000112056732,78.00049658110902,80.5245013801497,15944.321702939425,61.51704064880988,0.0,0.0,0.0,0.0,34.50592868333185,186.04789081857737,147.48180025221689,4.060161883028634,61.51704064880988,61.51704064880988,61.51704064880988,61.51704064880988,61.51704064880988,0Lepton_2FJ,
QCD,2,2000.0,2500.0,109.90889079844273,6.189261349353989,0.0,0.0,0.0,0.0,1.475338671614794,43.39536964619188,5.364531521755933,-1.1419999599456787,1.121999979019165,54.790172182231494,54.17192661772161,-0.5569999814033508,0.5450000166893005,14.000322823117413,14.064073898972662,-0.44200000166893005,0.4320000112056732,14.000322823117413,14.064073898972662,223.08164900612468,7.474540523752163,0.0,0.0,0.0,0.0,1.475338671614794,43.39536964619188,41.36579258205708,0.5542383925200045,7.474540523752163,7.474540523752163,7.474540523752163,7.474540523752163,7.474540523752163,0Lepton_2FJ,
QCD,3,2500.0,3000.0,14.926109792461137,2.2046495787936244,0.0,0.0,0.0,0.0,0.35299359486942017,24.46523593976191,2.569480121302796,-0.9739999771118164,0.9580000042915344,22.80301825323093,22.491229087153194,-0.5569999814033508,0.5450000166893005,7.642234569574339,7.569705433756584,-0.44200000166893005,0.4320000112056732,7.642234569574339,7.569705433756584,36.40489776286414,2.8784170650494194,0.0,0.0,0.0,0.0,0.35299359486942017,24.46523593976191,23.891362747782722,0.22087959710976868,2.8784170650494194,2.8784170650494194,2.8784170650494194,2.8784170650494194,2.8784170650494194,0Lepton_2FJ,
QCD,4,3000.0,3500.0,4.679726703210824,1.197752604994411,0.0,0.0,0.0,0.0,0.12477900315859541,19.176942936659472,1.863101915305589,-0.902999997138977,0.890999972820282,15.466737991293563,15.260856386510037,-0.5569999814033508,0.5450000166893005,5.938114866271481,5.811649258649478,-0.44200000166893005,0.4320000112056732,5.938114866271481,5.811649258649478,10.656045706736515,1.532332711454587,0.0,0.0,0.0,0.0,0.12477900315859541,19.176942936659472,18.93964889477747,0.11251503872340679,1.532332711454587,1.532332711454587,1.532332711454587,1.532332711454587,1.532332711454587,0Lepton_2FJ,
TTbar,1,1100.0,2000.0,2405.548857793212,16.446954564075774,0.0,0.0,0.0,0.0,34.50592868333185,186.04789081857737,48.99733927093996,-1.2120000123977661,1.1890000104904175,246.22752245260708,247.8315830183224,-0.5569999814033508,0.5450000166893005,78.00049658110902,80.5245013801497,-0.44200000166893005,0.4320000112056732,78.00049658110902,80.5245013801497,15944.321702939425,61.51704064880988,0.0,0.0,0.0,0.0,34.50592868333185,186.04789081857737,147.48180025221689,4.060161883028634,61.51704064880988,61.51704064880988,61.51704064880988,61.51704064880988,61.51704064880988,0Lepton_2FJ,
TTbar,2,2000.0,2500.0,36.168331917375326,2.0751734249051683,0.0,0.0,0.0,0.0,1.475338671614794,43.39536964619188,5.364531521755933,-1.1419999599456787,1.121999979019165,54.790172182231494,54.17192661772161,-0.5569999814033508,0.5450000166893005,14.000322823117413,14.064073898972662,-0.44200000166893005,0.4320000112056732,14.000322823117413,14.064073898972662,223.08164900612468,7.474540523752163,0.0,0.0,0.0,0.0,1.475338671614794,43.39536964619188,41.36579258205708,0.5542383925200045,7.474540523752163,7.474540523752163,7.474540523752163,7.474540523752163,7.474540523752163,0Lepton_2FJ,
TTbar,3,2500.0,3000.0,5.822826702147722,0.7932122228369982,0.0,0.0,0.0,0.0,0.35299359486942017,24.46523593976191,2.569480121302796,-0.9739999771118164,0.9580000042915344,22.80301825323093,22.491229087153194,-0.5569999814033508,0.5450000166893005,7.642234569574339,7.569705433756584,-0.44200000166893005,0.4320000112056732,7.642234569574339,7.569705433756584,36.40489776286414,2.8784170650494194,0.0,0.0,0.0,0.0,0.35299359486942017,24.46523593976191,23.891362747782722,0.22087959710976868,2.8784170650494194,2.8784170650494194,2.8784170650494194,2.8784170650494194,2.8784170650494194,0Lepton_2FJ,
TTbar,4,3000.0,3500.0,1.3927788622677326,0.3782020039470605,0.0,0.0,0.0,0.0,0.12477900315859541,19.176942936659472,1.863101915305589,-0.902999997138977,0.890999972820282,15.466737991293563,15.260856386510037,-0.5569999814033508,0.5450000166893005,5.938114866271481,5.811649258649478,-0.44200000166893005,0.4320000112056732,5.938114866271481,5.811649258649478,10.656045706736515,1.532332711454587,0.0,0.0,0.0,0.0,0.12477900315859541,19.176942936659472,18.93964889477747,0.11251503872340679,1.532332711454587,1.532332711454587,1.532332711454587,1.532332711454587,1.532332711454587,0Lepton_2FJ,
WJets,1,1100.0,2000.0,1377.3680602400855,11.487063777598474,0.0,0.0,0.0,0.0,34.50592868333185,186.04789081857737,48.99733927093996,-1.2120000123977661,1.1890000104904175,246.22752245260708,247.8315830183224,-0.5569999814033508,0.5450000166893005,78.00049658110902,80.5245013801497,-0.44200000166893005,0.4320000112056732,78.00049658110902,80.5245013801497,15944.321702939425,61.51704064880988,0.0,0.0,0.0,0.0,34.50592868333185,186.04789081857737,147.48180025221689,4.060161883028634,61.51704064880988,61.51704064880988,61.51704064880988,61.51704064880988,61.51704064880988,0Lepton_2FJ,
WJets,2,2000.0,2500.0,27.586104618152604,1.6326704450275293,0.0,0.0,0.0,0.0,1.475338671614794,43.39536964619188,5.364531521755933,-1.1419999599456787,1.121999979019165,54.790172182231494,54.17192661772161,-0.5569999814033508,0.5450000166893005,14.000322823117413,14.064073898972662,-0.44200000166893005,0.4320000112056732,14.000322823117413,14.064073898972662,223.08164900612468,7.474540523752163,0.0,0.0,0.0,0.0,1.475338671614794,43.39536964619188,41.36579258205708,0.5542383925200045,7.474540523752163,7.474540523752163,7.474540523752163,7.474540523752163,7.474540523752163,0Lepton_2FJ,
WJets,3,2500.0,3000.0,4.344207974485471,0.6476899967839551,0.0,0.0,0.0,0.0,0.35299359486942017,24.46523593976191,2.569480121302796,-0.9739999771118164,0.9580000042915344,22.80301825323093,22.491229087153194,-0.5569999814033508,0.5450000166893005,7.642234569574339,7.569705433756584,-0.44200000166893005,0.4320000112056732,7.642234569574339,7.569705433756584,36.40489776286414,2.8784170650494194,0.0,0.0,0.0,0.0,0.35299359486942017,24.46523593976191,23.891362747782722,0.22087959710976868,2.8784170650494194,2.8784170650494194,2.8784170650494194,2.8784170650494194,2.8784170650494194,0Lepton_2FJ,
WJets,4,3000.0,3500.0,1.0306387416349025,0.3118642947060499,0.0,0.0,0.0,0.0,0.12477900315859541,19.176942936659472,1.863101915305589,-0.902999997138977,0.890999972820282,15.466737991293563,15.260856386510037,-0.5569999814033508,0.5450000166893005,5.938114866271481,5.811649258649478,-0.44200000166893005,0.4320000112056732,5.938114866271481,5.811649258649478,10.656045706736515,1.532332711454587,0.0,0.0,0.0,0.0,0.12477900315859541,19.176942936659472,18.93964889477747,0.11251503872340679,1.532332711454587,1.532332711454587,1.532332711454587,1.532332711454587,1.532332711454587,0Lepton_2FJ,
WW,1,1100.0,2000.0,405.1505524814129,9.662213621472555,0.0,0.0,0.0,0.0,34.50592868333185,186.04789081857737,48.99733927093996,-1.2120000123977661,1.1890000104904175,246.22752245260708,247.8315830183224,-0.5569999814033508,0.5450000166893005,78.00049658110902,80.5245013801497,-0.44200000166893005,0.4320000112056732,78.00049658110902,80.5245013801497,15944.321702939425,61.51704064880988,0.0,0.0,0.0,0.0,34.50592868333185,186.04789081857737,147.48180025221689,4.060161883028634,61.51704064880988,61.51704064880988,61.51704064880988,61.51704064880988,61.51704064880988,0Lepton_2FJ,
WW,2,2000.0,2500.0,12.557186089456081,1.685212365271094,0.0,0.0,0.0,0.0,1.475338671614794,43.39536964619188,5.364531521755933,-1.1419999599456787,1.121999979019165,54.790172182231494,54.17192661772161,-0.5569999814033508,0.5450000166893005,14.000322823117413,14.064073898972662,-0.44200000166893005,0.4320000112056732,14.000322823117413,14.064073898972662,223.08164900612468,7.474540523752163,0.0,0.0,0.0,0.0,1.475338671614794,43.39536964619188,41.36579258205708,0.5542383925200045,7.474540523752163,7.474540523752163,7.474540523752163,7.474540523752163,7.474540523752163,0Lepton_2FJ,
WW,3,2500.0,3000.0,3.1176525950431824,0.8828864357622053,0.0,0.0,0.0,0.0,0.35299359486942017,24.46523593976191,2.569480121302796,-0.9739999771118164,0.9580000042915344,22.80301825323093,22.491229087153194,-0.5569999814033508,0.5450000166893005,7.642234569574339,7.569705433756584,-0.44200000166893005,0.4320000112056732,7.642234569574339,7.569705433756584,36.40489776286414,2.8784170650494194,0.0,0.0,0.0,0.0,0.35299359486942017,24.46523593976191,23.891362747782722,0.22087959710976868,2.8784170650494194,2.8784170650494194,2.8784170650494194,2.8784170650494194,2.8784170650494194,0Lepton_2FJ,
WW,4,3000.0,3500.0,0.9266377240419388,0.4931862560486241,0.0,0.0,0.0,0.0,0.12477900315859541,19.176942936659472,1.863101915305589,-0.902999997138977,0.890999972820282,15.466737991293563,15.260856386510037,-0.5569999814033508,0.5450000166893005,5.938114866271481,5.811649258649478,-0.44200000166893005,0.4320000112056732,5.938114866271481,5.811649258649478,10.656045706736515,1.532332711454587,0.0,0.0,0.0,0.0,0.12477900315859541,19.176942936659472,18.93964889477747,0.11251503872340679,1.532332711454587,1.532332711454587,1.532332711454587,1.532332711454587,1.532332711454587,0Lepton_2FJ,
WZ,1,1100.0,2000.0,102.17559579014778,3.878140427000984,0.0,0.0,0.0,0.0,34.50592868333185,186.04789081857737,48.99733927093996,-1.2120000123977661,1.1890000104904175,246.22752245260708,247.8315830183224,-0.5569999814033508,0.5450000166893005,78.00049658110902,80.5245013801497,-0.44200000166893005,0.4320000112056732,78.00049658110902,80.5245013801497,15944.321702939425,61.51704064880988,0.0,0.0,0.0,0.0,34.50592868333185,186.04789081857737,147.48180025221689,4.060161883028634,61.51704064880988,61.51704064880988,61.51704064880988,61.51704064880988,61.51704064880988,0Lepton_2FJ,
WZ,2,2000.0,2500.0,3.415310353040695,0.6665928769264714,0.0,0.0,0.0,0.0,1.475338671614794,43.39536964619188,5.364531521755933,-1.1419999599456787,1.121999979019165,54.790172182231494,54.17192661772161,-0.5569999814033508,0.5450000166893005,14.000322823117413,14.064073898972662,-0.44200000166893005,0.4320000112056732,14.000322823117413,14.064073898972662,223.08164900612468,7.474540523752163,0.0,0.0,0.0,0.0,1.475338671614794,43.39536964619188,41.36579258205708,0.5542383925200045,7.474540523752163,7.474540523752163,7.474540523752163,7.474540523752163,7.474540523752163,0Lepton_2FJ,
WZ,3,2500.0,3000.0,1.3098052777349949,0.4650351233339387,0.0,0.0,0.0,0.0,0.35299359486942017,24.46523593976191,2.569480121302796,-0.9739999771118164,0.9580000042915344,22.80301825323093,22.491229087153194,-0.5569999814033508,0.5450000166893005,7.642234569574339,7.569705433756584,-0.44200000166893005,0.4320000112056732,7.642234569574339,7.569705433756584,36.40489776286414,2.8784170650494194,0.0,0.0,0.0,0.0,0.35299359486942017,24.46523593976191,23.891362747782722,0.22087959710976868,2.8784170650494194,2.8784170650494194,2.8784170650494194,2.8784170650494194,2.8784170650494194,0Lepton_2FJ,
WZ,4,3000.0,3500.0,0.2902390658855438,0.20523001165291718,0.0,0.0,0.0,0.0,0.12477900315859541,19.176942936659472,1.863101915305589,-0.902999997138977,0.890999972820282,15.466737991293563,15.260856386510037,-0.5569999814033508,0.5450000166893005,5.938114866271481,5.811649258649478,-0.44200000166893005,0.4320000112056732,5.938114866271481,5.811649258649478,10.656045706736515,1.532332711454587,0.0,0.0,0.0,0.0,0.12477900315859541,19.176942936659472,18.93964889477747,0.11251503872340679,1.532332711454587,1.532332711454587,1.532332711454587,1.532332711454587,1.532332711454587,0Lepton_2FJ,
ZZ,1,1100.0,2000.0,41.649358920753,4.294930448995165,0.0,0.0,0.0,0.0,34.50592868333185,186.04789081857737,48.99733927093996,-1.2120000123977661,1.1890000104904175,246.22752245260708,247.8315830183224,-0.5569999814033508,0.5450000166893005,78.00049658110902,80.5245013801497,-0.44200000166893005,0.4320000112056732,78.00049658110902,80.5245013801497,15944.321702939425,61.51704064880988,0.0,0.0,0.0,0.0,34.50592868333185,186.04789081857737,147.48180025221689,4.060161883028634,61.51704064880988,61.51704064880988,61.51704064880988,61.51704064880988,61.51704064880988,0Lepton_2FJ,
ZZ,2,2000.0,2500.0,0.8726599365472794,0.7977463253252466,0.0,0.0,0.0,0.0,1.475338671614794,43.39536964619188,5.364531521755933,-1.1419999599456787,1.121999979019165,54.790172182231494,54.17192661772161,-0.5569999814033508,0.5450000166893005,14.000322823117413,14.064073898972662,-0.44200000166893005,0.4320000112056732,14.000322823117413,14.064073898972662,223.08164900612468,7.474540523752163,0.0,0.0,0.0,0.0,1.475338671614794,43.39536964619188,41.36579258205708,0.5542383925200045,7.474540523752163,7.474540523752163,7.474540523752163,7.474540523752163,7.474540523752163,0Lepton_2FJ,
ZZ,3,2500.0,3000.0,0.24201802164316177,0.3619627147580751,0.0,0.0,0.0,0.0,0.35299359486942017,24.46523593976191,2.569480121302796,-0.9739999771118164,0.9580000042915344,22.80301825323093,22.491229087153194,-0.5569999814033508,0.5450000166893005,7.642234569574339,7.569705433756584,-0.44200000166893005,0.4320000112056732,7.642234569574339,7.569705433756584,36.40489776286414,2.8784170650494194,0.0,0.0,0.0,0.0,0.35299359486942017,24.46523593976191,23.891362747782722,0.22087959710976868,2.8784170650494194,2.8784170650494194,2.8784170650494194,2.8784170650494194,2.8784170650494194,0Lepton_2FJ,
ZZ,4,3000.0,3500.0,0.6363779306411743,0.32309480335745283,0.0,0.0,0.0,0.0,0.12477900315859541,19.176942936659472,1.863101915305589,-0.902999997138977,0.890999972820282,15.466737991293563,15.260856386510037,-0.5569999814033508,0.5450000166893005,5.938114866271481,5.811649258649478,-0.44200000166893005,0.4320000112056732,5.938114866271481,5.811649258649478,10.656045706736515,1.532332711454587,0.0,0.0,0.0,0.0,0.12477900315859541,19.176942936659472,18.93964889477747,0.11251503872340679,1.532332711454587,1.532332711454587,1.532332711454587,1.532332711454587,1.532332711454587,0Lepton_2FJ,
ttV,1,1100.0,2000.0,647.7339086846914,12.817594324412774,0.0,0.0,0.0,0.0,34.50592868333185,186.04789081857737,48.99733927093996,-1.2120000123977661,1.1890000104904175,246.22752245260708,247.8315830183224,-0.5569999814033508,0.5450000166893005,78.00049658110902,80.5245013801497,-0.44200000166893005,0.4320000112056732,78.00049658110902,80.5245013801497,15944.321702939425,61.51704064880988,0.0,0.0,0.0,0.0,34.50592868333185,186.04789081857737,147.48180025221689,4.060161883028634,61.51704064880988,61.51704064880988,61.51704064880988,61.51704064880988,61.51704064880988,0Lepton_2FJ,
ttV,2,2000.0,2500.0,22.16453070472926,2.464975181554063,0.0,0.0,0.0,0.0,1.475338671614794,43.39536964619188,5.364531521755933,-1.1419999599456787,1.121999979019165,54.790172182231494,54.17192661772161,-0.5569999814033508,0.5450000166893005,14.000322823117413,14.064073898972662,-0.44200000166893005,0.4320000112056732,14.000322823117413,14.064073898972662,223.08164900612468,7.474540523752163,0.0,0.0,0.0,0.0,1.475338671614794,43.39536964619188,41.36579258205708,0.5542383925200045,7.474540523752163,7.474540523752163,7.474540523752163,7.474540523752163,7.474540523752163,0Lepton_2FJ,
ttV,3,2500.0,3000.0,4.144776146742515,1.0512916435193844,0.0,0.0,0.0,0.0,0.35299359486942017,24.46523593976191,2.569480121302796,-0.9739999771118164,0.9580000042915344,22.80301825323093,22.491229087153194,-0.5569999814033508,0.5450000166893005,7.642234569574339,7.569705433756584,-0.44200000166893005,0.4320000112056732,7.642234569574339,7.569705433756584,36.40489776286414,2.8784170650494194,0.0,0.0,0.0,0.0,0.35299359486942017,24.46523593976191,23.891362747782722,0.22087959710976868,2.8784170650494194,2.8784170650494194,2.8784170650494194,2.8784170650494194,2.8784170650494194,0Lepton_2FJ,
ttV,4,3000.0,3500.0,1.0332567159784958,0.4997567314156581,0.0,0.0,0.0,0.0,0.12477900315859541,19.176942936659472,1.863101915305589,-0.902999997138977,0.890999972820282,15.466737991293563,15.260856386510037,-0.5569999814033508,0.5450000166893005,5.938114866271481,5.811649258649478,-0.44200000166893005,0.4320000112056732,5.938114866271481,5.811649258649478,10.656045706736515,1.532332711454587,0.0,0.0,0.0,0.0,0.12477900315859541,19.176942936659472,18.93964889477747,0.11251503872340679,1.532332711454587,1.532332711454587,1.532332711454587,1.532332711454587,1.532332711454587,0Lepton_2FJ,
sm,1,1100.0,2000.0,34.50592868333185,0.0,0.0,0.0,0.0,0.0,34.50592868333185,186.04789081857737,48.99733927093996,-1.2120000123977661,1.1890000104904175,246.22752245260708,247.8315830183224,-0.5569999814033508,0.5450000166893005,78.00049658110902,80.5245013801497,-0.44200000166893005,0.4320000112056732,78.00049658110902,80.5245013801497,15944.321702939425,61.51704064880988,0.0,0.0,0.0,0.0,34.50592868333185,186.04789081857737,147.48180025221689,4.060161883028634,61.51704064880988,61.51704064880988,61.51704064880988,61.51704064880988,61.51704064880988,0Lepton_2FJ,
sm,2,2000.0,2500.0,1.475338671614794,0.0,0.0,0.0,0.0,0.0,1.475338671614794,43.39536964619188,5.364531521755933,-1.1419999599456787,1.121999979019165,54.790172182231494,54.17192661772161,-0.5569999814033508,0.5450000166893005,14.000322823117413,14.064073898972662,-0.44200000166893005,0.4320000112056732,14.000322823117413,14.064073898972662,223.08164900612468,7.474540523752163,0.0,0.0,0.0,0.0,1.475338671614794,43.39536964619188,41.36579258205708,0.5542383925200045,7.474540523752163,7.474540523752163,7.474540523752163,7.474540523752163,7.474540523752163,0Lepton_2FJ,
sm,3,2500.0,3000.0,0.35299359486942017,0.0,0.0,0.0,0.0,0.0,0.35299359486942017,24.46523593976191,2.569480121302796,-0.9739999771118164,0.9580000042915344,22.80301825323093,22.491229087153194,-0.5569999814033508,0.5450000166893005,7.642234569574339,7.569705433756584,-0.44200000166893005,0.4320000112056732,7.642234569574339,7.569705433756584,36.40489776286414,2.8784170650494194,0.0,0.0,0.0,0.0,0.35299359486942017,24.46523593976191,23.891362747782722,0.22087959710976868,2.8784170650494194,2.8784170650494194,2.8784170650494194,2.8784170650494194,2.8784170650494194,0Lepton_2FJ,
sm,4,3000.0,3500.0,0.12477900315859541,0.0,0.0,0.0,0.0,0.0,0.12477900315859541,19.176942936659472,1.863101915305589,-0.902999997138977,0.890999972820282,15.466737991293563,15.260856386510037,-0.5569999814033508,0.5450000166893005,5.938114866271481,5.811649258649478,-0.44200000166893005,0.4320000112056732,5.938114866271481,5.811649258649478,10.656045706736515,1.532332711454587,0.0,0.0,0.0,0.0,0.12477900315859541,19.176942936659472,18.93964889477747,0.11251503872340679,1.532332711454587,1.532332711454587,1.532332711454587,1.532332711454587,1.532332711454587,0Lepton_2FJ,
DY,1,1250.0,1500.0,8.320661306381226,0.7351518213830418,0.0,0.0,0.0,0.0,2.524089589589385,10.444139119007955,3.289811345508419,-2.447000026702881,2.4140000343322754,47.82237108662749,47.81722393942316,-0.6200000047683716,0.6110000014305115,5.315460794817998,5.540702463897013,-0.44200000166893005,0.4320000112056732,5.315460794817998,5.540702463897013,382.1417333979535,11.369101877199862,0.0,0.0,0.0,0.0,2.524089589589385,10.444139119007955,7.668062394793034,0.2519871346255367,11.369101877199862,11.369101877199862,11.369101877199862,11.369101877199862,11.369101877199862,0Lepton_3FJ,
DY,2,1500.0,1750.0,3.3459248691797256,0.476219655426643,0.0,0.0,0.0,0.0,1.1155598526547676,9.477098191121215,1.9080873819021829,-1.8009999990463257,1.777999997138977,27.27643990843139,27.285346405861016,-0.6200000047683716,0.6110000014305115,4.138473186262068,4.282357551059147,-0.44200000166893005,0.4320000112056732,4.138473186262068,4.282357551059147,126.22721328240954,6.2251877584937185,0.0,0.0,0.0,0.0,1.1155598526547676,9.477098191121215,8.1711141537739,0.1904241846925474,6.2251877584937185,6.2251877584937185,6.2251877584937185,6.2251877584937185,6.2251877584937185,0Lepton_3FJ,
DY,3,1750.0,2000.0,1.3090158626437187,0.2979331948577186,0.0,0.0,0.0,0.0,0.5322217069345606,7.762345782043239,1.210055177569691,-1.4550000429153442,1.437000036239624,15.377235305911341,15.381099932251802,-0.6200000047683716,0.6110000014305115,3.1817593379560063,3.262076022056012,-0.44200000166893005,0.4320000112056732,3.1817593379560063,3.262076022056012,38.43842536679975,3.3468417166640694,0.0,0.0,0.0,0.0,0.5322217069345606,7.762345782043239,7.100970247130824,0.12915382797785468,3.3468417166640694,3.3468417166640694,3.3468417166640694,3.3468417166640694,3.3468417166640694,0Lepton_3FJ,
DY,4,2000.0,2250.0,0.7574682086706161,0.22251609053398394,0.0,0.0,0.0,0.0,0.3615255781015967,7.129984822199737,0.9911909494987641,-1.215999960899353,1.2009999752044678,10.10664623451936,10.100787581367893,-0.6200000047683716,0.6110000014305115,2.865253459073213,2.9115401328316657,-0.44200000166893005,0.4320000112056732,2.865253459073213,2.9115401328316657,15.03900728565123,2.1245039294522594,0.0,0.0,0.0,0.0,0.3615255781015967,7.129984822199737,6.67082096110607,0.09763828299207011,2.1245039294522594,2.1245039294522594,2.1245039294522594,2.1245039294522594,2.1245039294522594,0Lepton_3FJ,
DY,5,2250.0,2500.0,0.15906842052936554,0.1124783588289478,0.0,0.0,0.0,0.0,0.16160510323256227,5.072292826717743,0.6160835010516135,-1.1269999742507935,1.1150000095367432,6.255937084027349,6.259052435049052,-0.6200000047683716,0.6110000014305115,1.9894088481714225,2.0090342007814934,-0.44200000166893005,0.4320000112056732,1.9894088481714225,2.0090342007814934,4.892259740992738,1.2263962666619492,0.0,0.0,0.0,0.0,0.16160510323256227,5.072292826717743,4.851085329650014,0.059602393835166634,1.2263962666619492,1.2263962666619492,1.2263962666619492,1.2263962666619492,1.2263962666619492,0Lepton_3FJ,
DY,6,2500.0,4000.0,0.13632303848862648,0.09772748647885791,0.0,0.0,0.0,0.0,0.1754646008614014,13.792194763804064,1.4212757546790131,-0.6759999990463257,0.6690000295639038,6.288433108226242,6.29119401241341,-0.6200000047683716,0.6110000014305115,5.312617740285826,5.28185773851949,-0.44200000166893005,0.4320000112056732,5.312617740285826,5.28185773851949,5.020771482542408,1.1822449825897272,0.0,0.0,0.0,0.0,0.1754646008614014,13.792194763804064,13.520037595548509,0.09669256739415386,1.1822449825897272,1.1822449825897272,1.1822449825897272,1.1822449825897272,1.1822449825897272,0Lepton_3FJ,
QCD,1,1250.0,1500.0,245.37664900545514,10.478759414984793,0.0,0.0,0.0,0.0,2.524089589589385,10.444139119007955,3.289811345508419,-2.447000026702881,2.4140000343322754,47.82237108662749,47.81722393942316,-0.6200000047683716,0.6110000014305115,5.315460794817998,5.540702463897013,-0.44200000166893005,0.4320000112056732,5.315460794817998,5.540702463897013,382.1417333979535,11.369101877199862,0.0,0.0,0.0,0.0,2.524089589589385,10.444139119007955,7.668062394793034,0.2519871346255367,11.369101877199862,11.369101877199862,11.369101877199862,11.369101877199862,11.369101877199862,0Lepton_3FJ,
QCD,2,1500.0,1750.0,78.02144186321715,5.63038002359732,0.0,0.0,0.0,0.0,1.1155598526547676,9.477098191121215,1.9080873819021829,-1.8009999990463257,1.777999997138977,27.27643990843139,27.285346405861016,-0.6200000047683716,0.6110000014305115,4.138473186262068,4.282357551059147,-0.44200000166893005,0.4320000112056732,4.138473186262068,4.282357551059147,126.22721328240954,6.2251877584937185,0.0,0.0,0.0,0.0,1.1155598526547676,9.477098191121215,8.1711141537739,0.1904241846925474,6.2251877584937185,6.2251877584937185,6.2251877584937185,6.2251877584937185,6.2251877584937185,0Lepton_3FJ,
QCD,3,1750.0,2000.0,20.258951745973658,2.923942895311534,0.0,0.0,0.0,0.0,0.5322217069345606,7.762345782043239,1.210055177569691,-1.4550000429153442,1.437000036239624,15.377235305911341,15.381099932251802,-0.6200000047683716,0.6110000014305115,3.1817593379560063,3.262076022056012,-0.44200000166893005,0.4320000112056732,3.1817593379560063,3.262076022056012,38.43842536679975,3.3468417166640694,0.0,0.0,0.0,0.0,0.5322217069345606,7.762345782043239,7.100970247130824,0.12915382797785468,3.3468417166640694,3.3468417166640694,3.3468417166640694,3.3468417166640694,3.3468417166640694,0Lepton_3FJ,
QCD,4,2000.0,2250.0,7.521946365392397,1.8300113419270347,0.0,0.0,0.0,0.0,0.3615255781015967,7.129984822199737,0.9911909494987641,-1.215999960899353,1.2009999752044678,10.10664623451936,10.100787581367893,-0.6200000047683716,0.6110000014305115,2.865253459073213,2.9115401328316657,-0.44200000166893005,0.4320000112056732,2.865253459073213,2.9115401328316657,15.03900728565123,2.1245039294522594,0.0,0.0,0.0,0.0,0.3615255781015967,7.129984822199737,6.67082096110607,0.09763828299207011,2.1245039294522594,2.1245039294522594,2.1245039294522594,2.1245039294522594,2.1245039294522594,0Lepton_3FJ,
QCD,5,2250.0,2500.0,2.199576611595854,1.0753814024008017,0.0,0.0,0.0,0.0,0.16160510323256227,5.072292826717743,0.6160835010516135,-1.1269999742507935,1.1150000095367432,6.255937084027349,6.259052435049052,-0.6200000047683716,0.6110000014305115,1.9894088481714225,2.0090342007814934,-0.44200000166893005,0.4320000112056732,1.9894088481714225,2.0090342007814934,4.892259740992738,1.2263962666619492,0.0,0.0,0.0,0.0,0.16160510323256227,5.072292826717743,4.851085329650014,0.059602393835166634,1.2263962666619492,1.2263962666619492,1.2263962666619492,1.2263962666619492,1.2263962666619492,0Lepton_3FJ,
QCD,6,2500.0,4000.0,1.3755239680097822,0.8643356740608688,0.0,0.0,0.0,0.0,0.1754646008614014,13.792194763804064,1.4212757546790131,-0.6759999990463257,0.6690000295639038,6.288433108226242,6.29119401241341,-0.6200000047683716,0.6110000014305115,5.312617740285826,5.28185773851949,-0.44200000166893005,0.4320000112056732,5.312617740285826,5.28185773851949,5.020771482542408,1.1822449825897272,0.0,0.0,0.0,0.0,0.1754646008614014,13.792194763804064,13.520037595548509,0.09669256739415386,1.1822449825897272,1.1822449825897272,1.1822449825897272,1.1822449825897272,1.1822449825897272,0Lepton_3FJ,
TTbar,1,1250.0,1500.0,63.42934338003397,2.6733973013644996,0.0,0.0,0.0,0.0,2.524089589589385,10.444139119007955,3.289811345508419,-2.447000026702881,2.4140000343322754,47.82237108662749,47.81722393942316,-0.6200000047683716,0.6110000014305115,5.315460794817998,5.540702463897013,-0.44200000166893005,0.4320000112056732,5.315460794817998,5.540702463897013,382.1417333979535,11.369101877199862,0.0,0.0,0.0,0.0,2.524089589589385,10.444139119007955,7.668062394793034,0.2519871346255367,11.369101877199862,11.369101877199862,11.369101877199862,11.369101877199862,11.369101877199862,0Lepton_3FJ,
TTbar,2,1500.0,1750.0,16.533486746251583,1.3756392681012872,0.0,0.0,0.0,0.0,1.1155598526547676,9.477098191121215,1.9080873819021829,-1.8009999990463257,1.777999997138977,27.27643990843139,27.285346405861016,-0.6200000047683716,0.6110000014305115,4.138473186262068,4.282357551059147,-0.44200000166893005,0.4320000112056732,4.138473186262068,4.282357551059147,126.22721328240954,6.2251877584937185,0.0,0.0,0.0,0.0,1.1155598526547676,9.477098191121215,8.1711141537739,0.1904241846925474,6.2251877584937185,6.2251877584937185,6.2251877584937185,6.2251877584937185,6.2251877584937185,0Lepton_3FJ,
TTbar,3,1750.0,2000.0,5.671124301850796,0.803730906458453,0.0,0.0,0.0,0.0,0.5322217069345606,7.762345782043239,1.210055177569691,-1.4550000429153442,1.437000036239624,15.377235305911341,15.381099932251802,-0.6200000047683716,0.6110000014305115,3.1817593379560063,3.262076022056012,-0.44200000166893005,0.4320000112056732,3.1817593379560063,3.262076022056012,38.43842536679975,3.3468417166640694,0.0,0.0,0.0,0.0,0.5322217069345606,7.762345782043239,7.100970247130824,0.12915382797785468,3.3468417166640694,3.3468417166640694,3.3468417166640694,3.3468417166640694,3.3468417166640694,0Lepton_3FJ,
TTbar,4,2000.0,2250.0,2.08247684314847,0.4504608293337196,0.0,0.0,0.0,0.0,0.3615255781015967,7.129984822199737,0.9911909494987641,-1.215999960899353,1.2009999752044678,10.10664623451936,10.100787581367893,-0.6200000047683716,0.6110000014305115,2.865253459073213,2.9115401328316657,-0.44200000166893005,0.4320000112056732,2.865253459073213,2.9115401328316657,15.03900728565123,2.1245039294522594,0.0,0.0,0.0,0.0,0.3615255781015967,7.129984822199737,6.67082096110607,0.09763828299207011,2.1245039294522594,2.1245039294522594,2.1245039294522594,2.1245039294522594,2.1245039294522594,0Lepton_3FJ,
TTbar,5,2250.0,2500.0,0.6132752634584904,0.2524085953152234,0.0,0.0,0.0,0.0,0.16160510323256227,5.072292826717743,0.6160835010516135,-1.1269999742507935,1.1150000095367432,6.255937084027349,6.259052435049052,-0.6200000047683716,0.6110000014305115,1.9894088481714225,2.0090342007814934,-0.44200000166893005,0.4320000112056732,1.9894088481714225,2.0090342007814934,4.892259740992738,1.2263962666619492,0.0,0.0,0.0,0.0,0.16160510323256227,5.072292826717743,4.851085329650014,0.059602393835166634,1.2263962666619492,1.2263962666619492,1.2263962666619492,1.2263962666619492,1.2263962666619492,0Lepton_3FJ,
TTbar,6,2500.0,4000.0,0.433292992413044,0.22852263218319321,0.0,0.0,0.0,0.0,0.1754646008614014,13.792194763804064,1.4212757546790131,-0.6759999990463257,0.6690000295639038,6.288433108226242,6.29119401241341,-0.6200000047683716,0.6110000014305115,5.312617740285826,5.28185773851949,-0.44200000166893005,0.4320000112056732,5.312617740285826,5.28185773851949,5.020771482542408,1.1822449825897272,0.0,0.0,0.0,0.0,0.1754646008614014,13.792194763804064,13.520037595548509,0.09669256739415386,1.1822449825897272,1.1822449825897272,1.1822449825897272,1.1822449825897272,1.1822449825897272,0Lepton_3FJ,
WJets,1,1250.0,1500.0,19.29809100739658,1.339900722692111,0.0,0.0,0.0,0.0,2.524089589589385,10.444139119007955,3.289811345508419,-2.447000026702881,2.4140000343322754,47.82237108662749,47.81722393942316,-0.6200000047683716,0.6110000014305115,5.315460794817998,5.540702463897013,-0.44200000166893005,0.4320000112056732,5.315460794817998,5.540702463897013,382.1417333979535,11.369101877199862,0.0,0.0,0.0,0.0,2.524089589589385,10.444139119007955,7.668062394793034,0.2519871346255367,11.369101877199862,11.369101877199862,11.369101877199862,11.369101877199862,11.369101877199862,0Lepton_3FJ,
WJets,2,1500.0,1750.0,8.487073187716305,0.9006274979247081,0.0,0.0,0.0,0.0,1.1155598526547676,9.477098191121215,1.9080873819021829,-1.8009999990463257,1.777999997138977,27.27643990843139,27.285346405861016,-0.6200000047683716,0.6110000014305115,4.138473186262068,4.282357551059147,-0.44200000166893005,0.4320000112056732,4.138473186262068,4.282357551059147,126.22721328240954,6.2251877584937185,0.0,0.0,0.0,0.0,1.1155598526547676,9.477098191121215,8.1711141537739,0.1904241846925474,6.2251877584937185,6.2251877584937185,6.2251877584937185,6.2251877584937185,6.2251877584937185,0Lepton_3FJ,
WJets,3,1750.0,2000.0,3.108623112886562,0.5360851946530797,0.0,0.0,0.0,0.0,0.5322217069345606,7.762345782043239,1.210055177569691,-1.4550000429153442,1.437000036239624,15.377235305911341,15.381099932251802,-0.6200000047683716,0.6110000014305115,3.1817593379560063,3.262076022056012,-0.44200000166893005,0.4320000112056732,3.1817593379560063,3.262076022056012,38.43842536679975,3.3468417166640694,0.0,0.0,0.0,0.0,0.5322217069345606,7.762345782043239,7.100970247130824,0.12915382797785468,3.3468417166640694,3.3468417166640694,3.3468417166640694,3.3468417166640694,3.3468417166640694,0Lepton_3FJ,
WJets,4,2000.0,2250.0,0.9209651717537781,0.29780640665170466,0.0,0.0,0.0,0.0,0.3615255781015967,7.129984822199737,0.9911909494987641,-1.215999960899353,1.2009999752044678,10.10664623451936,10.100787581367893,-0.6200000047683716,0.6110000014305115,2.865253459073213,2.9115401328316657,-0.44200000166893005,0.4320000112056732,2.865253459073213,2.9115401328316657,15.03900728565123,2.1245039294522594,0.0,0.0,0.0,0.0,0.3615255781015967,7.129984822199737,6.67082096110607,0.09763828299207011,2.1245039294522594,2.1245039294522594,2.1245039294522594,2.1245039294522594,2.1245039294522594,0Lepton_3FJ,
WJets,5,2250.0,2500.0,0.6850190060213208,0.23800091073381033,0.0,0.0,0.0,0.0,0.16160510323256227,5.072292826717743,0.6160835010516135,-1.1269999742507935,1.1150000095367432,6.255937084027349,6.259052435049052,-0.6200000047683716,0.6110000014305115,1.9894088481714225,2.0090342007814934,-0.44200000166893005,0.4320000112056732,1.9894088481714225,2.0090342007814934,4.892259740992738,1.2263962666619492,0.0,0.0,0.0,0.0,0.16160510323256227,5.072292826717743,4.851085329650014,0.059602393835166634,1.2263962666619492,1.2263962666619492,1.2263962666619492,1.2263962666619492,1.2263962666619492,0Lepton_3FJ,
WJets,6,2500.0,4000.0,0.6682098987366771,0.26200654062138445,0.0,0.0,0.0,0.0,0.1754646008614014,13.792194763804064,1.4212757546790131,-0.6759999990463257,0.6690000295639038,6.288433108226242,6.29119401241341,-0.6200000047683716,0.6110000014305115,5.312617740285826,5.28185773851949,-0.44200000166893005,0.4320000112056732,5.312617740285826,5.28185773851949,5.020771482542408,1.1822449825897272,0.0,0.0,0.0,0.0,0.1754646008614014,13.792194763804064,13.520037595548509,0.09669256739415386,1.1822449825897272,1.1822449825897272,1.1822449825897272,1.1822449825897272,1.1822449825897272,0Lepton_3FJ,
WW,1,1250.0,1500.0,4.261055842041969,0.9088461159774744,0.0,0.0,0.0,0.0,2.524089589589385,10.444139119007955,3.289811345508419,-2.447000026702881,2.4140000343322754,47.82237108662749,47.81722393942316,-0.6200000047683716,0.6110000014305115,5.315460794817998,5.540702463897013,-0.44200000166893005,0.4320000112056732,5.315460794817998,5.540702463897013,382.1417333979535,11.369101877199862,0.0,0.0,0.0,0.0,2.524089589589385,10.444139119007955,7.668062394793034,0.2519871346255367,11.369101877199862,11.369101877199862,11.369101877199862,11.369101877199862,11.369101877199862,0Lepton_3FJ,
WW,2,1500.0,1750.0,2.6592157408595085,0.642700720960802,0.0,0.0,0.0,0.0,1.1155598526547676,9.477098191121215,1.9080873819021829,-1.8009999990463257,1.777999997138977,27.27643990843139,27.285346405861016,-0.6200000047683716,0.6110000014305115,4.138473186262068,4.282357551059147,-0.44200000166893005,0.4320000112056732,4.138473186262068,4.282357551059147,126.22721328240954,6.2251877584937185,0.0,0.0,0.0,0.0,1.1155598526547676,9.477098191121215,8.1711141537739,0.1904241846925474,6.2251877584937185,6.2251877584937185,6.2251877584937185,6.2251877584937185,6.2251877584937185,0Lepton_3FJ,
WW,3,1750.0,2000.0,0.9926059022545815,0.3561083535351449,0.0,0.0,0.0,0.0,0.5322217069345606,7.762345782043239,1.210055177569691,-1.4550000429153442,1.437000036239624,15.377235305911341,15.381099932251802,-0.6200000047683716,0.6110000014305115,3.1817593379560063,3.262076022056012,-0.44200000166893005,0.4320000112056732,3.1817593379560063,3.262076022056012,38.43842536679975,3.3468417166640694,0.0,0.0,0.0,0.0,0.5322217069345606,7.762345782043239,7.100970247130824,0.12915382797785468,3.3468417166640694,3.3468417166640694,3.3468417166640694,3.3468417166640694,3.3468417166640694,0Lepton_3FJ,
WW,4,2000.0,2250.0,0.22619789093732834,0.26125068517446853,0.0,0.0,0.0,0.0,0.3615255781015967,7.129984822199737,0.9911909494987641,-1.215999960899353,1.2009999752044678,10.10664623451936,10.100787581367893,-0.6200000047683716,0.6110000014305115,2.865253459073213,2.9115401328316657,-0.44200000166893005,0.4320000112056732,2.865253459073213,2.9115401328316657,15.03900728565123,2.1245039294522594,0.0,0.0,0.0,0.0,0.3615255781015967,7.129984822199737,6.67082096110607,0.09763828299207011,2.1245039294522594,2.1245039294522594,2.1245039294522594,2.1245039294522594,2.1245039294522594,0Lepton_3FJ,
WW,5,2250.0,2500.0,0.12879902124404907,0.12879902124404907,0.0,0.0,0.0,0.0,0.16160510323256227,5.072292826717743,0.6160835010516135,-1.1269999742507935,1.1150000095367432,6.255937084027349,6.259052435049052,-0.6200000047683716,0.6110000014305115,1.9894088481714225,2.0090342007814934,-0.44200000166893005,0.4320000112056732,1.9894088481714225,2.0090342007814934,4.892259740992738,1.2263962666619492,0.0,0.0,0.0,0.0,0.16160510323256227,5.072292826717743,4.851085329650014,0.059602393835166634,1.2263962666619492,1.2263962666619492,1.2263962666619492,1.2263962666619492,1.2263962666619492,0Lepton_3FJ,
WW,6,2500.0,4000.0,0.2858474627137184,0.17029521881579282,0.0,0.0,0.0,0.0,0.1754646008614014,13.792194763804064,1.4212757546790131,-0.6759999990463257,0.6690000295639038,6.288433108226242,6.29119401241341,-0.6200000047683716,0.6110000014305115,5.312617740285826,5.28185773851949,-0.44200000166893005,0.4320000112056732,5.312617740285826,5.28185773851949,5.020771482542408,1.1822449825897272,0.0,0.0,0.0,0.0,0.1754646008614014,13.792194763804064,13.520037595548509,0.09669256739415386,1.1822449825897272,1.1822449825897272,1.1822449825897272,1.1822449825897272,1.1822449825897272,0Lepton_3FJ,
WZ,1,1250.0,1500.0,0.19025547802448273,0.10998135364958891,0.0,0.0,0.0,0.0,2.524089589589385,10.444139119007955,3.289811345508419,-2.447000026702881,2.4140000343322754,47.82237108662749,47.81722393942316,-0.6200000047683716,0.6110000014305115,5.315460794817998,5.540702463897013,-0.44200000166893005,0.4320000112056732,5.315460794817998,5.540702463897013,382.1417333979535,11.369101877199862,0.0,0.0,0.0,0.0,2.524089589589385,10.444139119007955,7.668062394793034,0.2519871346255367,11.369101877199862,11.369101877199862,11.369101877199862,11.369101877199862,11.369101877199862,0Lepton_3FJ,
WZ,2,1500.0,1750.0,0.06790421158075333,0.06790421158075333,0.0,0.0,0.0,0.0,1.1155598526547676,9.477098191121215,1.9080873819021829,-1.8009999990463257,1.777999997138977,27.27643990843139,27.285346405861016,-0.6200000047683716,0.6110000014305115,4.138473186262068,4.282357551059147,-0.44200000166893005,0.4320000112056732,4.138473186262068,4.282357551059147,126.22721328240954,6.2251877584937185,0.0,0.0,0.0,0.0,1.1155598526547676,9.477098191121215,8.1711141537739,0.1904241846925474,6.2251877584937185,6.2251877584937185,6.2251877584937185,6.2251877584937185,6.2251877584937185,0Lepton_3FJ,
WZ,3,1750.0,2000.0,0.0,0.0,0.0,0.0,0.0,0.0,0.5322217069345606,7.762345782043239,1.210055177569691,-1.4550000429153442,1.437000036239624,15.377235305911341,15.381099932251802,-0.6200000047683716,0.6110000014305115,3.1817593379560063,3.262076022056012,-0.44200000166893005,0.4320000112056732,3.1817593379560063,3.262076022056012,38.43842536679975,3.3468417166640694,0.0,0.0,0.0,0.0,0.5322217069345606,7.762345782043239,7.100970247130824,0.12915382797785468,3.3468417166640694,3.3468417166640694,3.3468417166640694,3.3468417166640694,3.3468417166640694,0Lepton_3FJ,
WZ,4,2000.0,2250.0,0.20797331631183624,0.20797331631183624,0.0,0.0,0.0,0.0,0.3615255781015967,7.129984822199737,0.9911909494987641,-1.215999960899353,1.2009999752044678,10.10664623451936,10.100787581367893,-0.6200000047683716,0.6110000014305115,2.865253459073213,2.9115401328316657,-0.44200000166893005,0.4320000112056732,2.865253459073213,2.9115401328316657,15.03900728565123,2.1245039294522594,0.0,0.0,0.0,0.0,0.3615255781015967,7.129984822199737,6.67082096110607,0.09763828299207011,2.1245039294522594,2.1245039294522594,2.1245039294522594,2.1245039294522594,2.1245039294522594,0Lepton_3FJ,
WZ,5,2250.0,2500.0,0.1451195329427719,0.1451195329427719,0.0,0.0,0.0,0.0,0.16160510323256227,5.072292826717743,0.6160835010516135,-1.1269999742507935,1.1150000095367432,6.255937084027349,6.259052435049052,-0.6200000047683716,0.6110000014305115,1.9894088481714225,2.0090342007814934,-0.44200000166893005,0.4320000112056732,1.9894088481714225,2.0090342007814934,4.892259740992738,1.2263962666619492,0.0,0.0,0.0,0.0,0.16160510323256227,5.072292826717743,4.851085329650014,0.059602393835166634,1.2263962666619492,1.2263962666619492,1.2263962666619492,1.2263962666619492,1.2263962666619492,0Lepton_3FJ,
WZ,6,2500.0,4000.0,0.20797331631183624,0.20797331631183624,0.0,0.0,0.0,0.0,0.1754646008614014,13.792194763804064,1.4212757546790131,-0.6759999990463257,0.6690000295639038,6.288433108226242,6.29119401241341,-0.6200000047683716,0.6110000014305115,5.312617740285826,5.28185773851949,-0.44200000166893005,0.4320000112056732,5.312617740285826,5.28185773851949,5.020771482542408,1.1822449825897272,0.0,0.0,0.0,0.0,0.1754646008614014,13.792194763804064,13.520037595548509,0.09669256739415386,1.1822449825897272,1.1822449825897272,1.1822449825897272,1.1822449825897272,1.1822449825897272,0Lepton_3FJ,
ZZ,1,1250.0,1500.0,0.6529859751462936,0.299711496187275,0.0,0.0,0.0,0.0,2.524089589589385,10.444139119007955,3.289811345508419,-2.447000026702881,2.4140000343322754,47.82237108662749,47.81722393942316,-0.6200000047683716,0.6110000014305115,5.315460794817998,5.540702463897013,-0.44200000166893005,0.4320000112056732,5.315460794817998,5.540702463897013,382.1417333979535,11.369101877199862,0.0,0.0,0.0,0.0,2.524089589589385,10.444139119007955,7.668062394793034,0.2519871346255367,11.369101877199862,11.369101877199862,11.369101877199862,11.369101877199862,11.369101877199862,0Lepton_3FJ,
ZZ,2,1500.0,1750.0,0.18713924288749695,0.18713924288749695,0.0,0.0,0.0,0.0,1.1155598526547676,9.477098191121215,1.9080873819021829,-1.8009999990463257,1.777999997138977,27.27643990843139,27.285346405861016,-0.6200000047683716,0.6110000014305115,4.138473186262068,4.282357551059147,-0.44200000166893005,0.4320000112056732,4.138473186262068,4.282357551059147,126.22721328240954,6.2251877584937185,0.0,0.0,0.0,0.0,1.1155598526547676,9.477098191121215,8.1711141537739,0.1904241846925474,6.2251877584937185,6.2251877584937185,6.2251877584937185,6.2251877584937185,6.2251877584937185,0Lepton_3FJ,
ZZ,3,1750.0,2000.0,0.5480807796120644,0.280752347980814,0.0,0.0,0.0,0.0,0.5322217069345606,7.762345782043239,1.210055177569691,-1.4550000429153442,1.437000036239624,15.377235305911341,15.381099932251802,-0.6200000047683716,0.6110000014305115,3.1817593379560063,3.262076022056012,-0.44200000166893005,0.4320000112056732,3.1817593379560063,3.262076022056012,38.43842536679975,3.3468417166640694,0.0,0.0,0.0,0.0,0.5322217069345606,7.762345782043239,7.100970247130824,0.12915382797785468,3.3468417166640694,3.3468417166640694,3.3468417166640694,3.3468417166640694,3.3468417166640694,0Lepton_3FJ,
ZZ,4,2000.0,2250.0,0.0,0.0,0.0,0.0,0.0,0.0,0.3615255781015967,7.129984822199737,0.9911909494987641,-1.215999960899353,1.2009999752044678,10.10664623451936,10.100787581367893,-0.6200000047683716,0.6110000014305115,2.865253459073213,2.9115401328316657,-0.44200000166893005,0.4320000112056732,2.865253459073213,2.9115401328316657,15.03900728565123,2.1245039294522594,0.0,0.0,0.0,0.0,0.3615255781015967,7.129984822199737,6.67082096110607,0.09763828299207011,2.1245039294522594,2.1245039294522594,2.1245039294522594,2.1245039294522594,2.1245039294522594,0Lepton_3FJ,
ZZ,5,2250.0,2500.0,0.1310497224330902,0.1310497224330902,0.0,0.0,0.0,0.0,0.16160510323256227,5.072292826717743,0.6160835010516135,-1.1269999742507935,1.1150000095367432,6.255937084027349,6.259052435049052,-0.6200000047683716,0.6110000014305115,1.9894088481714225,2.0090342007814934,-0.44200000166893005,0.4320000112056732,1.9894088481714225,2.0090342007814934,4.892259740992738,1.2263962666619492,0.0,0.0,0.0,0.0,0.16160510323256227,5.072292826717743,4.851085329650014,0.059602393835166634,1.2263962666619492,1.2263962666619492,1.2263962666619492,1.2263962666619492,1.2263962666619492,0Lepton_3FJ,
ZZ,6,2500.0,4000.0,0.0,0.0,0.0,0.0,0.0,0.0,0.1754646008614014,13.792194763804064,1.4212757546790131,-0.6759999990463257,0.6690000295639038,6.288433108226242,6.29119401241341,-0.6200000047683716,0.6110000014305115,5.312617740285826,5.28185773851949,-0.44200000166893005,0.4320000112056732,5.312617740285826,5.28185773851949,5.020771482542408,1.1822449825897272,0.0,0.0,0.0,0.0,0.1754646008614014,13.792194763804064,13.520037595548509,0.09669256739415386,1.1822449825897272,1.1822449825897272,1.1822449825897272,1.1822449825897272,1.1822449825897272,0Lepton_3FJ,
ttV,1,1250.0,1500.0,38.08860181388445,3.006878646918696,0.0,0.0,0.0,0.0,2.524089589589385,10.444139119007955,3.289811345508419,-2.447000026702881,2.4140000343322754,47.82237108662749,47.81722393942316,-0.6200000047683716,0.6110000014305115,5.315460794817998,5.540702463897013,-0.44200000166893005,0.4320000112056732,5.315460794817998,5.540702463897013,382.1417333979535,11.369101877199862,0.0,0.0,0.0,0.0,2.524089589589385,10.444139119007955,7.668062394793034,0.2519871346255367,11.369101877199862,11.369101877199862,11.369101877199862,11.369101877199862,11.369101877199862,0Lepton_3FJ,
ttV,2,1500.0,1750.0,15.809467568062246,1.9154082273235655,0.0,0.0,0.0,0.0,1.1155598526547676,9.477098191121215,1.9080873819021829,-1.8009999990463257,1.777999997138977,27.27643990843139,27.285346405861016,-0.6200000047683716,0.6110000014305115,4.138473186262068,4.282357551059147,-0.44200000166893005,0.4320000112056732,4.138473186262068,4.282357551059147,126.22721328240954,6.2251877584937185,0.0,0.0,0.0,0.0,1.1155598526547676,9.477098191121215,8.1711141537739,0.1904241846925474,6.2251877584937185,6.2251877584937185,6.2251877584937185,6.2251877584937185,6.2251877584937185,0Lepton_3FJ,
ttV,3,1750.0,2000.0,6.017801954643801,1.1933723167917725,0.0,0.0,0.0,0.0,0.5322217069345606,7.762345782043239,1.210055177569691,-1.4550000429153442,1.437000036239624,15.377235305911341,15.381099932251802,-0.6200000047683716,0.6110000014305115,3.1817593379560063,3.262076022056012,-0.44200000166893005,0.4320000112056732,3.1817593379560063,3.262076022056012,38.43842536679975,3.3468417166640694,0.0,0.0,0.0,0.0,0.5322217069345606,7.762345782043239,7.100970247130824,0.12915382797785468,3.3468417166640694,3.3468417166640694,3.3468417166640694,3.3468417166640694,3.3468417166640694,0Lepton_3FJ,
ttV,4,2000.0,2250.0,2.9604539113352075,0.8437734226208373,0.0,0.0,0.0,0.0,0.3615255781015967,7.129984822199737,0.9911909494987641,-1.215999960899353,1.2009999752044678,10.10664623451936,10.100787581367893,-0.6200000047683716,0.6110000014305115,2.865253459073213,2.9115401328316657,-0.44200000166893005,0.4320000112056732,2.865253459073213,2.9115401328316657,15.03900728565123,2.1245039294522594,0.0,0.0,0.0,0.0,0.3615255781015967,7.129984822199737,6.67082096110607,0.09763828299207011,2.1245039294522594,2.1245039294522594,2.1245039294522594,2.1245039294522594,2.1245039294522594,0Lepton_3FJ,
ttV,5,2250.0,2500.0,0.6687470595352352,0.3997171901283801,0.0,0.0,0.0,0.0,0.16160510323256227,5.072292826717743,0.6160835010516135,-1.1269999742507935,1.1150000095367432,6.255937084027349,6.259052435049052,-0.6200000047683716,0.6110000014305115,1.9894088481714225,2.0090342007814934,-0.44200000166893005,0.4320000112056732,1.9894088481714225,2.0090342007814934,4.892259740992738,1.2263962666619492,0.0,0.0,0.0,0.0,0.16160510323256227,5.072292826717743,4.851085329650014,0.059602393835166634,1.2263962666619492,1.2263962666619492,1.2263962666619492,1.2263962666619492,1.2263962666619492,0Lepton_3FJ,
ttV,6,2500.0,4000.0,1.7381362050073221,0.6692929083691764,0.0,0.0,0.0,0.0,0.1754646008614014,13.792194763804064,1.4212757546790131,-0.6759999990463257,0.6690000295639038,6.288433108226242,6.29119401241341,-0.6200000047683716,0.6110000014305115,5.312617740285826,5.28185773851949,-0.44200000166893005,0.4320000112056732,5.312617740285826,5.28185773851949,5.020771482542408,1.1822449825897272,0.0,0.0,0.0,0.0,0.1754646008614014,13.792194763804064,13.520037595548509,0.09669256739415386,1.1822449825897272,1.1822449825897272,1.1822449825897272,1.1822449825897272,1.1822449825897272,0Lepton_3FJ,
sm,1,1250.0,1500.0,2.524089589589385,0.0,0.0,0.0,0.0,0.0,2.524089589589385,10.444139119007955,3.289811345508419,-2.447000026702881,2.4140000343322754,47.82237108662749,47.81722393942316,-0.6200000047683716,0.6110000014305115,5.315460794817998,5.540702463897013,-0.44200000166893005,0.4320000112056732,5.315460794817998,5.540702463897013,382.1417333979535,11.369101877199862,0.0,0.0,0.0,0.0,2.524089589589385,10.444139119007955,7.668062394793034,0.2519871346255367,11.369101877199862,11.369101877199862,11.369101877199862,11.369101877199862,11.369101877199862,0Lepton_3FJ,
sm,2,1500.0,1750.0,1.1155598526547676,0.0,0.0,0.0,0.0,0.0,1.1155598526547676,9.477098191121215,1.9080873819021829,-1.8009999990463257,1.777999997138977,27.27643990843139,27.285346405861016,-0.6200000047683716,0.6110000014305115,4.138473186262068,4.282357551059147,-0.44200000166893005,0.4320000112056732,4.138473186262068,4.282357551059147,126.22721328240954,6.2251877584937185,0.0,0.0,0.0,0.0,1.1155598526547676,9.477098191121215,8.1711141537739,0.1904241846925474,6.2251877584937185,6.2251877584937185,6.2251877584937185,6.2251877584937185,6.2251877584937185,0Lepton_3FJ,
sm,3,1750.0,2000.0,0.5322217069345606,0.0,0.0,0.0,0.0,0.0,0.5322217069345606,7.762345782043239,1.210055177569691,-1.4550000429153442,1.437000036239624,15.377235305911341,15.381099932251802,-0.6200000047683716,0.6110000014305115,3.1817593379560063,3.262076022056012,-0.44200000166893005,0.4320000112056732,3.1817593379560063,3.262076022056012,38.43842536679975,3.3468417166640694,0.0,0.0,0.0,0.0,0.5322217069345606,7.762345782043239,7.100970247130824,0.12915382797785468,3.3468417166640694,3.3468417166640694,3.3468417166640694,3.3468417166640694,3.3468417166640694,0Lepton_3FJ,
sm,4,2000.0,2250.0,0.3615255781015967,0.0,0.0,0.0,0.0,0.0,0.3615255781015967,7.129984822199737,0.9911909494987641,-1.215999960899353,1.2009999752044678,10.10664623451936,10.100787581367893,-0.6200000047683716,0.6110000014305115,2.865253459073213,2.9115401328316657,-0.44200000166893005,0.4320000112056732,2.865253459073213,2.9115401328316657,15.03900728565123,2.1245039294522594,0.0,0.0,0.0,0.0,0.3615255781015967,7.129984822199737,6.67082096110607,0.09763828299207011,2.1245039294522594,2.1245039294522594,2.1245039294522594,2.1245039294522594,2.1245039294522594,0Lepton_3FJ,
sm,5,2250.0,2500.0,0.16160510323256227,0.0,0.0,0.0,0.0,0.0,0.16160510323256227,5.072292826717743,0.6160835010516135,-1.1269999742507935,1.1150000095367432,6.255937084027349,6.259052435049052,-0.6200000047683716,0.6110000014305115,1.9894088481714225,2.0090342007814934,-0.44200000166893005,0.4320000112056732,1.9894088481714225,2.0090342007814934,4.892259740992738,1.2263962666619492,0.0,0.0,0.0,0.0,0.16160510323256227,5.072292826717743,4.851085329650014,0.059602393835166634,1.2263962666619492,1.2263962666619492,1.2263962666619492,1.2263962666619492,1.2263962666619492,0Lepton_3FJ,
sm,6,2500.0,4000.0,0.1754646008614014,0.0,0.0,0.0,0.0,0.0,0.1754646008614014,13.792194763804064,1.4212757546790131,-0.6759999990463257,0.6690000295639038,6.288433108226242,6.29119401241341,-0.6200000047683716,0.6110000014305115,5.312617740285826,5.28185773851949,-0.44200000166893005,0.4320000112056732,5.312617740285826,5.28185773851949,5.020771482542408,1.1822449825897272,0.0,0.0,0.0,0.0,0.1754646008614014,13.792194763804064,13.520037595548509,0.09669256739415386,1.1822449825897272,1.1822449825897272,1.1822449825897272,1.1822449825897272,1.1822449825897272,0Lepton_3FJ,
Other,1,500.0,1600.0,129.5636921459323,0.0,0.0,0.0,0.0,0.0,14.67182228407206,26.976517833151842,15.912417485806776,-2.259000062942505,2.2049999237060547,72.79498131957291,72.81258933525514,-0.7739999890327454,0.7630000114440918,21.17252653079718,21.94990972610788,-0.44200000166893005,0.4320000112056732,21.17252653079718,21.94990972610788,822.3890917496653,0.0,4.302693559604691,4.980347258510376,4.757775451448517,4.54759314767816,14.67182228407206,26.976517833151842,11.670540299948664,0.6341552491311173,4.6415204090575335,4.980347258510376,4.302693559604691,4.54759314767816,4.757775451448517,1Lepton,
Other,2,1600.0,2600.0,27.45474013829397,0.0,0.0,0.0,0.0,0.0,4.744427569316601,24.880976194961146,6.648093009245978,-1.2549999952316284,1.2330000400543213,35.22858271826965,35.23279653511435,-0.7739999890327454,0.7630000114440918,16.210291768196853,16.545986223582876,-0.44200000166893005,0.4320000112056732,16.210291768196853,16.545986223582876,203.92456806674684,0.0,4.268314254254808,5.093454678111159,4.915710446415184,4.471865152042474,4.744427569316601,24.880976194961146,19.70142451316184,0.4351241124827059,4.680884466182983,5.093454678111159,4.268314254254808,4.471865152042474,4.915710446415184,1Lepton,
Other,3,2600.0,3400.0,1.4699372051178776,0.0,0.0,0.0,0.0,0.0,0.6477508973484893,8.627760602812337,1.3827141666196159,-1.1779999732971191,1.1679999828338623,11.516686901757296,11.518608556990394,-0.7739999890327454,0.7630000114440918,5.318782851995325,5.307899405454177,-0.44200000166893005,0.4320000112056732,5.318782851995325,5.307899405454177,19.848675615405188,0.0,2.071478841692853,2.243967400418444,2.071478841692853,2.243967400418444,0.6477508973484893,8.627760602812337,7.900188773181085,0.07982093228276255,2.1577231210556485,2.243967400418444,2.071478841692853,2.243967400418444,2.071478841692853,1Lepton,
Other,4,3400.0,4000.0,0.10109006224068669,0.0,0.0,0.0,0.0,0.0,0.1213211963708698,5.254359088985724,0.5888141637825652,-0.8960000276565552,0.890999972820282,4.197555388610072,4.198894840987799,-0.7739999890327454,0.7630000114440918,3.16031153112499,3.1143697133585553,-0.44200000166893005,0.4320000112056732,3.16031153112499,3.1143697133585553,1.7739586108945629,0.0,0.36785318072792167,0.40006236092733477,0.36785318072792167,0.40006236092733477,0.1213211963708698,5.254359088985724,5.106754287489337,0.026283605125517084,0.3839577708276282,0.40006236092733477,0.36785318072792167,0.40006236092733477,0.36785318072792167,1Lepton,
Top,1,500.0,1600.0,268.0720424940706,0.0,0.0,0.0,0.0,0.0,14.67182228407206,26.976517833151842,15.912417485806776,-2.259000062942505,2.2049999237060547,72.79498131957291,72.81258933525514,-0.7739999890327454,0.7630000114440918,21.17252653079718,21.94990972610788,-0.44200000166893005,0.4320000112056732,21.17252653079718,21.94990972610788,822.3890917496653,0.0,4.302693559604691,4.980347258510376,4.757775451448517,4.54759314767816,14.67182228407206,26.976517833151842,11.670540299948664,0.6341552491311173,4.6415204090575335,4.980347258510376,4.302693559604691,4.54759314767816,4.757775451448517,1Lepton,
Top,2,1600.0,2600.0,43.220862045900724,0.0,0.0,0.0,0.0,0.0,4.744427569316601,24.880976194961146,6.648093009245978,-1.2549999952316284,1.2330000400543213,35.22858271826965,35.23279653511435,-0.7739999890327454,0.7630000114440918,16.210291768196853,16.545986223582876,-0.44200000166893005,0.4320000112056732,16.210291768196853,16.545986223582876,203.92456806674684,0.0,4.268314254254808,5.093454678111159,4.915710446415184,4.471865152042474,4.744427569316601,24.880976194961146,19.70142451316184,0.4351241124827059,4.680884466182983,5.093454678111159,4.268314254254808,4.471865152042474,4.915710446415184,1Lepton,
Top,3,2600.0,3400.0,2.5025475426043946,0.0,0.0,0.0,0.0,0.0,0.6477508973484893,8.627760602812337,1.3827141666196159,-1.1779999732971191,1.1679999828338623,11.516686901757296,11.518608556990394,-0.7739999890327454,0.7630000114440918,5.318782851995325,5.307899405454177,-0.44200000166893005,0.4320000112056732,5.318782851995325,5.307899405454177,19.848675615405188,0.0,2.071478841692853,2.243967400418444,2.071478841692853,2.243967400418444,0.6477508973484893,8.627760602812337,7.900188773181085,0.07982093228276255,2.1577231210556485,2.243967400418444,2.071478841692853,2.243967400418444,2.071478841692853,1Lepton,
Top,4,3400.0,4000.0,0.08220006995098818,0.0,0.0,0.0,0.0,0.0,0.1213211963708698,5.254359088985724,0.5888141637825652,-0.8960000276565552,0.890999972820282,4.197555388610072,4.198894840987799,-0.7739999890327454,0.7630000114440918,3.16031153112499,3.1143697133585553,-0.44200000166893005,0.4320000112056732,3.16031153112499,3.1143697133585553,1.7739586108945629,0.0,0.36785318072792167,0.40006236092733477,0.36785318072792167,0.40006236092733477,0.1213211963708698,5.254359088985724,5.106754287489337,0.026283605125517084,0.3839577708276282,0.40006236092733477,0.36785318072792167,0.40006236092733477,0.36785318072792167,1Lepton,
WJets,1,500.0,1600.0,410.08153482559044,0.0,4.302693559604691,4.980347258510376,4.757775451448517,4.54759314767816,14.67182228407206,26.976517833151842,15.912417485806776,-2.259000062942505,2.2049999237060547,72.79498131957291,72.81258933525514,-0.7739999890327454,0.7630000114440918,21.17252653079718,21.94990972610788,-0.44200000166893005,0.4320000112056732,21.17252653079718,21.94990972610788,822.3890917496653,0.0,4.302693559604691,4.980347258510376,4.757775451448517,4.54759314767816,14.67182228407206,26.976517833151842,11.670540299948664,0.6341552491311173,4.6415204090575335,4.980347258510376,4.302693559604691,4.54759314767816,4.757775451448517,1Lepton,
WJets,2,1600.0,2600.0,128.50453831323554,0.0,4.268314254254808,5.093454678111159,4.915710446415184,4.471865152042474,4.744427569316601,24.880976194961146,6.648093009245978,-1.2549999952316284,1.2330000400543213,35.22858271826965,35.23279653511435,-0.7739999890327454,0.7630000114440918,16.210291768196853,16.545986223582876,-0.44200000166893005,0.4320000112056732,16.210291768196853,16.545986223582876,203.92456806674684,0.0,4.268314254254808,5.093454678111159,4.915710446415184,4.471865152042474,4.744427569316601,24.880976194961146,19.70142451316184,0.4351241124827059,4.680884466182983,5.093454678111159,4.268314254254808,4.471865152042474,4.915710446415184,1Lepton,
WJets,3,2600.0,3400.0,15.228439970334424,0.0,2.071478841692853,2.243967400418444,2.071478841692853,2.243967400418444,0.6477508973484893,8.627760602812337,1.3827141666196159,-1.1779999732971191,1.1679999828338623,11.516686901757296,11.518608556990394,-0.7739999890327454,0.7630000114440918,5.318782851995325,5.307899405454177,-0.44200000166893005,0.4320000112056732,5.318782851995325,5.307899405454177,19.848675615405188,0.0,2.071478841692853,2.243967400418444,2.071478841692853,2.243967400418444,0.6477508973484893,8.627760602812337,7.900188773181085,0.07982093228276255,2.1577231210556485,2.243967400418444,2.071478841692853,2.243967400418444,2.071478841692853,1Lepton,
WJets,4,3400.0,4000.0,1.4693472823320182,0.0,0.36785318072792167,0.40006236092733477,0.36785318072792167,0.40006236092733477,0.1213211963708698,5.254359088985724,0.5888141637825652,-0.8960000276565552,0.890999972820282,4.197555388610072,4.198894840987799,-0.7739999890327454,0.7630000114440918,3.16031153112499,3.1143697133585553,-0.44200000166893005,0.4320000112056732,3.16031153112499,3.1143697133585553,1.7739586108945629,0.0,0.36785318072792167,0.40006236092733477,0.36785318072792167,0.40006236092733477,0.1213211963708698,5.254359088985724,5.106754287489337,0.026283605125517084,0.3839577708276282,0.40006236092733477,0.36785318072792167,0.40006236092733477,0.36785318072792167,1Lepton,
sm,1,500.0,1600.0,14.67182228407206,0.0,0.0,0.0,0.0,0.0,14.67182228407206,26.976517833151842,15.912417485806776,-2.259000062942505,2.2049999237060547,72.79498131957291,72.81258933525514,-0.7739999890327454,0.7630000114440918,21.17252653079718,21.94990972610788,-0.44200000166893005,0.4320000112056732,21.17252653079718,21.94990972610788,822.3890917496653,0.0,4.302693559604691,4.980347258510376,4.757775451448517,4.54759314767816,14.67182228407206,26.976517833151842,11.670540299948664,0.6341552491311173,4.6415204090575335,4.980347258510376,4.302693559604691,4.54759314767816,4.757775451448517,1Lepton,
sm,2,1600.0,2600.0,4.744427569316601,0.0,0.0,0.0,0.0,0.0,4.744427569316601,24.880976194961146,6.648093009245978,-1.2549999952316284,1.2330000400543213,35.22858271826965,35.23279653511435,-0.7739999890327454,0.7630000114440918,16.210291768196853,16.545986223582876,-0.44200000166893005,0.4320000112056732,16.210291768196853,16.545986223582876,203.92456806674684,0.0,4.268314254254808,5.093454678111159,4.915710446415184,4.471865152042474,4.744427569316601,24.880976194961146,19.70142451316184,0.4351241124827059,4.680884466182983,5.093454678111159,4.268314254254808,4.471865152042474,4.915710446415184,1Lepton,
sm,3,2600.0,3400.0,0.6477508973484893,0.0,0.0,0.0,0.0,0.0,0.6477508973484893,8.627760602812337,1.3827141666196159,-1.1779999732971191,1.1679999828338623,11.516686901757296,11.518608556990394,-0.7739999890327454,0.7630000114440918,5.318782851995325,5.307899405454177,-0.44200000166893005,0.4320000112056732,5.318782851995325,5.307899405454177,19.848675615405188,0.0,2.071478841692853,2.243967400418444,2.071478841692853,2.243967400418444,0.6477508973484893,8.627760602812337,7.900188773181085,0.07982093228276255,2.1577231210556485,2.243967400418444,2.071478841692853,2.243967400418444,2.071478841692853,1Lepton,
sm,4,3400.0,4000.0,0.1213211963708698,0.0,0.0,0.0,0.0,0.0,0.1213211963708698,5.254359088985724,0.5888141637825652,-0.8960000276565552,0.890999972820282,4.197555388610072,4.198894840987799,-0.7739999890327454,0.7630000114440918,3.16031153112499,3.1143697133585553,-0.44200000166893005,0.4320000112056732,3.16031153112499,3.1143697133585553,1.7739586108945629,0.0,0.36785318072792167,0.40006236092733477,0.36785318072792167,0.40006236092733477,0.1213211963708698,5.254359088985724,5.106754287489337,0.026283605125517084,0.3839577708276282,0.40006236092733477,0.36785318072792167,0.40006236092733477,0.36785318072792167,1Lepton,
TTbar,1,200.0,800.0,126.13375120962145,5.019420521564617,25.226750241924307,25.226750241924293,25.226750241924307,25.226750241924293,11.80682779710775,15.409586665571249,12.188295672990144,-4.789999961853027,4.710000038146973,86.91206019930719,86.96955095596476,-0.8519999980926514,0.8349999785423279,13.992146762534045,14.35630135408455,-0.44200000166893005,0.4320000112056732,13.992146762534045,14.35630135408455,223.97639674913466,6.650159238273003,36.09132169764394,36.091321697643934,36.09132169764394,36.091321697643934,11.80682779710775,15.409586665571249,3.3302846888412243,0.2724741796222734,36.698884448675166,36.698884448675166,36.698884448675166,36.698884448675166,36.698884448675166,2Lepton_OS,OF
TTbar,2,800.0,1350.0,7.018784584417854,0.9390546762387421,1.4037569168835704,1.4037569168835704,1.4037569168835704,1.4037569168835704,2.416703550667557,7.578696286944897,2.9172912760379597,-1.434999942779541,1.399999976158142,12.447257811950356,12.438186632248403,-0.8519999980926514,0.8349999785423279,5.893253922276156,6.039397822427457,-0.44200000166893005,0.4320000112056732,5.893253922276156,6.039397822427457,14.760031738977158,1.3462088577310054,2.1265235232123514,2.1265235232123514,2.1265235232123514,2.1265235232123514,2.416703550667557,7.578696286944897,4.9905242643466625,0.1714684719306776,2.516819537314682,2.516819537314682,2.516819537314682,2.516819537314682,2.516819537314682,2Lepton_OS,OF
TTbar,3,1350.0,5000.0,0.36064579620549564,0.30035803006312806,0.07212915924109914,0.07212915924109914,0.07212915924109914,0.07212915924109914,0.30569928820139763,4.895718365747902,0.7314501786463894,-0.9020000100135803,0.8880000114440918,3.93681928625834,3.9311220329955114,-0.8519999980926514,0.8349999785423279,3.542568761068917,3.5142739372355076,-0.44200000166893005,0.4320000112056732,3.542568761068917,3.5142739372355076,1.176138485877719,0.4148486721964572,0.16909362409421397,0.16909362409421397,0.16909362409421397,0.16909362409421397,0.30569928820139763,4.895718365747902,4.529784918185522,0.060234159360982475,0.44798669012871234,0.44798669012871234,0.44798669012871234,0.44798669012871234,0.44798669012871234,2Lepton_OS,OF
restbkg,1,200.0,800.0,86.03581774240544,4.3623428936849695,25.81074532272163,25.81074532272163,25.81074532272163,25.81074532272163,11.80682779710775,15.409586665571249,12.188295672990144,-4.789999961853027,4.710000038146973,86.91206019930719,86.96955095596476,-0.8519999980926514,0.8349999785423279,13.992146762534045,14.35630135408455,-0.44200000166893005,0.4320000112056732,13.992146762534045,14.35630135408455,223.97639674913466,6.650159238273003,36.09132169764394,36.091321697643934,36.09132169764394,36.091321697643934,11.80682779710775,15.409586665571249,3.3302846888412243,0.2724741796222734,36.698884448675166,36.698884448675166,36.698884448675166,36.698884448675166,36.698884448675166,2Lepton_OS,OF
restbkg,2,800.0,1350.0,5.324543603891747,0.9646007483241807,1.597363081167524,1.597363081167524,1.597363081167524,1.597363081167524,2.416703550667557,7.578696286944897,2.9172912760379597,-1.434999942779541,1.399999976158142,12.447257811950356,12.438186632248403,-0.8519999980926514,0.8349999785423279,5.893253922276156,6.039397822427457,-0.44200000166893005,0.4320000112056732,5.893253922276156,6.039397822427457,14.760031738977158,1.3462088577310054,2.1265235232123514,2.1265235232123514,2.1265235232123514,2.1265235232123514,2.416703550667557,7.578696286944897,4.9905242643466625,0.1714684719306776,2.516819537314682,2.516819537314682,2.516819537314682,2.516819537314682,2.516819537314682,2Lepton_OS,OF
restbkg,3,1350.0,5000.0,0.5097934014708257,0.28615463407004377,0.1529380204412477,0.1529380204412477,0.1529380204412477,0.1529380204412477,0.30569928820139763,4.895718365747902,0.7314501786463894,-0.9020000100135803,0.8880000114440918,3.93681928625834,3.9311220329955114,-0.8519999980926514,0.8349999785423279,3.542568761068917,3.5142739372355076,-0.44200000166893005,0.4320000112056732,3.542568761068917,3.5142739372355076,1.176138485877719,0.4148486721964572,0.16909362409421397,0.16909362409421397,0.16909362409421397,0.16909362409421397,0.30569928820139763,4.895718365747902,4.529784918185522,0.060234159360982475,0.44798669012871234,0.44798669012871234,0.44798669012871234,0.44798669012871234,0.44798669012871234,2Lepton_OS,OF
sm,1,200.0,800.0,11.80682779710775,0.0,0.0,0.0,0.0,0.0,11.80682779710775,15.409586665571249,12.188295672990144,-4.789999961853027,4.710000038146973,86.91206019930719,86.96955095596476,-0.8519999980926514,0.8349999785423279,13.992146762534045,14.35630135408455,-0.44200000166893005,0.4320000112056732,13.992146762534045,14.35630135408455,223.97639674913466,6.650159238273003,36.09132169764394,36.091321697643934,36.09132169764394,36.091321697643934,11.80682779710775,15.409586665571249,3.3302846888412243,0.2724741796222734,36.698884448675166,36.698884448675166,36.698884448675166,36.698884448675166,36.698884448675166,2Lepton_OS,OF
sm,2,800.0,1350.0,2.416703550667557,0.0,0.0,0.0,0.0,0.0,2.416703550667557,7.578696286944897,2.9172912760379597,-1.434999942779541,1.399999976158142,12.447257811950356,12.438186632248403,-0.8519999980926514,0.8349999785423279,5.893253922276156,6.039397822427457,-0.44200000166893005,0.4320000112056732,5.893253922276156,6.039397822427457,14.760031738977158,1.3462088577310054,2.1265235232123514,2.1265235232123514,2.1265235232123514,2.1265235232123514,2.416703550667557,7.578696286944897,4.9905242643466625,0.1714684719306776,2.516819537314682,2.516819537314682,2.516819537314682,2.516819537314682,2.516819537314682,2Lepton_OS,OF
sm,3,1350.0,5000.0,0.30569928820139763,0.0,0.0,0.0,0.0,0.0,0.30569928820139763,4.895718365747902,0.7314501786463894,-0.9020000100135803,0.8880000114440918,3.93681928625834,3.9311220329955114,-0.8519999980926514,0.8349999785423279,3.542568761068917,3.5142739372355076,-0.44200000166893005,0.4320000112056732,3.542568761068917,3.5142739372355076,1.176138485877719,0.4148486721964572,0.16909362409421397,0.16909362409421397,0.16909362409421397,0.16909362409421397,0.30569928820139763,4.895718365747902,4.529784918185522,0.060234159360982475,0.44798669012871234,0.44798669012871234,0.44798669012871234,0.44798669012871234,0.44798669012871234,2Lepton_OS,OF
DY,1,200.0,800.0,346.5992164514756,25.451282900792037,40.64135943351033,40.64135943351033,40.64135943351033,40.64135943351033,9.224408478558676,12.28724739262218,9.547170797108393,-7.730000019073486,7.650000095367432,177.10027583747703,177.05777674518066,-1.4859999418258667,1.4670000076293945,15.15908134291099,15.662232566865042,-0.44200000166893005,0.4320000112056732,15.15908134291099,15.662232566865042,599.5364905969609,26.51845943301718,83.65020368681996,83.65020368681996,83.65020368681996,83.65020368681996,9.224408478558676,12.28724739262218,2.838520741282545,0.22431817278095956,87.75297868190599,87.75297868190599,87.75297868190599,87.75297868190599,87.75297868190599,2Lepton_OS,SFnoZ
DY,2,800.0,1050.0,31.942193850957192,7.0824980113439215,19.158467213884233,19.158467213884233,19.158467213884233,19.158467213884233,1.7076391086625182,4.060413071144226,1.9406570910714047,-4.110000133514404,4.065000057220459,39.32388935595762,39.32356431902324,-1.4859999418258667,1.4670000076293945,6.528884949362304,6.701633857100847,-0.44200000166893005,0.4320000112056732,6.528884949362304,6.701633857100847,55.012088752393055,7.2680150978366145,20.20193068782056,20.20193068782056,20.20193068782056,20.20193068782056,1.7076391086625182,4.060413071144226,2.2514962206458367,0.10127774183587124,21.46956094050102,21.46956094050102,21.46956094050102,21.46956094050102,21.46956094050102,2Lepton_OS,SFnoZ
DY,3,1050.0,5000.0,6.182429661072676,4.610277334584801,3.576335531481355,3.5763355314813543,3.5763355314813543,3.576335531481355,0.8198408281756644,6.596418470529117,1.360722741576549,-1.5240000486373901,1.5049999952316284,13.851909192395143,13.827967481567432,-1.4859999418258667,1.4670000076293945,13.206413119161136,13.183074123800884,-0.44200000166893005,0.4320000112056732,13.206413119161136,13.183074123800884,13.998415609530007,4.678806514232945,4.146724010915087,4.146724010915087,4.1467240109150865,4.146724010915088,0.8198408281756644,6.596418470529117,5.676625615738815,0.09995202661463742,6.2519237375649706,6.2519237375649706,6.2519237375649706,6.251923737564971,6.25192373756497,2Lepton_OS,SFnoZ
restbkg,1,200.0,800.0,243.7128656669266,7.447206818964328,73.113859700078,73.113859700078,73.113859700078,73.113859700078,9.224408478558676,12.28724739262218,9.547170797108393,-7.730000019073486,7.650000095367432,177.10027583747703,177.05777674518066,-1.4859999418258667,1.4670000076293945,15.15908134291099,15.662232566865042,-0.44200000166893005,0.4320000112056732,15.15908134291099,15.662232566865042,599.5364905969609,26.51845943301718,83.65020368681996,83.65020368681996,83.65020368681996,83.65020368681996,9.224408478558676,12.28724739262218,2.838520741282545,0.22431817278095956,87.75297868190599,87.75297868190599,87.75297868190599,87.75297868190599,87.75297868190599,2Lepton_OS,SFnoZ
restbkg,2,800.0,1050.0,21.362255792773347,1.631644992542915,6.408676737832003,6.408676737832003,6.408676737832003,6.408676737832003,1.7076391086625182,4.060413071144226,1.9406570910714047,-4.110000133514404,4.065000057220459,39.32388935595762,39.32356431902324,-1.4859999418258667,1.4670000076293945,6.528884949362304,6.701633857100847,-0.44200000166893005,0.4320000112056732,6.528884949362304,6.701633857100847,55.012088752393055,7.2680150978366145,20.20193068782056,20.20193068782056,20.20193068782056,20.20193068782056,1.7076391086625182,4.060413071144226,2.2514962206458367,0.10127774183587124,21.46956094050102,21.46956094050102,21.46956094050102,21.46956094050102,21.46956094050102,2Lepton_OS,SFnoZ
restbkg,3,1050.0,5000.0,6.996145120281667,0.7978554354281892,2.098843536084499,2.0988435360845,2.098843536084499,2.0988435360845,0.8198408281756644,6.596418470529117,1.360722741576549,-1.5240000486373901,1.5049999952316284,13.851909192395143,13.827967481567432,-1.4859999418258667,1.4670000076293945,13.206413119161136,13.183074123800884,-0.44200000166893005,0.4320000112056732,13.206413119161136,13.183074123800884,13.998415609530007,4.678806514232945,4.146724010915087,4.146724010915087,4.1467240109150865,4.146724010915088,0.8198408281756644,6.596418470529117,5.676625615738815,0.09995202661463742,6.2519237375649706,6.2519237375649706,6.2519237375649706,6.251923737564971,6.25192373756497,2Lepton_OS,SFnoZ
sm,1,200.0,800.0,9.224408478558676,0.0,0.0,0.0,0.0,0.0,9.224408478558676,12.28724739262218,9.547170797108393,-7.730000019073486,7.650000095367432,177.10027583747703,177.05777674518066,-1.4859999418258667,1.4670000076293945,15.15908134291099,15.662232566865042,-0.44200000166893005,0.4320000112056732,15.15908134291099,15.662232566865042,599.5364905969609,26.51845943301718,83.65020368681996,83.65020368681996,83.65020368681996,83.65020368681996,9.224408478558676,12.28724739262218,2.838520741282545,0.22431817278095956,87.75297868190599,87.75297868190599,87.75297868190599,87.75297868190599,87.75297868190599,2Lepton_OS,SFnoZ
sm,2,800.0,1050.0,1.7076391086625182,0.0,0.0,0.0,0.0,0.0,1.7076391086625182,4.060413071144226,1.9406570910714047,-4.110000133514404,4.065000057220459,39.32388935595762,39.32356431902324,-1.4859999418258667,1.4670000076293945,6.528884949362304,6.701633857100847,-0.44200000166893005,0.4320000112056732,6.528884949362304,6.701633857100847,55.012088752393055,7.2680150978366145,20.20193068782056,20.20193068782056,20.20193068782056,20.20193068782056,1.7076391086625182,4.060413071144226,2.2514962206458367,0.10127774183587124,21.46956094050102,21.46956094050102,21.46956094050102,21.46956094050102,21.46956094050102,2Lepton_OS,SFnoZ
sm,3,1050.0,5000.0,0.8198408281756644,0.0,0.0,0.0,0.0,0.0,0.8198408281756644,6.596418470529117,1.360722741576549,-1.5240000486373901,1.5049999952316284,13.851909192395143,13.827967481567432,-1.4859999418258667,1.4670000076293945,13.206413119161136,13.183074123800884,-0.44200000166893005,0.4320000112056732,13.206413119161136,13.183074123800884,13.998415609530007,4.678806514232945,4.146724010915087,4.146724010915087,4.1467240109150865,4.146724010915088,0.8198408281756644,6.596418470529117,5.676625615738815,0.09995202661463742,6.2519237375649706,6.2519237375649706,6.2519237375649706,6.251923737564971,6.25192373756497,2Lepton_OS,SFnoZ
DY,1,200.0,800.0,2013.979839726649,56.99906649481782,39.804770569751554,39.80477056975133,39.80477056975133,39.804770569751554,18.348341515166606,24.828167951040292,19.066671194648617,-9.380000114440918,9.270000457763672,525.8132280264987,525.8423320979654,-1.0859999656677246,1.0670000314712524,24.53272904020199,25.679546368582173,-0.44200000166893005,0.4320000112056732,24.53272904020199,25.679546368582173,2957.3341745989674,58.43463468992619,280.342054742611,280.34205474261097,280.34205474261097,280.342054742611,18.348341515166606,24.828167951040292,5.836277387048076,0.6435490488256086,286.3673762645708,286.3673762645707,286.3673762645708,286.3673762645708,286.3673762645707,2Lepton_OS,SFZ
DY,2,800.0,1300.0,212.1376979884474,20.184432138393177,17.30675249810821,17.30675249810821,17.30675249810821,17.30675249810821,6.116150059110248,17.103849007617775,7.218112123505103,-3.3429999351501465,3.2920000553131104,121.0936150311282,121.13019265118935,-1.0859999656677246,1.0670000314712524,17.855252627527143,18.587033732155813,-0.44200000166893005,0.4320000112056732,17.855252627527143,18.587033732155813,395.3069434813176,20.960689789930694,55.864349600363425,55.864349600363425,55.864349600363425,55.864349600363425,6.116150059110248,17.103849007617775,10.449274381701917,0.5384245668056105,59.667211035386345,59.667211035386345,59.667211035386345,59.667211035386345,59.667211035386345,2Lepton_OS,SFZ
DY,3,1300.0,5000.0,3.64477712765617,2.712487483453887,0.3843335079082757,0.3843335079082757,0.3843335079082757,0.3843335079082757,0.8069959349827515,10.670396269598909,1.7337041095031749,-1.1610000133514404,1.1419999599456787,13.636112583811427,13.64036884882636,-1.0859999656677246,1.0670000314712524,12.019110587759615,12.02309211575597,-0.44200000166893005,0.4320000112056732,12.019110587759615,12.02309211575597,16.804408266947945,2.982107667670704,3.7256671791059377,3.7256671791059377,3.7256671791059377,3.7256671791059377,0.8069959349827515,10.670396269598909,9.677675837449637,0.18572449716651984,4.772165344060032,4.772165344060032,4.772165344060032,4.772165344060032,4.772165344060032,2Lepton_OS,SFZ
restbkg,1,200.0,800.0,925.0059933571515,12.872954208901021,277.50179800714545,277.50179800714545,277.50179800714545,277.50179800714545,18.348341515166606,24.828167951040292,19.066671194648617,-9.380000114440918,9.270000457763672,525.8132280264987,525.8423320979654,-1.0859999656677246,1.0670000314712524,24.53272904020199,25.679546368582173,-0.44200000166893005,0.4320000112056732,24.53272904020199,25.679546368582173,2957.3341745989674,58.43463468992619,280.342054742611,280.34205474261097,280.34205474261097,280.342054742611,18.348341515166606,24.828167951040292,5.836277387048076,0.6435490488256086,286.3673762645708,286.3673762645707,286.3673762645708,286.3673762645708,286.3673762645707,2Lepton_OS,SFZ
restbkg,2,800.0,1300.0,177.05309543375998,5.651479073685532,53.115928630127996,53.115928630127996,53.115928630127996,53.115928630127996,6.116150059110248,17.103849007617775,7.218112123505103,-3.3429999351501465,3.2920000553131104,121.0936150311282,121.13019265118935,-1.0859999656677246,1.0670000314712524,17.855252627527143,18.587033732155813,-0.44200000166893005,0.4320000112056732,17.855252627527143,18.587033732155813,395.3069434813176,20.960689789930694,55.864349600363425,55.864349600363425,55.864349600363425,55.864349600363425,6.116150059110248,17.103849007617775,10.449274381701917,0.5384245668056105,59.667211035386345,59.667211035386345,59.667211035386345,59.667211035386345,59.667211035386345,2Lepton_OS,SFZ
restbkg,3,1300.0,5000.0,12.352635204309022,1.2391036250800032,3.705790561292707,3.705790561292707,3.705790561292707,3.705790561292707,0.8069959349827515,10.670396269598909,1.7337041095031749,-1.1610000133514404,1.1419999599456787,13.636112583811427,13.64036884882636,-1.0859999656677246,1.0670000314712524,12.019110587759615,12.02309211575597,-0.44200000166893005,0.4320000112056732,12.019110587759615,12.02309211575597,16.804408266947945,2.982107667670704,3.7256671791059377,3.7256671791059377,3.7256671791059377,3.7256671791059377,0.8069959349827515,10.670396269598909,9.677675837449637,0.18572449716651984,4.772165344060032,4.772165344060032,4.772165344060032,4.772165344060032,4.772165344060032,2Lepton_OS,SFZ
sm,1,200.0,800.0,18.348341515166606,0.0,0.0,0.0,0.0,0.0,18.348341515166606,24.828167951040292,19.066671194648617,-9.380000114440918,9.270000457763672,525.8132280264987,525.8423320979654,-1.0859999656677246,1.0670000314712524,24.53272904020199,25.679546368582173,-0.44200000166893005,0.4320000112056732,24.53272904020199,25.679546368582173,2957.3341745989674,58.43463468992619,280.342054742611,280.34205474261097,280.34205474261097,280.342054742611,18.348341515166606,24.828167951040292,5.836277387048076,0.6435490488256086,286.3673762645708,286.3673762645707,286.3673762645708,286.3673762645708,286.3673762645707,2Lepton_OS,SFZ
sm,2,800.0,1300.0,6.116150059110248,0.0,0.0,0.0,0.0,0.0,6.116150059110248,17.103849007617775,7.218112123505103,-3.3429999351501465,3.2920000553131104,121.0936150311282,121.13019265118935,-1.0859999656677246,1.0670000314712524,17.855252627527143,18.587033732155813,-0.44200000166893005,0.4320000112056732,17.855252627527143,18.587033732155813,395.3069434813176,20.960689789930694,55.864349600363425,55.864349600363425,55.864349600363425,55.864349600363425,6.116150059110248,17.103849007617775,10.449274381701917,0.5384245668056105,59.667211035386345,59.667211035386345,59.667211035386345,59.667211035386345,59.667211035386345,2Lepton_OS,SFZ
sm,3,1300.0,5000.0,0.8069959349827515,0.0,0.0,0.0,0.0,0.0,0.8069959349827515,10.670396269598909,1.7337041095031749,-1.1610000133514404,1.1419999599456787,13.636112583811427,13.64036884882636,-1.0859999656677246,1.0670000314712524,12.019110587759615,12.02309211575597,-0.44200000166893005,0.4320000112056732,12.019110587759615,12.02309211575597,16.804408266947945,2.982107667670704,3.7256671791059377,3.7256671791059377,3.7256671791059377,3.7256671791059377,0.8069959349827515,10.670396269598909,9.677675837449637,0.18572449716651984,4.772165344060032,4.772165344060032,4.772165344060032,4.772165344060032,4.772165344060032,2Lepton_OS,SFZ
DY,1,0.0,800.0,1.1254503726959229,0.42484308318391706,0.07117266583705402,0.0587897702724257,0.05910906217944549,0.07090771621836366,5.066952228546143,5.260804176330566,5.088697239458561,-9.15999984741211,9.050000190734863,19.427324390747714,19.4527477217693,-2.197000026702881,2.1700000762939453,5.8588733919321045,5.9278148468929786,-0.44200000166893005,0.4320000112056732,5.8588733919321045,5.9278148468929786,39.248530849814415,2.176300325770671,1.0173597761905586,1.186540965440344,1.1976184265157974,1.0042960128111795,5.066952228546143,5.260804176330566,0.1733836829662323,0.02046826481819153,2.439380603286383,2.4787421347565846,2.4023538503226436,2.3968507649200776,2.4840638082544704,2Lepton_SS,1FJ
DY,2,800.0,1400.0,0.48902297019958496,0.189549943448586,0.04086098114925741,0.037132827862689996,0.0377816859194353,0.04026177957623434,4.150169372558594,4.822139263153076,4.218600925207139,-3.9149999618530273,3.8550000190734863,13.720756659360378,13.719450753343324,-2.197000026702881,2.1700000762939453,7.127595854449481,7.218241569661711,-0.44200000166893005,0.4320000112056732,7.127595854449481,7.218241569661711,15.527781069278717,1.392912656607569,0.519029117432943,0.7864719482183077,0.46601167738852384,0.8190008953688969,4.150169372558594,4.822139263153076,0.6340924501419067,0.037877440452575684,1.5382746591690617,1.599607387539785,1.4864712892218184,1.6158490447911926,1.46879969784856,2Lepton_SS,1FJ
DY,3,1400.0,1500.0,0.11914192885160446,0.1069846869242944,0.11575890395220176,0.11576963433017065,0.01234371949280543,0.16324939407617853,0.9247208833694458,1.6359238624572754,0.9917117214202881,-2.303999900817871,2.2839999198913574,4.59196487262369,4.593170240920649,-2.197000026702881,2.1700000762939453,4.2578047548774824,4.237645552978242,-0.44200000166893005,0.4320000112056732,4.2578047548774824,4.237645552978242,1.269330870360136,0.1552188105545839,0.12474690263961348,0.12549122090926332,0.03527626930618829,0.17339383226433405,0.9247208833694458,1.6359238624572754,0.69700026512146,0.014202713966369629,0.19936814883349732,0.19960191801502644,0.1991348007460198,0.23271935935218585,0.15917692774438927,2Lepton_SS,1FJ
TTbar,1,0.0,800.0,23.252288818359375,1.6187582259403654,0.9422647099284603,1.119226150949903,1.1306949675001094,0.9284712440440076,5.066952228546143,5.260804176330566,5.088697239458561,-9.15999984741211,9.050000190734863,19.427324390747714,19.4527477217693,-2.197000026702881,2.1700000762939453,5.8588733919321045,5.9278148468929786,-0.44200000166893005,0.4320000112056732,5.8588733919321045,5.9278148468929786,39.248530849814415,2.176300325770671,1.0173597761905586,1.186540965440344,1.1976184265157974,1.0042960128111795,5.066952228546143,5.260804176330566,0.1733836829662323,0.02046826481819153,2.439380603286383,2.4787421347565846,2.4023538503226436,2.3968507649200776,2.4840638082544704,2Lepton_SS,1FJ
TTbar,2,800.0,1400.0,4.07717752456665,0.6839195691734667,0.4386350105718748,0.72925976220676,0.3799880874983707,0.761465381112352,4.150169372558594,4.822139263153076,4.218600925207139,-3.9149999618530273,3.8550000190734863,13.720756659360378,13.719450753343324,-2.197000026702881,2.1700000762939453,7.127595854449481,7.218241569661711,-0.44200000166893005,0.4320000112056732,7.127595854449481,7.218241569661711,15.527781069278717,1.392912656607569,0.519029117432943,0.7864719482183077,0.46601167738852384,0.8190008953688969,4.150169372558594,4.822139263153076,0.6340924501419067,0.037877440452575684,1.5382746591690617,1.599607387539785,1.4864712892218184,1.6158490447911926,1.46879969784856,2Lepton_SS,1FJ
TTbar,3,1400.0,1500.0,0.0,0.0,0.0,0.0,0.0,0.0,0.9247208833694458,1.6359238624572754,0.9917117214202881,-2.303999900817871,2.2839999198913574,4.59196487262369,4.593170240920649,-2.197000026702881,2.1700000762939453,4.2578047548774824,4.237645552978242,-0.44200000166893005,0.4320000112056732,4.2578047548774824,4.237645552978242,1.269330870360136,0.1552188105545839,0.12474690263961348,0.12549122090926332,0.03527626930618829,0.17339383226433405,0.9247208833694458,1.6359238624572754,0.69700026512146,0.014202713966369629,0.19936814883349732,0.19960191801502644,0.1991348007460198,0.23271935935218585,0.15917692774438927,2Lepton_SS,1FJ
WJets,1,0.0,800.0,1.4287790060043335,1.07866465822216,0.08128708442195239,0.06196953149447845,0.06229219781329968,0.0810400827927484,5.066952228546143,5.260804176330566,5.088697239458561,-9.15999984741211,9.050000190734863,19.427324390747714,19.4527477217693,-2.197000026702881,2.1700000762939453,5.8588733919321045,5.9278148468929786,-0.44200000166893005,0.4320000112056732,5.8588733919321045,5.9278148468929786,39.248530849814415,2.176300325770671,1.0173597761905586,1.186540965440344,1.1976184265157974,1.0042960128111795,5.066952228546143,5.260804176330566,0.1733836829662323,0.02046826481819153,2.439380603286383,2.4787421347565846,2.4023538503226436,2.3968507649200776,2.4840638082544704,2Lepton_SS,1FJ
WJets,2,800.0,1400.0,1.1145241260528564,0.9967683595667578,0.08958131549107194,0.09791948313818588,0.09796932792222182,0.08952680073379482,4.150169372558594,4.822139263153076,4.218600925207139,-3.9149999618530273,3.8550000190734863,13.720756659360378,13.719450753343324,-2.197000026702881,2.1700000762939453,7.127595854449481,7.218241569661711,-0.44200000166893005,0.4320000112056732,7.127595854449481,7.218241569661711,15.527781069278717,1.392912656607569,0.519029117432943,0.7864719482183077,0.46601167738852384,0.8190008953688969,4.150169372558594,4.822139263153076,0.6340924501419067,0.037877440452575684,1.5382746591690617,1.599607387539785,1.4864712892218184,1.6158490447911926,1.46879969784856,2Lepton_SS,1FJ
WJets,3,1400.0,1500.0,0.0,0.0,0.0,0.0,0.0,0.0,0.9247208833694458,1.6359238624572754,0.9917117214202881,-2.303999900817871,2.2839999198913574,4.59196487262369,4.593170240920649,-2.197000026702881,2.1700000762939453,4.2578047548774824,4.237645552978242,-0.44200000166893005,0.4320000112056732,4.2578047548774824,4.237645552978242,1.269330870360136,0.1552188105545839,0.12474690263961348,0.12549122090926332,0.03527626930618829,0.17339383226433405,0.9247208833694458,1.6359238624572754,0.69700026512146,0.014202713966369629,0.19936814883349732,0.19960191801502644,0.1991348007460198,0.23271935935218585,0.15917692774438927,2Lepton_SS,1FJ
WW,1,0.0,800.0,1.4745253324508667,0.2486005371612035,0.04706102864324287,0.03877284738303744,0.03908252810058014,0.04680416763938659,5.066952228546143,5.260804176330566,5.088697239458561,-9.15999984741211,9.050000190734863,19.427324390747714,19.4527477217693,-2.197000026702881,2.1700000762939453,5.8588733919321045,5.9278148468929786,-0.44200000166893005,0.4320000112056732,5.8588733919321045,5.9278148468929786,39.248530849814415,2.176300325770671,1.0173597761905586,1.186540965440344,1.1976184265157974,1.0042960128111795,5.066952228546143,5.260804176330566,0.1733836829662323,0.02046826481819153,2.439380603286383,2.4787421347565846,2.4023538503226436,2.3968507649200776,2.4840638082544704,2Lepton_SS,1FJ
WW,2,800.0,1400.0,0.758755624294281,0.14388952896504356,0.0362398913709977,0.026124444349839286,0.03628806808658793,0.026057483257458342,4.150169372558594,4.822139263153076,4.218600925207139,-3.9149999618530273,3.8550000190734863,13.720756659360378,13.719450753343324,-2.197000026702881,2.1700000762939453,7.127595854449481,7.218241569661711,-0.44200000166893005,0.4320000112056732,7.127595854449481,7.218241569661711,15.527781069278717,1.392912656607569,0.519029117432943,0.7864719482183077,0.46601167738852384,0.8190008953688969,4.150169372558594,4.822139263153076,0.6340924501419067,0.037877440452575684,1.5382746591690617,1.599607387539785,1.4864712892218184,1.6158490447911926,1.46879969784856,2Lepton_SS,1FJ
WW,3,1400.0,1500.0,0.062029242515563965,0.015065783230325487,0.03329170201733618,0.029680943312520126,0.003130543147236875,0.044491521874795735,0.9247208833694458,1.6359238624572754,0.9917117214202881,-2.303999900817871,2.2839999198913574,4.59196487262369,4.593170240920649,-2.197000026702881,2.1700000762939453,4.2578047548774824,4.237645552978242,-0.44200000166893005,0.4320000112056732,4.2578047548774824,4.237645552978242,1.269330870360136,0.1552188105545839,0.12474690263961348,0.12549122090926332,0.03527626930618829,0.17339383226433405,0.9247208833694458,1.6359238624572754,0.69700026512146,0.014202713966369629,0.19936814883349732,0.19960191801502644,0.1991348007460198,0.23271935935218585,0.15917692774438927,2Lepton_SS,1FJ
WZ,1,0.0,800.0,3.7708964347839355,0.8247653700005667,0.3196767948637101,0.3433294027958719,0.34337424924088666,0.3196286234941453,5.066952228546143,5.260804176330566,5.088697239458561,-9.15999984741211,9.050000190734863,19.427324390747714,19.4527477217693,-2.197000026702881,2.1700000762939453,5.8588733919321045,5.9278148468929786,-0.44200000166893005,0.4320000112056732,5.8588733919321045,5.9278148468929786,39.248530849814415,2.176300325770671,1.0173597761905586,1.186540965440344,1.1976184265157974,1.0042960128111795,5.066952228546143,5.260804176330566,0.1733836829662323,0.02046826481819153,2.439380603286383,2.4787421347565846,2.4023538503226436,2.3968507649200776,2.4840638082544704,2Lepton_SS,1FJ
WZ,2,800.0,1400.0,3.1420092582702637,0.6349669741412581,0.20516904288086807,0.2304476522450185,0.18595085505822234,0.2462168476871728,4.150169372558594,4.822139263153076,4.218600925207139,-3.9149999618530273,3.8550000190734863,13.720756659360378,13.719450753343324,-2.197000026702881,2.1700000762939453,7.127595854449481,7.218241569661711,-0.44200000166893005,0.4320000112056732,7.127595854449481,7.218241569661711,15.527781069278717,1.392912656607569,0.519029117432943,0.7864719482183077,0.46601167738852384,0.8190008953688969,4.150169372558594,4.822139263153076,0.6340924501419067,0.037877440452575684,1.5382746591690617,1.599607387539785,1.4864712892218184,1.6158490447911926,1.46879969784856,2Lepton_SS,1FJ
WZ,3,1400.0,1500.0,0.10526532679796219,0.10526532969326552,0.02912960202622661,0.032493524169391455,0.029129849357412325,0.03249330244169769,0.9247208833694458,1.6359238624572754,0.9917117214202881,-2.303999900817871,2.2839999198913574,4.59196487262369,4.593170240920649,-2.197000026702881,2.1700000762939453,4.2578047548774824,4.237645552978242,-0.44200000166893005,0.4320000112056732,4.2578047548774824,4.237645552978242,1.269330870360136,0.1552188105545839,0.12474690263961348,0.12549122090926332,0.03527626930618829,0.17339383226433405,0.9247208833694458,1.6359238624572754,0.69700026512146,0.014202713966369629,0.19936814883349732,0.19960191801502644,0.1991348007460198,0.23271935935218585,0.15917692774438927,2Lepton_SS,1FJ
ZZ,1,0.0,800.0,0.1262976974248886,0.014973353590952022,0.0039154464637166965,0.0037849920025029003,0.003833454184251265,0.003868011696788024,5.066952228546143,5.260804176330566,5.088697239458561,-9.15999984741211,9.050000190734863,19.427324390747714,19.4527477217693,-2.197000026702881,2.1700000762939453,5.8588733919321045,5.9278148468929786,-0.44200000166893005,0.4320000112056732,5.8588733919321045,5.9278148468929786,39.248530849814415,2.176300325770671,1.0173597761905586,1.186540965440344,1.1976184265157974,1.0042960128111795,5.066952228546143,5.260804176330566,0.1733836829662323,0.02046826481819153,2.439380603286383,2.4787421347565846,2.4023538503226436,2.3968507649200776,2.4840638082544704,2Lepton_SS,1FJ
ZZ,2,800.0,1400.0,0.04019153118133545,0.008286784841899491,0.0015547634936017448,0.0017995963699488997,0.0018120999252213767,0.001540172223091509,4.150169372558594,4.822139263153076,4.218600925207139,-3.9149999618530273,3.8550000190734863,13.720756659360378,13.719450753343324,-2.197000026702881,2.1700000762939453,7.127595854449481,7.218241569661711,-0.44200000166893005,0.4320000112056732,7.127595854449481,7.218241569661711,15.527781069278717,1.392912656607569,0.519029117432943,0.7864719482183077,0.46601167738852384,0.8190008953688969,4.150169372558594,4.822139263153076,0.6340924501419067,0.037877440452575684,1.5382746591690617,1.599607387539785,1.4864712892218184,1.6158490447911926,1.46879969784856,2Lepton_SS,1FJ
ZZ,3,1400.0,1500.0,0.0,0.0,0.0,0.0,0.0,0.0,0.9247208833694458,1.6359238624572754,0.9917117214202881,-2.303999900817871,2.2839999198913574,4.59196487262369,4.593170240920649,-2.197000026702881,2.1700000762939453,4.2578047548774824,4.237645552978242,-0.44200000166893005,0.4320000112056732,4.2578047548774824,4.237645552978242,1.269330870360136,0.1552188105545839,0.12474690263961348,0.12549122090926332,0.03527626930618829,0.17339383226433405,0.9247208833694458,1.6359238624572754,0.69700026512146,0.014202713966369629,0.19936814883349732,0.19960191801502644,0.1991348007460198,0.23271935935218585,0.15917692774438927,2Lepton_SS,1FJ
ttV,1,0.0,800.0,3.00334095954895,0.17213796712640575,0.17624320657959636,0.16888779438675164,0.1702837997124162,0.17489477554741795,5.066952228546143,5.260804176330566,5.088697239458561,-9.15999984741211,9.050000190734863,19.427324390747714,19.4527477217693,-2.197000026702881,2.1700000762939453,5.8588733919321045,5.9278148468929786,-0.44200000166893005,0.4320000112056732,5.8588733919321045,5.9278148468929786,39.248530849814415,2.176300325770671,1.0173597761905586,1.186540965440344,1.1976184265157974,1.0042960128111795,5.066952228546143,5.260804176330566,0.1733836829662323,0.02046826481819153,2.439380603286383,2.4787421347565846,2.4023538503226436,2.3968507649200776,2.4840638082544704,2Lepton_SS,1FJ
ttV,2,800.0,1400.0,1.7559306621551514,0.1379399236822475,0.15455108283504804,0.14818706729126932,0.16078763549747732,0.1413958287539043,4.150169372558594,4.822139263153076,4.218600925207139,-3.9149999618530273,3.8550000190734863,13.720756659360378,13.719450753343324,-2.197000026702881,2.1700000762939453,7.127595854449481,7.218241569661711,-0.44200000166893005,0.4320000112056732,7.127595854449481,7.218241569661711,15.527781069278717,1.392912656607569,0.519029117432943,0.7864719482183077,0.46601167738852384,0.8190008953688969,4.150169372558594,4.822139263153076,0.6340924501419067,0.037877440452575684,1.5382746591690617,1.599607387539785,1.4864712892218184,1.6158490447911926,1.46879969784856,2Lepton_SS,1FJ
ttV,3,1400.0,1500.0,0.058173488825559616,0.036597656399221454,0.014310651157256283,0.020215112749827617,0.015287228043808672,0.019487077224907622,0.9247208833694458,1.6359238624572754,0.9917117214202881,-2.303999900817871,2.2839999198913574,4.59196487262369,4.593170240920649,-2.197000026702881,2.1700000762939453,4.2578047548774824,4.237645552978242,-0.44200000166893005,0.4320000112056732,4.2578047548774824,4.237645552978242,1.269330870360136,0.1552188105545839,0.12474690263961348,0.12549122090926332,0.03527626930618829,0.17339383226433405,0.9247208833694458,1.6359238624572754,0.69700026512146,0.014202713966369629,0.19936814883349732,0.19960191801502644,0.1991348007460198,0.23271935935218585,0.15917692774438927,2Lepton_SS,1FJ
sm,1,0.0,800.0,5.066952228546143,0.0,0.0,0.0,0.0,0.0,5.066952228546143,5.260804176330566,5.088697239458561,-9.15999984741211,9.050000190734863,19.427324390747714,19.4527477217693,-2.197000026702881,2.1700000762939453,5.8588733919321045,5.9278148468929786,-0.44200000166893005,0.4320000112056732,5.8588733919321045,5.9278148468929786,39.248530849814415,2.176300325770671,1.0173597761905586,1.186540965440344,1.1976184265157974,1.0042960128111795,5.066952228546143,5.260804176330566,0.1733836829662323,0.02046826481819153,2.439380603286383,2.4787421347565846,2.4023538503226436,2.3968507649200776,2.4840638082544704,2Lepton_SS,1FJ
sm,2,800.0,1400.0,4.150169372558594,0.0,0.0,0.0,0.0,0.0,4.150169372558594,4.822139263153076,4.218600925207139,-3.9149999618530273,3.8550000190734863,13.720756659360378,13.719450753343324,-2.197000026702881,2.1700000762939453,7.127595854449481,7.218241569661711,-0.44200000166893005,0.4320000112056732,7.127595854449481,7.218241569661711,15.527781069278717,1.392912656607569,0.519029117432943,0.7864719482183077,0.46601167738852384,0.8190008953688969,4.150169372558594,4.822139263153076,0.6340924501419067,0.037877440452575684,1.5382746591690617,1.599607387539785,1.4864712892218184,1.6158490447911926,1.46879969784856,2Lepton_SS,1FJ
sm,3,1400.0,1500.0,0.9247208833694458,0.0,0.0,0.0,0.0,0.0,0.9247208833694458,1.6359238624572754,0.9917117214202881,-2.303999900817871,2.2839999198913574,4.59196487262369,4.593170240920649,-2.197000026702881,2.1700000762939453,4.2578047548774824,4.237645552978242,-0.44200000166893005,0.4320000112056732,4.2578047548774824,4.237645552978242,1.269330870360136,0.1552188105545839,0.12474690263961348,0.12549122090926332,0.03527626930618829,0.17339383226433405,0.9247208833694458,1.6359238624572754,0.69700026512146,0.014202713966369629,0.19936814883349732,0.19960191801502644,0.1991348007460198,0.23271935935218585,0.15917692774438927,2Lepton_SS,1FJ
