process,bin,bin_low,bin_high,yield,MCstat,syst_quadrature_Up,syst_quadrature_Down,syst_quadrature_Increase,syst_quadrature_Decrease,yield_sm,yield_cHB_at_1,yield_cHB_at_0p3,cHB_95CL_LL,cHB_95CL_UL,yield_cHB_95CL_LL,yield_cHB_95CL_UL,comb_cHB_95CL_LL,comb_cHB_95CL_UL,comb_yield_cHB_95CL_LL,comb_yield_cHB_95CL_UL,all_comb_cHB_95CL_LL,all_comb_cHB_95CL_UL,all_comb_yield_cHB_95CL_LL,all_comb_yield_cHB_95CL_UL,total_bkg,total_MCstat,total_syst_Up,total_syst_Down,total_syst_Increase,total_syst_Decrease,sm_cHB,sm_lin_quad_cHB,quad_cHB,lin_cHB,total_unc,total_unc_Down,total_unc_Up,total_unc_Decrease,total_unc_Increase,channel,subchannel
DY,1,1100.0,2000.0,443.1930925399065,5.453632454977241,0.0,0.0,0.0,0.0,34.50592868333185,34.982107341125804,34.54885412741606,-24.0,24.0,308.5866501933755,308.6025050237173,-9.079999923706055,9.069999694824219,73.73491212551761,73.65453878284575,-1.2389999628067017,1.2430000305175781,73.73491212551761,73.65453878284575,15944.321702939425,61.51704064880988,0.0,0.0,0.0,0.0,34.50592868333185,34.982107341125804,0.4758483488284975,0.00033030896545227506,61.51704064880988,61.51704064880988,61.51704064880988,61.51704064880988,61.51704064880988,0Lepton_2FJ,
DY,2,2000.0,2500.0,8.933295916765928,0.7700998897727057,0.0,0.0,0.0,0.0,1.475338671614794,1.561089438246897,1.4831950118757846,-17.5,17.5,27.522571920540276,27.545700464557143,-9.079999923706055,9.069999694824219,8.484698492084387,8.481248114664771,-1.2389999628067017,1.2430000305175781,8.484698492084387,8.481248114664771,223.08164900612468,7.474540523752163,0.0,0.0,0.0,0.0,1.475338671614794,1.561089438246897,0.0850899510887638,0.0006608155433391882,7.474540523752163,7.474540523752163,7.474540523752163,7.474540523752163,7.474540523752163,0Lepton_2FJ,
DY,3,2500.0,3000.0,2.14450765773654,0.37965750579301,0.0,0.0,0.0,0.0,0.35299359486942017,0.39454272760686104,0.3567460939729789,-14.399999618530273,14.399999618530273,8.954811825549012,8.956605264201714,-9.079999923706055,9.069999694824219,3.772870406529073,3.766470609141138,-1.2389999628067017,1.2430000305175781,3.772870406529073,3.766470609141138,36.40489776286414,2.8784170650494194,0.0,0.0,0.0,0.0,0.35299359486942017,0.39454272760686104,0.041486860560350114,6.227217709076083e-05,2.8784170650494194,2.8784170650494194,2.8784170650494194,2.8784170650494194,2.8784170650494194,0Lepton_2FJ,
DY,4,3000.0,3500.0,0.5416109599173069,0.183404084825355,0.0,0.0,0.0,0.0,0.12477900315859541,0.1523497971866049,0.1272778369202741,-13.600000381469727,13.600000381469727,5.207762332135853,5.210024115709262,-9.079999923706055,9.069999694824219,2.390280909366793,2.3868010301203193,-1.2389999628067017,1.2430000305175781,2.390280909366793,2.3868010301203193,10.656045706736515,1.532332711454587,0.0,0.0,0.0,0.0,0.12477900315859541,0.1523497971866049,0.027487640222495932,8.315380551356111e-05,1.532332711454587,1.532332711454587,1.532332711454587,1.532332711454587,1.532332711454587,0Lepton_2FJ,
QCD,1,1100.0,2000.0,10486.996347805885,55.32642892419974,0.0,0.0,0.0,0.0,34.50592868333185,34.982107341125804,34.54885412741606,-24.0,24.0,308.5866501933755,308.6025050237173,-9.079999923706055,9.069999694824219,73.73491212551761,73.65453878284575,-1.2389999628067017,1.2430000305175781,73.73491212551761,73.65453878284575,15944.321702939425,61.51704064880988,0.0,0.0,0.0,0.0,34.50592868333185,34.982107341125804,0.4758483488284975,0.00033030896545227506,61.51704064880988,61.51704064880988,61.51704064880988,61.51704064880988,61.51704064880988,0Lepton_2FJ,
QCD,2,2000.0,2500.0,109.90889079844273,6.189261349353989,0.0,0.0,0.0,0.0,1.475338671614794,1.561089438246897,1.4831950118757846,-17.5,17.5,27.522571920540276,27.545700464557143,-9.079999923706055,9.069999694824219,8.484698492084387,8.481248114664771,-1.2389999628067017,1.2430000305175781,8.484698492084387,8.481248114664771,223.08164900612468,7.474540523752163,0.0,0.0,0.0,0.0,1.475338671614794,1.561089438246897,0.0850899510887638,0.0006608155433391882,7.474540523752163,7.474540523752163,7.474540523752163,7.474540523752163,7.474540523752163,0Lepton_2FJ,
QCD,3,2500.0,3000.0,14.926109792461137,2.2046495787936244,0.0,0.0,0.0,0.0,0.35299359486942017,0.39454272760686104,0.3567460939729789,-14.399999618530273,14.399999618530273,8.954811825549012,8.956605264201714,-9.079999923706055,9.069999694824219,3.772870406529073,3.766470609141138,-1.2389999628067017,1.2430000305175781,3.772870406529073,3.766470609141138,36.40489776286414,2.8784170650494194,0.0,0.0,0.0,0.0,0.35299359486942017,0.39454272760686104,0.041486860560350114,6.227217709076083e-05,2.8784170650494194,2.8784170650494194,2.8784170650494194,2.8784170650494194,2.8784170650494194,0Lepton_2FJ,
QCD,4,3000.0,3500.0,4.679726703210824,1.197752604994411,0.0,0.0,0.0,0.0,0.12477900315859541,0.1523497971866049,0.1272778369202741,-13.600000381469727,13.600000381469727,5.207762332135853,5.210024115709262,-9.079999923706055,9.069999694824219,2.390280909366793,2.3868010301203193,-1.2389999628067017,1.2430000305175781,2.390280909366793,2.3868010301203193,10.656045706736515,1.532332711454587,0.0,0.0,0.0,0.0,0.12477900315859541,0.1523497971866049,0.027487640222495932,8.315380551356111e-05,1.532332711454587,1.532332711454587,1.532332711454587,1.532332711454587,1.532332711454587,0Lepton_2FJ,
TTbar,1,1100.0,2000.0,2405.548857793212,16.446954564075774,0.0,0.0,0.0,0.0,34.50592868333185,34.982107341125804,34.54885412741606,-24.0,24.0,308.5866501933755,308.6025050237173,-9.079999923706055,9.069999694824219,73.73491212551761,73.65453878284575,-1.2389999628067017,1.2430000305175781,73.73491212551761,73.65453878284575,15944.321702939425,61.51704064880988,0.0,0.0,0.0,0.0,34.50592868333185,34.982107341125804,0.4758483488284975,0.00033030896545227506,61.51704064880988,61.51704064880988,61.51704064880988,61.51704064880988,61.51704064880988,0Lepton_2FJ,
TTbar,2,2000.0,2500.0,36.168331917375326,2.0751734249051683,0.0,0.0,0.0,0.0,1.475338671614794,1.561089438246897,1.4831950118757846,-17.5,17.5,27.522571920540276,27.545700464557143,-9.079999923706055,9.069999694824219,8.484698492084387,8.481248114664771,-1.2389999628067017,1.2430000305175781,8.484698492084387,8.481248114664771,223.08164900612468,7.474540523752163,0.0,0.0,0.0,0.0,1.475338671614794,1.561089438246897,0.0850899510887638,0.0006608155433391882,7.474540523752163,7.474540523752163,7.474540523752163,7.474540523752163,7.474540523752163,0Lepton_2FJ,
TTbar,3,2500.0,3000.0,5.822826702147722,0.7932122228369982,0.0,0.0,0.0,0.0,0.35299359486942017,0.39454272760686104,0.3567460939729789,-14.399999618530273,14.399999618530273,8.954811825549012,8.956605264201714,-9.079999923706055,9.069999694824219,3.772870406529073,3.766470609141138,-1.2389999628067017,1.2430000305175781,3.772870406529073,3.766470609141138,36.40489776286414,2.8784170650494194,0.0,0.0,0.0,0.0,0.35299359486942017,0.39454272760686104,0.041486860560350114,6.227217709076083e-05,2.8784170650494194,2.8784170650494194,2.8784170650494194,2.8784170650494194,2.8784170650494194,0Lepton_2FJ,
TTbar,4,3000.0,3500.0,1.3927788622677326,0.3782020039470605,0.0,0.0,0.0,0.0,0.12477900315859541,0.1523497971866049,0.1272778369202741,-13.600000381469727,13.600000381469727,5.207762332135853,5.210024115709262,-9.079999923706055,9.069999694824219,2.390280909366793,2.3868010301203193,-1.2389999628067017,1.2430000305175781,2.390280909366793,2.3868010301203193,10.656045706736515,1.532332711454587,0.0,0.0,0.0,0.0,0.12477900315859541,0.1523497971866049,0.027487640222495932,8.315380551356111e-05,1.532332711454587,1.532332711454587,1.532332711454587,1.532332711454587,1.532332711454587,0Lepton_2FJ,
WJets,1,1100.0,2000.0,1377.3680602400855,11.487063777598474,0.0,0.0,0.0,0.0,34.50592868333185,34.982107341125804,34.54885412741606,-24.0,24.0,308.5866501933755,308.6025050237173,-9.079999923706055,9.069999694824219,73.73491212551761,73.65453878284575,-1.2389999628067017,1.2430000305175781,73.73491212551761,73.65453878284575,15944.321702939425,61.51704064880988,0.0,0.0,0.0,0.0,34.50592868333185,34.982107341125804,0.4758483488284975,0.00033030896545227506,61.51704064880988,61.51704064880988,61.51704064880988,61.51704064880988,61.51704064880988,0Lepton_2FJ,
WJets,2,2000.0,2500.0,27.586104618152604,1.6326704450275293,0.0,0.0,0.0,0.0,1.475338671614794,1.561089438246897,1.4831950118757846,-17.5,17.5,27.522571920540276,27.545700464557143,-9.079999923706055,9.069999694824219,8.484698492084387,8.481248114664771,-1.2389999628067017,1.2430000305175781,8.484698492084387,8.481248114664771,223.08164900612468,7.474540523752163,0.0,0.0,0.0,0.0,1.475338671614794,1.561089438246897,0.0850899510887638,0.0006608155433391882,7.474540523752163,7.474540523752163,7.474540523752163,7.474540523752163,7.474540523752163,0Lepton_2FJ,
WJets,3,2500.0,3000.0,4.344207974485471,0.6476899967839551,0.0,0.0,0.0,0.0,0.35299359486942017,0.39454272760686104,0.3567460939729789,-14.399999618530273,14.399999618530273,8.954811825549012,8.956605264201714,-9.079999923706055,9.069999694824219,3.772870406529073,3.766470609141138,-1.2389999628067017,1.2430000305175781,3.772870406529073,3.766470609141138,36.40489776286414,2.8784170650494194,0.0,0.0,0.0,0.0,0.35299359486942017,0.39454272760686104,0.041486860560350114,6.227217709076083e-05,2.8784170650494194,2.8784170650494194,2.8784170650494194,2.8784170650494194,2.8784170650494194,0Lepton_2FJ,
WJets,4,3000.0,3500.0,1.0306387416349025,0.3118642947060499,0.0,0.0,0.0,0.0,0.12477900315859541,0.1523497971866049,0.1272778369202741,-13.600000381469727,13.600000381469727,5.207762332135853,5.210024115709262,-9.079999923706055,9.069999694824219,2.390280909366793,2.3868010301203193,-1.2389999628067017,1.2430000305175781,2.390280909366793,2.3868010301203193,10.656045706736515,1.532332711454587,0.0,0.0,0.0,0.0,0.12477900315859541,0.1523497971866049,0.027487640222495932,8.315380551356111e-05,1.532332711454587,1.532332711454587,1.532332711454587,1.532332711454587,1.532332711454587,0Lepton_2FJ,
WW,1,1100.0,2000.0,405.1505524814129,9.662213621472555,0.0,0.0,0.0,0.0,34.50592868333185,34.982107341125804,34.54885412741606,-24.0,24.0,308.5866501933755,308.6025050237173,-9.079999923706055,9.069999694824219,73.73491212551761,73.65453878284575,-1.2389999628067017,1.2430000305175781,73.73491212551761,73.65453878284575,15944.321702939425,61.51704064880988,0.0,0.0,0.0,0.0,34.50592868333185,34.982107341125804,0.4758483488284975,0.00033030896545227506,61.51704064880988,61.51704064880988,61.51704064880988,61.51704064880988,61.51704064880988,0Lepton_2FJ,
WW,2,2000.0,2500.0,12.557186089456081,1.685212365271094,0.0,0.0,0.0,0.0,1.475338671614794,1.561089438246897,1.4831950118757846,-17.5,17.5,27.522571920540276,27.545700464557143,-9.079999923706055,9.069999694824219,8.484698492084387,8.481248114664771,-1.2389999628067017,1.2430000305175781,8.484698492084387,8.481248114664771,223.08164900612468,7.474540523752163,0.0,0.0,0.0,0.0,1.475338671614794,1.561089438246897,0.0850899510887638,0.0006608155433391882,7.474540523752163,7.474540523752163,7.474540523752163,7.474540523752163,7.474540523752163,0Lepton_2FJ,
WW,3,2500.0,3000.0,3.1176525950431824,0.8828864357622053,0.0,0.0,0.0,0.0,0.35299359486942017,0.39454272760686104,0.3567460939729789,-14.399999618530273,14.399999618530273,8.954811825549012,8.956605264201714,-9.079999923706055,9.069999694824219,3.772870406529073,3.766470609141138,-1.2389999628067017,1.2430000305175781,3.772870406529073,3.766470609141138,36.40489776286414,2.8784170650494194,0.0,0.0,0.0,0.0,0.35299359486942017,0.39454272760686104,0.041486860560350114,6.227217709076083e-05,2.8784170650494194,2.8784170650494194,2.8784170650494194,2.8784170650494194,2.8784170650494194,0Lepton_2FJ,
WW,4,3000.0,3500.0,0.9266377240419388,0.4931862560486241,0.0,0.0,0.0,0.0,0.12477900315859541,0.1523497971866049,0.1272778369202741,-13.600000381469727,13.600000381469727,5.207762332135853,5.210024115709262,-9.079999923706055,9.069999694824219,2.390280909366793,2.3868010301203193,-1.2389999628067017,1.2430000305175781,2.390280909366793,2.3868010301203193,10.656045706736515,1.532332711454587,0.0,0.0,0.0,0.0,0.12477900315859541,0.1523497971866049,0.027487640222495932,8.315380551356111e-05,1.532332711454587,1.532332711454587,1.532332711454587,1.532332711454587,1.532332711454587,0Lepton_2FJ,
WZ,1,1100.0,2000.0,102.17559579014778,3.878140427000984,0.0,0.0,0.0,0.0,34.50592868333185,34.982107341125804,34.54885412741606,-24.0,24.0,308.5866501933755,308.6025050237173,-9.079999923706055,9.069999694824219,73.73491212551761,73.65453878284575,-1.2389999628067017,1.2430000305175781,73.73491212551761,73.65453878284575,15944.321702939425,61.51704064880988,0.0,0.0,0.0,0.0,34.50592868333185,34.982107341125804,0.4758483488284975,0.00033030896545227506,61.51704064880988,61.51704064880988,61.51704064880988,61.51704064880988,61.51704064880988,0Lepton_2FJ,
WZ,2,2000.0,2500.0,3.415310353040695,0.6665928769264714,0.0,0.0,0.0,0.0,1.475338671614794,1.561089438246897,1.4831950118757846,-17.5,17.5,27.522571920540276,27.545700464557143,-9.079999923706055,9.069999694824219,8.484698492084387,8.481248114664771,-1.2389999628067017,1.2430000305175781,8.484698492084387,8.481248114664771,223.08164900612468,7.474540523752163,0.0,0.0,0.0,0.0,1.475338671614794,1.561089438246897,0.0850899510887638,0.0006608155433391882,7.474540523752163,7.474540523752163,7.474540523752163,7.474540523752163,7.474540523752163,0Lepton_2FJ,
WZ,3,2500.0,3000.0,1.3098052777349949,0.4650351233339387,0.0,0.0,0.0,0.0,0.35299359486942017,0.39454272760686104,0.3567460939729789,-14.399999618530273,14.399999618530273,8.954811825549012,8.956605264201714,-9.079999923706055,9.069999694824219,3.772870406529073,3.766470609141138,-1.2389999628067017,1.2430000305175781,3.772870406529073,3.766470609141138,36.40489776286414,2.8784170650494194,0.0,0.0,0.0,0.0,0.35299359486942017,0.39454272760686104,0.041486860560350114,6.227217709076083e-05,2.8784170650494194,2.8784170650494194,2.8784170650494194,2.8784170650494194,2.8784170650494194,0Lepton_2FJ,
WZ,4,3000.0,3500.0,0.2902390658855438,0.20523001165291718,0.0,0.0,0.0,0.0,0.12477900315859541,0.1523497971866049,0.1272778369202741,-13.600000381469727,13.600000381469727,5.207762332135853,5.210024115709262,-9.079999923706055,9.069999694824219,2.390280909366793,2.3868010301203193,-1.2389999628067017,1.2430000305175781,2.390280909366793,2.3868010301203193,10.656045706736515,1.532332711454587,0.0,0.0,0.0,0.0,0.12477900315859541,0.1523497971866049,0.027487640222495932,8.315380551356111e-05,1.532332711454587,1.532332711454587,1.532332711454587,1.532332711454587,1.532332711454587,0Lepton_2FJ,
ZZ,1,1100.0,2000.0,41.649358920753,4.294930448995165,0.0,0.0,0.0,0.0,34.50592868333185,34.982107341125804,34.54885412741606,-24.0,24.0,308.5866501933755,308.6025050237173,-9.079999923706055,9.069999694824219,73.73491212551761,73.65453878284575,-1.2389999628067017,1.2430000305175781,73.73491212551761,73.65453878284575,15944.321702939425,61.51704064880988,0.0,0.0,0.0,0.0,34.50592868333185,34.982107341125804,0.4758483488284975,0.00033030896545227506,61.51704064880988,61.51704064880988,61.51704064880988,61.51704064880988,61.51704064880988,0Lepton_2FJ,
ZZ,2,2000.0,2500.0,0.8726599365472794,0.7977463253252466,0.0,0.0,0.0,0.0,1.475338671614794,1.561089438246897,1.4831950118757846,-17.5,17.5,27.522571920540276,27.545700464557143,-9.079999923706055,9.069999694824219,8.484698492084387,8.481248114664771,-1.2389999628067017,1.2430000305175781,8.484698492084387,8.481248114664771,223.08164900612468,7.474540523752163,0.0,0.0,0.0,0.0,1.475338671614794,1.561089438246897,0.0850899510887638,0.0006608155433391882,7.474540523752163,7.474540523752163,7.474540523752163,7.474540523752163,7.474540523752163,0Lepton_2FJ,
ZZ,3,2500.0,3000.0,0.24201802164316177,0.3619627147580751,0.0,0.0,0.0,0.0,0.35299359486942017,0.39454272760686104,0.3567460939729789,-14.399999618530273,14.399999618530273,8.954811825549012,8.956605264201714,-9.079999923706055,9.069999694824219,3.772870406529073,3.766470609141138,-1.2389999628067017,1.2430000305175781,3.772870406529073,3.766470609141138,36.40489776286414,2.8784170650494194,0.0,0.0,0.0,0.0,0.35299359486942017,0.39454272760686104,0.041486860560350114,6.227217709076083e-05,2.8784170650494194,2.8784170650494194,2.8784170650494194,2.8784170650494194,2.8784170650494194,0Lepton_2FJ,
ZZ,4,3000.0,3500.0,0.6363779306411743,0.32309480335745283,0.0,0.0,0.0,0.0,0.12477900315859541,0.1523497971866049,0.1272778369202741,-13.600000381469727,13.600000381469727,5.207762332135853,5.210024115709262,-9.079999923706055,9.069999694824219,2.390280909366793,2.3868010301203193,-1.2389999628067017,1.2430000305175781,2.390280909366793,2.3868010301203193,10.656045706736515,1.532332711454587,0.0,0.0,0.0,0.0,0.12477900315859541,0.1523497971866049,0.027487640222495932,8.315380551356111e-05,1.532332711454587,1.532332711454587,1.532332711454587,1.532332711454587,1.532332711454587,0Lepton_2FJ,
ttV,1,1100.0,2000.0,647.7339086846914,12.817594324412774,0.0,0.0,0.0,0.0,34.50592868333185,34.982107341125804,34.54885412741606,-24.0,24.0,308.5866501933755,308.6025050237173,-9.079999923706055,9.069999694824219,73.73491212551761,73.65453878284575,-1.2389999628067017,1.2430000305175781,73.73491212551761,73.65453878284575,15944.321702939425,61.51704064880988,0.0,0.0,0.0,0.0,34.50592868333185,34.982107341125804,0.4758483488284975,0.00033030896545227506,61.51704064880988,61.51704064880988,61.51704064880988,61.51704064880988,61.51704064880988,0Lepton_2FJ,
ttV,2,2000.0,2500.0,22.16453070472926,2.464975181554063,0.0,0.0,0.0,0.0,1.475338671614794,1.561089438246897,1.4831950118757846,-17.5,17.5,27.522571920540276,27.545700464557143,-9.079999923706055,9.069999694824219,8.484698492084387,8.481248114664771,-1.2389999628067017,1.2430000305175781,8.484698492084387,8.481248114664771,223.08164900612468,7.474540523752163,0.0,0.0,0.0,0.0,1.475338671614794,1.561089438246897,0.0850899510887638,0.0006608155433391882,7.474540523752163,7.474540523752163,7.474540523752163,7.474540523752163,7.474540523752163,0Lepton_2FJ,
ttV,3,2500.0,3000.0,4.144776146742515,1.0512916435193844,0.0,0.0,0.0,0.0,0.35299359486942017,0.39454272760686104,0.3567460939729789,-14.399999618530273,14.399999618530273,8.954811825549012,8.956605264201714,-9.079999923706055,9.069999694824219,3.772870406529073,3.766470609141138,-1.2389999628067017,1.2430000305175781,3.772870406529073,3.766470609141138,36.40489776286414,2.8784170650494194,0.0,0.0,0.0,0.0,0.35299359486942017,0.39454272760686104,0.041486860560350114,6.227217709076083e-05,2.8784170650494194,2.8784170650494194,2.8784170650494194,2.8784170650494194,2.8784170650494194,0Lepton_2FJ,
ttV,4,3000.0,3500.0,1.0332567159784958,0.4997567314156581,0.0,0.0,0.0,0.0,0.12477900315859541,0.1523497971866049,0.1272778369202741,-13.600000381469727,13.600000381469727,5.207762332135853,5.210024115709262,-9.079999923706055,9.069999694824219,2.390280909366793,2.3868010301203193,-1.2389999628067017,1.2430000305175781,2.390280909366793,2.3868010301203193,10.656045706736515,1.532332711454587,0.0,0.0,0.0,0.0,0.12477900315859541,0.1523497971866049,0.027487640222495932,8.315380551356111e-05,1.532332711454587,1.532332711454587,1.532332711454587,1.532332711454587,1.532332711454587,0Lepton_2FJ,
sm,1,1100.0,2000.0,34.50592868333185,0.0,0.0,0.0,0.0,0.0,34.50592868333185,34.982107341125804,34.54885412741606,-24.0,24.0,308.5866501933755,308.6025050237173,-9.079999923706055,9.069999694824219,73.73491212551761,73.65453878284575,-1.2389999628067017,1.2430000305175781,73.73491212551761,73.65453878284575,15944.321702939425,61.51704064880988,0.0,0.0,0.0,0.0,34.50592868333185,34.982107341125804,0.4758483488284975,0.00033030896545227506,61.51704064880988,61.51704064880988,61.51704064880988,61.51704064880988,61.51704064880988,0Lepton_2FJ,
sm,2,2000.0,2500.0,1.475338671614794,0.0,0.0,0.0,0.0,0.0,1.475338671614794,1.561089438246897,1.4831950118757846,-17.5,17.5,27.522571920540276,27.545700464557143,-9.079999923706055,9.069999694824219,8.484698492084387,8.481248114664771,-1.2389999628067017,1.2430000305175781,8.484698492084387,8.481248114664771,223.08164900612468,7.474540523752163,0.0,0.0,0.0,0.0,1.475338671614794,1.561089438246897,0.0850899510887638,0.0006608155433391882,7.474540523752163,7.474540523752163,7.474540523752163,7.474540523752163,7.474540523752163,0Lepton_2FJ,
sm,3,2500.0,3000.0,0.35299359486942017,0.0,0.0,0.0,0.0,0.0,0.35299359486942017,0.39454272760686104,0.3567460939729789,-14.399999618530273,14.399999618530273,8.954811825549012,8.956605264201714,-9.079999923706055,9.069999694824219,3.772870406529073,3.766470609141138,-1.2389999628067017,1.2430000305175781,3.772870406529073,3.766470609141138,36.40489776286414,2.8784170650494194,0.0,0.0,0.0,0.0,0.35299359486942017,0.39454272760686104,0.041486860560350114,6.227217709076083e-05,2.8784170650494194,2.8784170650494194,2.8784170650494194,2.8784170650494194,2.8784170650494194,0Lepton_2FJ,
sm,4,3000.0,3500.0,0.12477900315859541,0.0,0.0,0.0,0.0,0.0,0.12477900315859541,0.1523497971866049,0.1272778369202741,-13.600000381469727,13.600000381469727,5.207762332135853,5.210024115709262,-9.079999923706055,9.069999694824219,2.390280909366793,2.3868010301203193,-1.2389999628067017,1.2430000305175781,2.390280909366793,2.3868010301203193,10.656045706736515,1.532332711454587,0.0,0.0,0.0,0.0,0.12477900315859541,0.1523497971866049,0.027487640222495932,8.315380551356111e-05,1.532332711454587,1.532332711454587,1.532332711454587,1.532332711454587,1.532332711454587,0Lepton_2FJ,
DY,1,1250.0,1500.0,8.320661306381226,0.7351518213830418,0.0,0.0,0.0,0.0,2.524089589589385,2.57582564601093,2.528491930443983,-29.0,29.0,47.086001965379346,47.01587603702798,-9.1899995803833,9.199999809265137,7.006739213052233,6.994241289093513,-1.2389999628067017,1.2430000305175781,7.006739213052233,6.994241289093513,382.1417333979535,11.369101877199862,0.0,0.0,0.0,0.0,2.524089589589385,2.57582564601093,0.052945124151741116,-0.0012090677301959118,11.369101877199862,11.369101877199862,11.369101877199862,11.369101877199862,11.369101877199862,0Lepton_3FJ,
DY,2,1500.0,1750.0,3.3459248691797256,0.476219655426643,0.0,0.0,0.0,0.0,1.1155598526547676,1.1704171768154197,1.1203629202333352,-21.0,21.0,25.602641318462748,25.575822999284526,-9.1899995803833,9.199999809265137,5.808391055597298,5.806854384465608,-1.2389999628067017,1.2430000305175781,5.808391055597298,5.806854384465608,126.22721328240954,6.2251877584937185,0.0,0.0,0.0,0.0,1.1155598526547676,1.1704171768154197,0.055495855569657304,-0.0006385314090053829,6.2251877584937185,6.2251877584937185,6.2251877584937185,6.2251877584937185,6.2251877584937185,0Lepton_3FJ,
DY,3,1750.0,2000.0,1.3090158626437187,0.2979331948577186,0.0,0.0,0.0,0.0,0.5322217069345606,0.5736249858513223,0.5358440603046523,-18.799999237060547,18.799999237060547,15.35003955010084,15.331429031147154,-9.1899995803833,9.199999809265137,4.075331980811502,4.07393491747011,-1.2389999628067017,1.2430000305175781,4.075331980811502,4.07393491747011,38.43842536679975,3.3468417166640694,0.0,0.0,0.0,0.0,0.5322217069345606,0.5736249858513223,0.04189823954731848,-0.0004949606305568732,3.3468417166640694,3.3468417166640694,3.3468417166640694,3.3468417166640694,3.3468417166640694,0Lepton_3FJ,
DY,4,2000.0,2250.0,0.7574682086706161,0.22251609053398394,0.0,0.0,0.0,0.0,0.3615255781015967,0.3964131245915514,0.3645298374748253,-16.5,16.5,10.046137349934273,10.024825665369416,-9.1899995803833,9.199999809265137,3.3684688777948653,3.3631271909619813,-1.2389999628067017,1.2430000305175781,3.3684688777948653,3.3631271909619813,15.03900728565123,2.1245039294522594,0.0,0.0,0.0,0.0,0.3615255781015967,0.3964131245915514,0.03553335511313222,-0.0006458086231774796,2.1245039294522594,2.1245039294522594,2.1245039294522594,2.1245039294522594,2.1245039294522594,0Lepton_3FJ,
DY,5,2250.0,2500.0,0.15906842052936554,0.1124783588289478,0.0,0.0,0.0,0.0,0.16160510323256227,0.18371468333346383,0.1635476130883745,-16.5,16.5,6.24604777144776,6.238606687362645,-9.1899995803833,9.199999809265137,2.050009854120386,2.0499706538238436,-1.2389999628067017,1.2430000305175781,2.050009854120386,2.0499706538238436,4.892259740992738,1.2263962666619492,0.0,0.0,0.0,0.0,0.16160510323256227,0.18371468333346383,0.022335067497420164,-0.00022548739651861993,1.2263962666619492,1.2263962666619492,1.2263962666619492,1.2263962666619492,1.2263962666619492,0Lepton_3FJ,
DY,6,2500.0,4000.0,0.13632303848862648,0.09772748647885791,0.0,0.0,0.0,0.0,0.1754646008614014,0.23138698968611063,0.1804341996113607,-10.399999618530273,10.399999618530273,6.2598327295296095,6.253551501756657,-9.1899995803833,9.199999809265137,4.926730477310253,4.931516924518504,-1.2389999628067017,1.2430000305175781,4.926730477310253,4.931516924518504,5.020771482542408,1.1822449825897272,0.0,0.0,0.0,0.0,0.1754646008614014,0.23138698968611063,0.0562243709402547,-0.0003019821155454683,1.1822449825897272,1.1822449825897272,1.1822449825897272,1.1822449825897272,1.1822449825897272,0Lepton_3FJ,
QCD,1,1250.0,1500.0,245.37664900545514,10.478759414984793,0.0,0.0,0.0,0.0,2.524089589589385,2.57582564601093,2.528491930443983,-29.0,29.0,47.086001965379346,47.01587603702798,-9.1899995803833,9.199999809265137,7.006739213052233,6.994241289093513,-1.2389999628067017,1.2430000305175781,7.006739213052233,6.994241289093513,382.1417333979535,11.369101877199862,0.0,0.0,0.0,0.0,2.524089589589385,2.57582564601093,0.052945124151741116,-0.0012090677301959118,11.369101877199862,11.369101877199862,11.369101877199862,11.369101877199862,11.369101877199862,0Lepton_3FJ,
QCD,2,1500.0,1750.0,78.02144186321715,5.63038002359732,0.0,0.0,0.0,0.0,1.1155598526547676,1.1704171768154197,1.1203629202333352,-21.0,21.0,25.602641318462748,25.575822999284526,-9.1899995803833,9.199999809265137,5.808391055597298,5.806854384465608,-1.2389999628067017,1.2430000305175781,5.808391055597298,5.806854384465608,126.22721328240954,6.2251877584937185,0.0,0.0,0.0,0.0,1.1155598526547676,1.1704171768154197,0.055495855569657304,-0.0006385314090053829,6.2251877584937185,6.2251877584937185,6.2251877584937185,6.2251877584937185,6.2251877584937185,0Lepton_3FJ,
QCD,3,1750.0,2000.0,20.258951745973658,2.923942895311534,0.0,0.0,0.0,0.0,0.5322217069345606,0.5736249858513223,0.5358440603046523,-18.799999237060547,18.799999237060547,15.35003955010084,15.331429031147154,-9.1899995803833,9.199999809265137,4.075331980811502,4.07393491747011,-1.2389999628067017,1.2430000305175781,4.075331980811502,4.07393491747011,38.43842536679975,3.3468417166640694,0.0,0.0,0.0,0.0,0.5322217069345606,0.5736249858513223,0.04189823954731848,-0.0004949606305568732,3.3468417166640694,3.3468417166640694,3.3468417166640694,3.3468417166640694,3.3468417166640694,0Lepton_3FJ,
QCD,4,2000.0,2250.0,7.521946365392397,1.8300113419270347,0.0,0.0,0.0,0.0,0.3615255781015967,0.3964131245915514,0.3645298374748253,-16.5,16.5,10.046137349934273,10.024825665369416,-9.1899995803833,9.199999809265137,3.3684688777948653,3.3631271909619813,-1.2389999628067017,1.2430000305175781,3.3684688777948653,3.3631271909619813,15.03900728565123,2.1245039294522594,0.0,0.0,0.0,0.0,0.3615255781015967,0.3964131245915514,0.03553335511313222,-0.0006458086231774796,2.1245039294522594,2.1245039294522594,2.1245039294522594,2.1245039294522594,2.1245039294522594,0Lepton_3FJ,
QCD,5,2250.0,2500.0,2.199576611595854,1.0753814024008017,0.0,0.0,0.0,0.0,0.16160510323256227,0.18371468333346383,0.1635476130883745,-16.5,16.5,6.24604777144776,6.238606687362645,-9.1899995803833,9.199999809265137,2.050009854120386,2.0499706538238436,-1.2389999628067017,1.2430000305175781,2.050009854120386,2.0499706538238436,4.892259740992738,1.2263962666619492,0.0,0.0,0.0,0.0,0.16160510323256227,0.18371468333346383,0.022335067497420164,-0.00022548739651861993,1.2263962666619492,1.2263962666619492,1.2263962666619492,1.2263962666619492,1.2263962666619492,0Lepton_3FJ,
QCD,6,2500.0,4000.0,1.3755239680097822,0.8643356740608688,0.0,0.0,0.0,0.0,0.1754646008614014,0.23138698968611063,0.1804341996113607,-10.399999618530273,10.399999618530273,6.2598327295296095,6.253551501756657,-9.1899995803833,9.199999809265137,4.926730477310253,4.931516924518504,-1.2389999628067017,1.2430000305175781,4.926730477310253,4.931516924518504,5.020771482542408,1.1822449825897272,0.0,0.0,0.0,0.0,0.1754646008614014,0.23138698968611063,0.0562243709402547,-0.0003019821155454683,1.1822449825897272,1.1822449825897272,1.1822449825897272,1.1822449825897272,1.1822449825897272,0Lepton_3FJ,
TTbar,1,1250.0,1500.0,63.42934338003397,2.6733973013644996,0.0,0.0,0.0,0.0,2.524089589589385,2.57582564601093,2.528491930443983,-29.0,29.0,47.086001965379346,47.01587603702798,-9.1899995803833,9.199999809265137,7.006739213052233,6.994241289093513,-1.2389999628067017,1.2430000305175781,7.006739213052233,6.994241289093513,382.1417333979535,11.369101877199862,0.0,0.0,0.0,0.0,2.524089589589385,2.57582564601093,0.052945124151741116,-0.0012090677301959118,11.369101877199862,11.369101877199862,11.369101877199862,11.369101877199862,11.369101877199862,0Lepton_3FJ,
TTbar,2,1500.0,1750.0,16.533486746251583,1.3756392681012872,0.0,0.0,0.0,0.0,1.1155598526547676,1.1704171768154197,1.1203629202333352,-21.0,21.0,25.602641318462748,25.575822999284526,-9.1899995803833,9.199999809265137,5.808391055597298,5.806854384465608,-1.2389999628067017,1.2430000305175781,5.808391055597298,5.806854384465608,126.22721328240954,6.2251877584937185,0.0,0.0,0.0,0.0,1.1155598526547676,1.1704171768154197,0.055495855569657304,-0.0006385314090053829,6.2251877584937185,6.2251877584937185,6.2251877584937185,6.2251877584937185,6.2251877584937185,0Lepton_3FJ,
TTbar,3,1750.0,2000.0,5.671124301850796,0.803730906458453,0.0,0.0,0.0,0.0,0.5322217069345606,0.5736249858513223,0.5358440603046523,-18.799999237060547,18.799999237060547,15.35003955010084,15.331429031147154,-9.1899995803833,9.199999809265137,4.075331980811502,4.07393491747011,-1.2389999628067017,1.2430000305175781,4.075331980811502,4.07393491747011,38.43842536679975,3.3468417166640694,0.0,0.0,0.0,0.0,0.5322217069345606,0.5736249858513223,0.04189823954731848,-0.0004949606305568732,3.3468417166640694,3.3468417166640694,3.3468417166640694,3.3468417166640694,3.3468417166640694,0Lepton_3FJ,
TTbar,4,2000.0,2250.0,2.08247684314847,0.4504608293337196,0.0,0.0,0.0,0.0,0.3615255781015967,0.3964131245915514,0.3645298374748253,-16.5,16.5,10.046137349934273,10.024825665369416,-9.1899995803833,9.199999809265137,3.3684688777948653,3.3631271909619813,-1.2389999628067017,1.2430000305175781,3.3684688777948653,3.3631271909619813,15.03900728565123,2.1245039294522594,0.0,0.0,0.0,0.0,0.3615255781015967,0.3964131245915514,0.03553335511313222,-0.0006458086231774796,2.1245039294522594,2.1245039294522594,2.1245039294522594,2.1245039294522594,2.1245039294522594,0Lepton_3FJ,
TTbar,5,2250.0,2500.0,0.6132752634584904,0.2524085953152234,0.0,0.0,0.0,0.0,0.16160510323256227,0.18371468333346383,0.1635476130883745,-16.5,16.5,6.24604777144776,6.238606687362645,-9.1899995803833,9.199999809265137,2.050009854120386,2.0499706538238436,-1.2389999628067017,1.2430000305175781,2.050009854120386,2.0499706538238436,4.892259740992738,1.2263962666619492,0.0,0.0,0.0,0.0,0.16160510323256227,0.18371468333346383,0.022335067497420164,-0.00022548739651861993,1.2263962666619492,1.2263962666619492,1.2263962666619492,1.2263962666619492,1.2263962666619492,0Lepton_3FJ,
TTbar,6,2500.0,4000.0,0.433292992413044,0.22852263218319321,0.0,0.0,0.0,0.0,0.1754646008614014,0.23138698968611063,0.1804341996113607,-10.399999618530273,10.399999618530273,6.2598327295296095,6.253551501756657,-9.1899995803833,9.199999809265137,4.926730477310253,4.931516924518504,-1.2389999628067017,1.2430000305175781,4.926730477310253,4.931516924518504,5.020771482542408,1.1822449825897272,0.0,0.0,0.0,0.0,0.1754646008614014,0.23138698968611063,0.0562243709402547,-0.0003019821155454683,1.1822449825897272,1.1822449825897272,1.1822449825897272,1.1822449825897272,1.1822449825897272,0Lepton_3FJ,
WJets,1,1250.0,1500.0,19.29809100739658,1.339900722692111,0.0,0.0,0.0,0.0,2.524089589589385,2.57582564601093,2.528491930443983,-29.0,29.0,47.086001965379346,47.01587603702798,-9.1899995803833,9.199999809265137,7.006739213052233,6.994241289093513,-1.2389999628067017,1.2430000305175781,7.006739213052233,6.994241289093513,382.1417333979535,11.369101877199862,0.0,0.0,0.0,0.0,2.524089589589385,2.57582564601093,0.052945124151741116,-0.0012090677301959118,11.369101877199862,11.369101877199862,11.369101877199862,11.369101877199862,11.369101877199862,0Lepton_3FJ,
WJets,2,1500.0,1750.0,8.487073187716305,0.9006274979247081,0.0,0.0,0.0,0.0,1.1155598526547676,1.1704171768154197,1.1203629202333352,-21.0,21.0,25.602641318462748,25.575822999284526,-9.1899995803833,9.199999809265137,5.808391055597298,5.806854384465608,-1.2389999628067017,1.2430000305175781,5.808391055597298,5.806854384465608,126.22721328240954,6.2251877584937185,0.0,0.0,0.0,0.0,1.1155598526547676,1.1704171768154197,0.055495855569657304,-0.0006385314090053829,6.2251877584937185,6.2251877584937185,6.2251877584937185,6.2251877584937185,6.2251877584937185,0Lepton_3FJ,
WJets,3,1750.0,2000.0,3.108623112886562,0.5360851946530797,0.0,0.0,0.0,0.0,0.5322217069345606,0.5736249858513223,0.5358440603046523,-18.799999237060547,18.799999237060547,15.35003955010084,15.331429031147154,-9.1899995803833,9.199999809265137,4.075331980811502,4.07393491747011,-1.2389999628067017,1.2430000305175781,4.075331980811502,4.07393491747011,38.43842536679975,3.3468417166640694,0.0,0.0,0.0,0.0,0.5322217069345606,0.5736249858513223,0.04189823954731848,-0.0004949606305568732,3.3468417166640694,3.3468417166640694,3.3468417166640694,3.3468417166640694,3.3468417166640694,0Lepton_3FJ,
WJets,4,2000.0,2250.0,0.9209651717537781,0.29780640665170466,0.0,0.0,0.0,0.0,0.3615255781015967,0.3964131245915514,0.3645298374748253,-16.5,16.5,10.046137349934273,10.024825665369416,-9.1899995803833,9.199999809265137,3.3684688777948653,3.3631271909619813,-1.2389999628067017,1.2430000305175781,3.3684688777948653,3.3631271909619813,15.03900728565123,2.1245039294522594,0.0,0.0,0.0,0.0,0.3615255781015967,0.3964131245915514,0.03553335511313222,-0.0006458086231774796,2.1245039294522594,2.1245039294522594,2.1245039294522594,2.1245039294522594,2.1245039294522594,0Lepton_3FJ,
WJets,5,2250.0,2500.0,0.6850190060213208,0.23800091073381033,0.0,0.0,0.0,0.0,0.16160510323256227,0.18371468333346383,0.1635476130883745,-16.5,16.5,6.24604777144776,6.238606687362645,-9.1899995803833,9.199999809265137,2.050009854120386,2.0499706538238436,-1.2389999628067017,1.2430000305175781,2.050009854120386,2.0499706538238436,4.892259740992738,1.2263962666619492,0.0,0.0,0.0,0.0,0.16160510323256227,0.18371468333346383,0.022335067497420164,-0.00022548739651861993,1.2263962666619492,1.2263962666619492,1.2263962666619492,1.2263962666619492,1.2263962666619492,0Lepton_3FJ,
WJets,6,2500.0,4000.0,0.6682098987366771,0.26200654062138445,0.0,0.0,0.0,0.0,0.1754646008614014,0.23138698968611063,0.1804341996113607,-10.399999618530273,10.399999618530273,6.2598327295296095,6.253551501756657,-9.1899995803833,9.199999809265137,4.926730477310253,4.931516924518504,-1.2389999628067017,1.2430000305175781,4.926730477310253,4.931516924518504,5.020771482542408,1.1822449825897272,0.0,0.0,0.0,0.0,0.1754646008614014,0.23138698968611063,0.0562243709402547,-0.0003019821155454683,1.1822449825897272,1.1822449825897272,1.1822449825897272,1.1822449825897272,1.1822449825897272,0Lepton_3FJ,
WW,1,1250.0,1500.0,4.261055842041969,0.9088461159774744,0.0,0.0,0.0,0.0,2.524089589589385,2.57582564601093,2.528491930443983,-29.0,29.0,47.086001965379346,47.01587603702798,-9.1899995803833,9.199999809265137,7.006739213052233,6.994241289093513,-1.2389999628067017,1.2430000305175781,7.006739213052233,6.994241289093513,382.1417333979535,11.369101877199862,0.0,0.0,0.0,0.0,2.524089589589385,2.57582564601093,0.052945124151741116,-0.0012090677301959118,11.369101877199862,11.369101877199862,11.369101877199862,11.369101877199862,11.369101877199862,0Lepton_3FJ,
WW,2,1500.0,1750.0,2.6592157408595085,0.642700720960802,0.0,0.0,0.0,0.0,1.1155598526547676,1.1704171768154197,1.1203629202333352,-21.0,21.0,25.602641318462748,25.575822999284526,-9.1899995803833,9.199999809265137,5.808391055597298,5.806854384465608,-1.2389999628067017,1.2430000305175781,5.808391055597298,5.806854384465608,126.22721328240954,6.2251877584937185,0.0,0.0,0.0,0.0,1.1155598526547676,1.1704171768154197,0.055495855569657304,-0.0006385314090053829,6.2251877584937185,6.2251877584937185,6.2251877584937185,6.2251877584937185,6.2251877584937185,0Lepton_3FJ,
WW,3,1750.0,2000.0,0.9926059022545815,0.3561083535351449,0.0,0.0,0.0,0.0,0.5322217069345606,0.5736249858513223,0.5358440603046523,-18.799999237060547,18.799999237060547,15.35003955010084,15.331429031147154,-9.1899995803833,9.199999809265137,4.075331980811502,4.07393491747011,-1.2389999628067017,1.2430000305175781,4.075331980811502,4.07393491747011,38.43842536679975,3.3468417166640694,0.0,0.0,0.0,0.0,0.5322217069345606,0.5736249858513223,0.04189823954731848,-0.0004949606305568732,3.3468417166640694,3.3468417166640694,3.3468417166640694,3.3468417166640694,3.3468417166640694,0Lepton_3FJ,
WW,4,2000.0,2250.0,0.22619789093732834,0.26125068517446853,0.0,0.0,0.0,0.0,0.3615255781015967,0.3964131245915514,0.3645298374748253,-16.5,16.5,10.046137349934273,10.024825665369416,-9.1899995803833,9.199999809265137,3.3684688777948653,3.3631271909619813,-1.2389999628067017,1.2430000305175781,3.3684688777948653,3.3631271909619813,15.03900728565123,2.1245039294522594,0.0,0.0,0.0,0.0,0.3615255781015967,0.3964131245915514,0.03553335511313222,-0.0006458086231774796,2.1245039294522594,2.1245039294522594,2.1245039294522594,2.1245039294522594,2.1245039294522594,0Lepton_3FJ,
WW,5,2250.0,2500.0,0.12879902124404907,0.12879902124404907,0.0,0.0,0.0,0.0,0.16160510323256227,0.18371468333346383,0.1635476130883745,-16.5,16.5,6.24604777144776,6.238606687362645,-9.1899995803833,9.199999809265137,2.050009854120386,2.0499706538238436,-1.2389999628067017,1.2430000305175781,2.050009854120386,2.0499706538238436,4.892259740992738,1.2263962666619492,0.0,0.0,0.0,0.0,0.16160510323256227,0.18371468333346383,0.022335067497420164,-0.00022548739651861993,1.2263962666619492,1.2263962666619492,1.2263962666619492,1.2263962666619492,1.2263962666619492,0Lepton_3FJ,
WW,6,2500.0,4000.0,0.2858474627137184,0.17029521881579282,0.0,0.0,0.0,0.0,0.1754646008614014,0.23138698968611063,0.1804341996113607,-10.399999618530273,10.399999618530273,6.2598327295296095,6.253551501756657,-9.1899995803833,9.199999809265137,4.926730477310253,4.931516924518504,-1.2389999628067017,1.2430000305175781,4.926730477310253,4.931516924518504,5.020771482542408,1.1822449825897272,0.0,0.0,0.0,0.0,0.1754646008614014,0.23138698968611063,0.0562243709402547,-0.0003019821155454683,1.1822449825897272,1.1822449825897272,1.1822449825897272,1.1822449825897272,1.1822449825897272,0Lepton_3FJ,
WZ,1,1250.0,1500.0,0.19025547802448273,0.10998135364958891,0.0,0.0,0.0,0.0,2.524089589589385,2.57582564601093,2.528491930443983,-29.0,29.0,47.086001965379346,47.01587603702798,-9.1899995803833,9.199999809265137,7.006739213052233,6.994241289093513,-1.2389999628067017,1.2430000305175781,7.006739213052233,6.994241289093513,382.1417333979535,11.369101877199862,0.0,0.0,0.0,0.0,2.524089589589385,2.57582564601093,0.052945124151741116,-0.0012090677301959118,11.369101877199862,11.369101877199862,11.369101877199862,11.369101877199862,11.369101877199862,0Lepton_3FJ,
WZ,2,1500.0,1750.0,0.06790421158075333,0.06790421158075333,0.0,0.0,0.0,0.0,1.1155598526547676,1.1704171768154197,1.1203629202333352,-21.0,21.0,25.602641318462748,25.575822999284526,-9.1899995803833,9.199999809265137,5.808391055597298,5.806854384465608,-1.2389999628067017,1.2430000305175781,5.808391055597298,5.806854384465608,126.22721328240954,6.2251877584937185,0.0,0.0,0.0,0.0,1.1155598526547676,1.1704171768154197,0.055495855569657304,-0.0006385314090053829,6.2251877584937185,6.2251877584937185,6.2251877584937185,6.2251877584937185,6.2251877584937185,0Lepton_3FJ,
WZ,3,1750.0,2000.0,0.0,0.0,0.0,0.0,0.0,0.0,0.5322217069345606,0.5736249858513223,0.5358440603046523,-18.799999237060547,18.799999237060547,15.35003955010084,15.331429031147154,-9.1899995803833,9.199999809265137,4.075331980811502,4.07393491747011,-1.2389999628067017,1.2430000305175781,4.075331980811502,4.07393491747011,38.43842536679975,3.3468417166640694,0.0,0.0,0.0,0.0,0.5322217069345606,0.5736249858513223,0.04189823954731848,-0.0004949606305568732,3.3468417166640694,3.3468417166640694,3.3468417166640694,3.3468417166640694,3.3468417166640694,0Lepton_3FJ,
WZ,4,2000.0,2250.0,0.20797331631183624,0.20797331631183624,0.0,0.0,0.0,0.0,0.3615255781015967,0.3964131245915514,0.3645298374748253,-16.5,16.5,10.046137349934273,10.024825665369416,-9.1899995803833,9.199999809265137,3.3684688777948653,3.3631271909619813,-1.2389999628067017,1.2430000305175781,3.3684688777948653,3.3631271909619813,15.03900728565123,2.1245039294522594,0.0,0.0,0.0,0.0,0.3615255781015967,0.3964131245915514,0.03553335511313222,-0.0006458086231774796,2.1245039294522594,2.1245039294522594,2.1245039294522594,2.1245039294522594,2.1245039294522594,0Lepton_3FJ,
WZ,5,2250.0,2500.0,0.1451195329427719,0.1451195329427719,0.0,0.0,0.0,0.0,0.16160510323256227,0.18371468333346383,0.1635476130883745,-16.5,16.5,6.24604777144776,6.238606687362645,-9.1899995803833,9.199999809265137,2.050009854120386,2.0499706538238436,-1.2389999628067017,1.2430000305175781,2.050009854120386,2.0499706538238436,4.892259740992738,1.2263962666619492,0.0,0.0,0.0,0.0,0.16160510323256227,0.18371468333346383,0.022335067497420164,-0.00022548739651861993,1.2263962666619492,1.2263962666619492,1.2263962666619492,1.2263962666619492,1.2263962666619492,0Lepton_3FJ,
WZ,6,2500.0,4000.0,0.20797331631183624,0.20797331631183624,0.0,0.0,0.0,0.0,0.1754646008614014,0.23138698968611063,0.1804341996113607,-10.399999618530273,10.399999618530273,6.2598327295296095,6.253551501756657,-9.1899995803833,9.199999809265137,4.926730477310253,4.931516924518504,-1.2389999628067017,1.2430000305175781,4.926730477310253,4.931516924518504,5.020771482542408,1.1822449825897272,0.0,0.0,0.0,0.0,0.1754646008614014,0.23138698968611063,0.0562243709402547,-0.0003019821155454683,1.1822449825897272,1.1822449825897272,1.1822449825897272,1.1822449825897272,1.1822449825897272,0Lepton_3FJ,
ZZ,1,1250.0,1500.0,0.6529859751462936,0.299711496187275,0.0,0.0,0.0,0.0,2.524089589589385,2.57582564601093,2.528491930443983,-29.0,29.0,47.086001965379346,47.01587603702798,-9.1899995803833,9.199999809265137,7.006739213052233,6.994241289093513,-1.2389999628067017,1.2430000305175781,7.006739213052233,6.994241289093513,382.1417333979535,11.369101877199862,0.0,0.0,0.0,0.0,2.524089589589385,2.57582564601093,0.052945124151741116,-0.0012090677301959118,11.369101877199862,11.369101877199862,11.369101877199862,11.369101877199862,11.369101877199862,0Lepton_3FJ,
ZZ,2,1500.0,1750.0,0.18713924288749695,0.18713924288749695,0.0,0.0,0.0,0.0,1.1155598526547676,1.1704171768154197,1.1203629202333352,-21.0,21.0,25.602641318462748,25.575822999284526,-9.1899995803833,9.199999809265137,5.808391055597298,5.806854384465608,-1.2389999628067017,1.2430000305175781,5.808391055597298,5.806854384465608,126.22721328240954,6.2251877584937185,0.0,0.0,0.0,0.0,1.1155598526547676,1.1704171768154197,0.055495855569657304,-0.0006385314090053829,6.2251877584937185,6.2251877584937185,6.2251877584937185,6.2251877584937185,6.2251877584937185,0Lepton_3FJ,
ZZ,3,1750.0,2000.0,0.5480807796120644,0.280752347980814,0.0,0.0,0.0,0.0,0.5322217069345606,0.5736249858513223,0.5358440603046523,-18.799999237060547,18.799999237060547,15.35003955010084,15.331429031147154,-9.1899995803833,9.199999809265137,4.075331980811502,4.07393491747011,-1.2389999628067017,1.2430000305175781,4.075331980811502,4.07393491747011,38.43842536679975,3.3468417166640694,0.0,0.0,0.0,0.0,0.5322217069345606,0.5736249858513223,0.04189823954731848,-0.0004949606305568732,3.3468417166640694,3.3468417166640694,3.3468417166640694,3.3468417166640694,3.3468417166640694,0Lepton_3FJ,
ZZ,4,2000.0,2250.0,0.0,0.0,0.0,0.0,0.0,0.0,0.3615255781015967,0.3964131245915514,0.3645298374748253,-16.5,16.5,10.046137349934273,10.024825665369416,-9.1899995803833,9.199999809265137,3.3684688777948653,3.3631271909619813,-1.2389999628067017,1.2430000305175781,3.3684688777948653,3.3631271909619813,15.03900728565123,2.1245039294522594,0.0,0.0,0.0,0.0,0.3615255781015967,0.3964131245915514,0.03553335511313222,-0.0006458086231774796,2.1245039294522594,2.1245039294522594,2.1245039294522594,2.1245039294522594,2.1245039294522594,0Lepton_3FJ,
ZZ,5,2250.0,2500.0,0.1310497224330902,0.1310497224330902,0.0,0.0,0.0,0.0,0.16160510323256227,0.18371468333346383,0.1635476130883745,-16.5,16.5,6.24604777144776,6.238606687362645,-9.1899995803833,9.199999809265137,2.050009854120386,2.0499706538238436,-1.2389999628067017,1.2430000305175781,2.050009854120386,2.0499706538238436,4.892259740992738,1.2263962666619492,0.0,0.0,0.0,0.0,0.16160510323256227,0.18371468333346383,0.022335067497420164,-0.00022548739651861993,1.2263962666619492,1.2263962666619492,1.2263962666619492,1.2263962666619492,1.2263962666619492,0Lepton_3FJ,
ZZ,6,2500.0,4000.0,0.0,0.0,0.0,0.0,0.0,0.0,0.1754646008614014,0.23138698968611063,0.1804341996113607,-10.399999618530273,10.399999618530273,6.2598327295296095,6.253551501756657,-9.1899995803833,9.199999809265137,4.926730477310253,4.931516924518504,-1.2389999628067017,1.2430000305175781,4.926730477310253,4.931516924518504,5.020771482542408,1.1822449825897272,0.0,0.0,0.0,0.0,0.1754646008614014,0.23138698968611063,0.0562243709402547,-0.0003019821155454683,1.1822449825897272,1.1822449825897272,1.1822449825897272,1.1822449825897272,1.1822449825897272,0Lepton_3FJ,
ttV,1,1250.0,1500.0,38.08860181388445,3.006878646918696,0.0,0.0,0.0,0.0,2.524089589589385,2.57582564601093,2.528491930443983,-29.0,29.0,47.086001965379346,47.01587603702798,-9.1899995803833,9.199999809265137,7.006739213052233,6.994241289093513,-1.2389999628067017,1.2430000305175781,7.006739213052233,6.994241289093513,382.1417333979535,11.369101877199862,0.0,0.0,0.0,0.0,2.524089589589385,2.57582564601093,0.052945124151741116,-0.0012090677301959118,11.369101877199862,11.369101877199862,11.369101877199862,11.369101877199862,11.369101877199862,0Lepton_3FJ,
ttV,2,1500.0,1750.0,15.809467568062246,1.9154082273235655,0.0,0.0,0.0,0.0,1.1155598526547676,1.1704171768154197,1.1203629202333352,-21.0,21.0,25.602641318462748,25.575822999284526,-9.1899995803833,9.199999809265137,5.808391055597298,5.806854384465608,-1.2389999628067017,1.2430000305175781,5.808391055597298,5.806854384465608,126.22721328240954,6.2251877584937185,0.0,0.0,0.0,0.0,1.1155598526547676,1.1704171768154197,0.055495855569657304,-0.0006385314090053829,6.2251877584937185,6.2251877584937185,6.2251877584937185,6.2251877584937185,6.2251877584937185,0Lepton_3FJ,
ttV,3,1750.0,2000.0,6.017801954643801,1.1933723167917725,0.0,0.0,0.0,0.0,0.5322217069345606,0.5736249858513223,0.5358440603046523,-18.799999237060547,18.799999237060547,15.35003955010084,15.331429031147154,-9.1899995803833,9.199999809265137,4.075331980811502,4.07393491747011,-1.2389999628067017,1.2430000305175781,4.075331980811502,4.07393491747011,38.43842536679975,3.3468417166640694,0.0,0.0,0.0,0.0,0.5322217069345606,0.5736249858513223,0.04189823954731848,-0.0004949606305568732,3.3468417166640694,3.3468417166640694,3.3468417166640694,3.3468417166640694,3.3468417166640694,0Lepton_3FJ,
ttV,4,2000.0,2250.0,2.9604539113352075,0.8437734226208373,0.0,0.0,0.0,0.0,0.3615255781015967,0.3964131245915514,0.3645298374748253,-16.5,16.5,10.046137349934273,10.024825665369416,-9.1899995803833,9.199999809265137,3.3684688777948653,3.3631271909619813,-1.2389999628067017,1.2430000305175781,3.3684688777948653,3.3631271909619813,15.03900728565123,2.1245039294522594,0.0,0.0,0.0,0.0,0.3615255781015967,0.3964131245915514,0.03553335511313222,-0.0006458086231774796,2.1245039294522594,2.1245039294522594,2.1245039294522594,2.1245039294522594,2.1245039294522594,0Lepton_3FJ,
ttV,5,2250.0,2500.0,0.6687470595352352,0.3997171901283801,0.0,0.0,0.0,0.0,0.16160510323256227,0.18371468333346383,0.1635476130883745,-16.5,16.5,6.24604777144776,6.238606687362645,-9.1899995803833,9.199999809265137,2.050009854120386,2.0499706538238436,-1.2389999628067017,1.2430000305175781,2.050009854120386,2.0499706538238436,4.892259740992738,1.2263962666619492,0.0,0.0,0.0,0.0,0.16160510323256227,0.18371468333346383,0.022335067497420164,-0.00022548739651861993,1.2263962666619492,1.2263962666619492,1.2263962666619492,1.2263962666619492,1.2263962666619492,0Lepton_3FJ,
ttV,6,2500.0,4000.0,1.7381362050073221,0.6692929083691764,0.0,0.0,0.0,0.0,0.1754646008614014,0.23138698968611063,0.1804341996113607,-10.399999618530273,10.399999618530273,6.2598327295296095,6.253551501756657,-9.1899995803833,9.199999809265137,4.926730477310253,4.931516924518504,-1.2389999628067017,1.2430000305175781,4.926730477310253,4.931516924518504,5.020771482542408,1.1822449825897272,0.0,0.0,0.0,0.0,0.1754646008614014,0.23138698968611063,0.0562243709402547,-0.0003019821155454683,1.1822449825897272,1.1822449825897272,1.1822449825897272,1.1822449825897272,1.1822449825897272,0Lepton_3FJ,
sm,1,1250.0,1500.0,2.524089589589385,0.0,0.0,0.0,0.0,0.0,2.524089589589385,2.57582564601093,2.528491930443983,-29.0,29.0,47.086001965379346,47.01587603702798,-9.1899995803833,9.199999809265137,7.006739213052233,6.994241289093513,-1.2389999628067017,1.2430000305175781,7.006739213052233,6.994241289093513,382.1417333979535,11.369101877199862,0.0,0.0,0.0,0.0,2.524089589589385,2.57582564601093,0.052945124151741116,-0.0012090677301959118,11.369101877199862,11.369101877199862,11.369101877199862,11.369101877199862,11.369101877199862,0Lepton_3FJ,
sm,2,1500.0,1750.0,1.1155598526547676,0.0,0.0,0.0,0.0,0.0,1.1155598526547676,1.1704171768154197,1.1203629202333352,-21.0,21.0,25.602641318462748,25.575822999284526,-9.1899995803833,9.199999809265137,5.808391055597298,5.806854384465608,-1.2389999628067017,1.2430000305175781,5.808391055597298,5.806854384465608,126.22721328240954,6.2251877584937185,0.0,0.0,0.0,0.0,1.1155598526547676,1.1704171768154197,0.055495855569657304,-0.0006385314090053829,6.2251877584937185,6.2251877584937185,6.2251877584937185,6.2251877584937185,6.2251877584937185,0Lepton_3FJ,
sm,3,1750.0,2000.0,0.5322217069345606,0.0,0.0,0.0,0.0,0.0,0.5322217069345606,0.5736249858513223,0.5358440603046523,-18.799999237060547,18.799999237060547,15.35003955010084,15.331429031147154,-9.1899995803833,9.199999809265137,4.075331980811502,4.07393491747011,-1.2389999628067017,1.2430000305175781,4.075331980811502,4.07393491747011,38.43842536679975,3.3468417166640694,0.0,0.0,0.0,0.0,0.5322217069345606,0.5736249858513223,0.04189823954731848,-0.0004949606305568732,3.3468417166640694,3.3468417166640694,3.3468417166640694,3.3468417166640694,3.3468417166640694,0Lepton_3FJ,
sm,4,2000.0,2250.0,0.3615255781015967,0.0,0.0,0.0,0.0,0.0,0.3615255781015967,0.3964131245915514,0.3645298374748253,-16.5,16.5,10.046137349934273,10.024825665369416,-9.1899995803833,9.199999809265137,3.3684688777948653,3.3631271909619813,-1.2389999628067017,1.2430000305175781,3.3684688777948653,3.3631271909619813,15.03900728565123,2.1245039294522594,0.0,0.0,0.0,0.0,0.3615255781015967,0.3964131245915514,0.03553335511313222,-0.0006458086231774796,2.1245039294522594,2.1245039294522594,2.1245039294522594,2.1245039294522594,2.1245039294522594,0Lepton_3FJ,
sm,5,2250.0,2500.0,0.16160510323256227,0.0,0.0,0.0,0.0,0.0,0.16160510323256227,0.18371468333346383,0.1635476130883745,-16.5,16.5,6.24604777144776,6.238606687362645,-9.1899995803833,9.199999809265137,2.050009854120386,2.0499706538238436,-1.2389999628067017,1.2430000305175781,2.050009854120386,2.0499706538238436,4.892259740992738,1.2263962666619492,0.0,0.0,0.0,0.0,0.16160510323256227,0.18371468333346383,0.022335067497420164,-0.00022548739651861993,1.2263962666619492,1.2263962666619492,1.2263962666619492,1.2263962666619492,1.2263962666619492,0Lepton_3FJ,
sm,6,2500.0,4000.0,0.1754646008614014,0.0,0.0,0.0,0.0,0.0,0.1754646008614014,0.23138698968611063,0.1804341996113607,-10.399999618530273,10.399999618530273,6.2598327295296095,6.253551501756657,-9.1899995803833,9.199999809265137,4.926730477310253,4.931516924518504,-1.2389999628067017,1.2430000305175781,4.926730477310253,4.931516924518504,5.020771482542408,1.1822449825897272,0.0,0.0,0.0,0.0,0.1754646008614014,0.23138698968611063,0.0562243709402547,-0.0003019821155454683,1.1822449825897272,1.1822449825897272,1.1822449825897272,1.1822449825897272,1.1822449825897272,0Lepton_3FJ,
Other,1,500.0,1600.0,129.5636921459323,0.0,0.0,0.0,0.0,0.0,14.67182228407206,21.385375034794386,15.258331870628394,-2.9179999828338623,2.930999994277954,72.80003882300348,72.8236600492676,-1.2389999628067017,1.2430000305175781,25.21189046459053,25.07006379176579,-1.2389999628067017,1.2430000305175781,25.21189046459053,25.07006379176579,822.3890917496653,0.0,4.302693559604691,4.980347258510376,4.757775451448517,4.54759314767816,14.67182228407206,21.385375034794386,6.797886850763641,-0.08433410004131581,4.6415204090575335,4.980347258510376,4.302693559604691,4.54759314767816,4.757775451448517,1Lepton,
Other,2,1600.0,2600.0,27.45474013829397,0.0,0.0,0.0,0.0,0.0,4.744427569316601,14.459119962706467,5.604720692519795,-1.7630000114440918,1.7690000534057617,35.26475545001927,35.23608875460573,-1.2389999628067017,1.2430000305175781,19.84298199885948,19.7742826650605,-1.2389999628067017,1.2430000305175781,19.84298199885948,19.7742826650605,203.92456806674684,0.0,4.268314254254808,5.093454678111159,4.915710446415184,4.471865152042474,4.744427569316601,14.459119962706467,9.781498070541744,-0.06680567715187813,4.680884466182983,5.093454678111159,4.268314254254808,4.471865152042474,4.915710446415184,1Lepton,
Other,3,2600.0,3400.0,1.4699372051178776,0.0,0.0,0.0,0.0,0.0,0.6477508973484893,3.9698813991444655,0.9442107837627459,-1.8040000200271606,1.8079999685287476,11.520332439537293,11.524956182239773,-1.2389999628067017,1.2430000305175781,5.781068994891076,5.784247204378869,-1.2389999628067017,1.2430000305175781,5.781068994891076,5.784247204378869,19.848675615405188,0.0,2.071478841692853,2.243967400418444,2.071478841692853,2.243967400418444,0.6477508973484893,3.9698813991444655,3.334186972021601,-0.012056470225624727,2.1577231210556485,2.243967400418444,2.071478841692853,2.243967400418444,2.071478841692853,1Lepton,
Other,4,3400.0,4000.0,0.10109006224068669,0.0,0.0,0.0,0.0,0.0,0.1213211963708698,1.7174676180419444,0.26445522487774825,-1.597000002861023,1.5980000495910645,4.202400386678721,4.199609723653729,-1.2389999628067017,1.2430000305175781,2.578456955988198,2.588192457711267,-1.2389999628067017,1.2430000305175781,2.578456955988198,2.588192457711267,1.7739586108945629,0.0,0.36785318072792167,0.40006236092733477,0.36785318072792167,0.40006236092733477,0.1213211963708698,1.7174676180419444,1.5986185618783044,-0.002472140207229856,0.3839577708276282,0.40006236092733477,0.36785318072792167,0.40006236092733477,0.36785318072792167,1Lepton,
Top,1,500.0,1600.0,268.0720424940706,0.0,0.0,0.0,0.0,0.0,14.67182228407206,21.385375034794386,15.258331870628394,-2.9179999828338623,2.930999994277954,72.80003882300348,72.8236600492676,-1.2389999628067017,1.2430000305175781,25.21189046459053,25.07006379176579,-1.2389999628067017,1.2430000305175781,25.21189046459053,25.07006379176579,822.3890917496653,0.0,4.302693559604691,4.980347258510376,4.757775451448517,4.54759314767816,14.67182228407206,21.385375034794386,6.797886850763641,-0.08433410004131581,4.6415204090575335,4.980347258510376,4.302693559604691,4.54759314767816,4.757775451448517,1Lepton,
Top,2,1600.0,2600.0,43.220862045900724,0.0,0.0,0.0,0.0,0.0,4.744427569316601,14.459119962706467,5.604720692519795,-1.7630000114440918,1.7690000534057617,35.26475545001927,35.23608875460573,-1.2389999628067017,1.2430000305175781,19.84298199885948,19.7742826650605,-1.2389999628067017,1.2430000305175781,19.84298199885948,19.7742826650605,203.92456806674684,0.0,4.268314254254808,5.093454678111159,4.915710446415184,4.471865152042474,4.744427569316601,14.459119962706467,9.781498070541744,-0.06680567715187813,4.680884466182983,5.093454678111159,4.268314254254808,4.471865152042474,4.915710446415184,1Lepton,
Top,3,2600.0,3400.0,2.5025475426043946,0.0,0.0,0.0,0.0,0.0,0.6477508973484893,3.9698813991444655,0.9442107837627459,-1.8040000200271606,1.8079999685287476,11.520332439537293,11.524956182239773,-1.2389999628067017,1.2430000305175781,5.781068994891076,5.784247204378869,-1.2389999628067017,1.2430000305175781,5.781068994891076,5.784247204378869,19.848675615405188,0.0,2.071478841692853,2.243967400418444,2.071478841692853,2.243967400418444,0.6477508973484893,3.9698813991444655,3.334186972021601,-0.012056470225624727,2.1577231210556485,2.243967400418444,2.071478841692853,2.243967400418444,2.071478841692853,1Lepton,
Top,4,3400.0,4000.0,0.08220006995098818,0.0,0.0,0.0,0.0,0.0,0.1213211963708698,1.7174676180419444,0.26445522487774825,-1.597000002861023,1.5980000495910645,4.202400386678721,4.199609723653729,-1.2389999628067017,1.2430000305175781,2.578456955988198,2.588192457711267,-1.2389999628067017,1.2430000305175781,2.578456955988198,2.588192457711267,1.7739586108945629,0.0,0.36785318072792167,0.40006236092733477,0.36785318072792167,0.40006236092733477,0.1213211963708698,1.7174676180419444,1.5986185618783044,-0.002472140207229856,0.3839577708276282,0.40006236092733477,0.36785318072792167,0.40006236092733477,0.36785318072792167,1Lepton,
WJets,1,500.0,1600.0,410.08153482559044,0.0,4.302693559604691,4.980347258510376,4.757775451448517,4.54759314767816,14.67182228407206,21.385375034794386,15.258331870628394,-2.9179999828338623,2.930999994277954,72.80003882300348,72.8236600492676,-1.2389999628067017,1.2430000305175781,25.21189046459053,25.07006379176579,-1.2389999628067017,1.2430000305175781,25.21189046459053,25.07006379176579,822.3890917496653,0.0,4.302693559604691,4.980347258510376,4.757775451448517,4.54759314767816,14.67182228407206,21.385375034794386,6.797886850763641,-0.08433410004131581,4.6415204090575335,4.980347258510376,4.302693559604691,4.54759314767816,4.757775451448517,1Lepton,
WJets,2,1600.0,2600.0,128.50453831323554,0.0,4.268314254254808,5.093454678111159,4.915710446415184,4.471865152042474,4.744427569316601,14.459119962706467,5.604720692519795,-1.7630000114440918,1.7690000534057617,35.26475545001927,35.23608875460573,-1.2389999628067017,1.2430000305175781,19.84298199885948,19.7742826650605,-1.2389999628067017,1.2430000305175781,19.84298199885948,19.7742826650605,203.92456806674684,0.0,4.268314254254808,5.093454678111159,4.915710446415184,4.471865152042474,4.744427569316601,14.459119962706467,9.781498070541744,-0.06680567715187813,4.680884466182983,5.093454678111159,4.268314254254808,4.471865152042474,4.915710446415184,1Lepton,
WJets,3,2600.0,3400.0,15.228439970334424,0.0,2.071478841692853,2.243967400418444,2.071478841692853,2.243967400418444,0.6477508973484893,3.9698813991444655,0.9442107837627459,-1.8040000200271606,1.8079999685287476,11.520332439537293,11.524956182239773,-1.2389999628067017,1.2430000305175781,5.781068994891076,5.784247204378869,-1.2389999628067017,1.2430000305175781,5.781068994891076,5.784247204378869,19.848675615405188,0.0,2.071478841692853,2.243967400418444,2.071478841692853,2.243967400418444,0.6477508973484893,3.9698813991444655,3.334186972021601,-0.012056470225624727,2.1577231210556485,2.243967400418444,2.071478841692853,2.243967400418444,2.071478841692853,1Lepton,
WJets,4,3400.0,4000.0,1.4693472823320182,0.0,0.36785318072792167,0.40006236092733477,0.36785318072792167,0.40006236092733477,0.1213211963708698,1.7174676180419444,0.26445522487774825,-1.597000002861023,1.5980000495910645,4.202400386678721,4.199609723653729,-1.2389999628067017,1.2430000305175781,2.578456955988198,2.588192457711267,-1.2389999628067017,1.2430000305175781,2.578456955988198,2.588192457711267,1.7739586108945629,0.0,0.36785318072792167,0.40006236092733477,0.36785318072792167,0.40006236092733477,0.1213211963708698,1.7174676180419444,1.5986185618783044,-0.002472140207229856,0.3839577708276282,0.40006236092733477,0.36785318072792167,0.40006236092733477,0.36785318072792167,1Lepton,
sm,1,500.0,1600.0,14.67182228407206,0.0,0.0,0.0,0.0,0.0,14.67182228407206,21.385375034794386,15.258331870628394,-2.9179999828338623,2.930999994277954,72.80003882300348,72.8236600492676,-1.2389999628067017,1.2430000305175781,25.21189046459053,25.07006379176579,-1.2389999628067017,1.2430000305175781,25.21189046459053,25.07006379176579,822.3890917496653,0.0,4.302693559604691,4.980347258510376,4.757775451448517,4.54759314767816,14.67182228407206,21.385375034794386,6.797886850763641,-0.08433410004131581,4.6415204090575335,4.980347258510376,4.302693559604691,4.54759314767816,4.757775451448517,1Lepton,
sm,2,1600.0,2600.0,4.744427569316601,0.0,0.0,0.0,0.0,0.0,4.744427569316601,14.459119962706467,5.604720692519795,-1.7630000114440918,1.7690000534057617,35.26475545001927,35.23608875460573,-1.2389999628067017,1.2430000305175781,19.84298199885948,19.7742826650605,-1.2389999628067017,1.2430000305175781,19.84298199885948,19.7742826650605,203.92456806674684,0.0,4.268314254254808,5.093454678111159,4.915710446415184,4.471865152042474,4.744427569316601,14.459119962706467,9.781498070541744,-0.06680567715187813,4.680884466182983,5.093454678111159,4.268314254254808,4.471865152042474,4.915710446415184,1Lepton,
sm,3,2600.0,3400.0,0.6477508973484893,0.0,0.0,0.0,0.0,0.0,0.6477508973484893,3.9698813991444655,0.9442107837627459,-1.8040000200271606,1.8079999685287476,11.520332439537293,11.524956182239773,-1.2389999628067017,1.2430000305175781,5.781068994891076,5.784247204378869,-1.2389999628067017,1.2430000305175781,5.781068994891076,5.784247204378869,19.848675615405188,0.0,2.071478841692853,2.243967400418444,2.071478841692853,2.243967400418444,0.6477508973484893,3.9698813991444655,3.334186972021601,-0.012056470225624727,2.1577231210556485,2.243967400418444,2.071478841692853,2.243967400418444,2.071478841692853,1Lepton,
sm,4,3400.0,4000.0,0.1213211963708698,0.0,0.0,0.0,0.0,0.0,0.1213211963708698,1.7174676180419444,0.26445522487774825,-1.597000002861023,1.5980000495910645,4.202400386678721,4.199609723653729,-1.2389999628067017,1.2430000305175781,2.578456955988198,2.588192457711267,-1.2389999628067017,1.2430000305175781,2.578456955988198,2.588192457711267,1.7739586108945629,0.0,0.36785318072792167,0.40006236092733477,0.36785318072792167,0.40006236092733477,0.1213211963708698,1.7174676180419444,1.5986185618783044,-0.002472140207229856,0.3839577708276282,0.40006236092733477,0.36785318072792167,0.40006236092733477,0.36785318072792167,1Lepton,
TTbar,1,200.0,800.0,126.13375120962145,5.019420521564617,25.226750241924307,25.226750241924293,25.226750241924307,25.226750241924293,11.80682779710775,11.82626487447103,11.809304316716123,-68.0,68.0,85.4365355557692,85.90747288820822,-17.700000762939453,17.799999237060547,16.750126460219338,16.92976286492988,-1.2389999628067017,1.2430000305175781,16.750126460219338,16.92976286492988,223.97639674913466,6.650159238273003,36.09132169764394,36.091321697643934,36.09132169764394,36.091321697643934,11.80682779710775,11.82626487447103,0.01597430286005211,0.003462774503228516,36.698884448675166,36.698884448675166,36.698884448675166,36.698884448675166,36.698884448675166,2Lepton_OS,OF
TTbar,2,800.0,1350.0,7.018784584417854,0.9390546762387421,1.4037569168835704,1.4037569168835704,1.4037569168835704,1.4037569168835704,2.416703550667557,2.4316509120512864,2.4180032077028466,-25.0,25.0,11.899964263165076,11.889105813344568,-17.700000762939453,17.799999237060547,7.171443574428151,7.21756733646217,-1.2389999628067017,1.2430000305175781,7.171443574428151,7.21756733646217,14.760031738977158,1.3462088577310054,2.1265235232123514,2.1265235232123514,2.1265235232123514,2.1265235232123514,2.416703550667557,2.4316509120512864,0.015164530380139624,-0.00021716899641033294,2.516819537314682,2.516819537314682,2.516819537314682,2.516819537314682,2.516819537314682,2Lepton_OS,OF
TTbar,3,1350.0,5000.0,0.36064579620549564,0.30035803006312806,0.07212915924109914,0.07212915924109914,0.07212915924109914,0.07212915924109914,0.30569928820139763,0.31466576272503294,0.30645369649442633,-19.0,19.0,3.637731245316753,3.628217779908452,-17.700000762939453,17.799999237060547,3.1976711280805796,3.221502791802277,-1.2389999628067017,1.2430000305175781,3.1976711280805796,3.221502791802277,1.176138485877719,0.4148486721964572,0.16909362409421397,0.16909362409421397,0.16909362409421397,0.16909362409421397,0.30569928820139763,0.31466576272503294,0.009216828876485332,-0.00025035435285003516,0.44798669012871234,0.44798669012871234,0.44798669012871234,0.44798669012871234,0.44798669012871234,2Lepton_OS,OF
restbkg,1,200.0,800.0,86.03581774240544,4.3623428936849695,25.81074532272163,25.81074532272163,25.81074532272163,25.81074532272163,11.80682779710775,11.82626487447103,11.809304316716123,-68.0,68.0,85.4365355557692,85.90747288820822,-17.700000762939453,17.799999237060547,16.750126460219338,16.92976286492988,-1.2389999628067017,1.2430000305175781,16.750126460219338,16.92976286492988,223.97639674913466,6.650159238273003,36.09132169764394,36.091321697643934,36.09132169764394,36.091321697643934,11.80682779710775,11.82626487447103,0.01597430286005211,0.003462774503228516,36.698884448675166,36.698884448675166,36.698884448675166,36.698884448675166,36.698884448675166,2Lepton_OS,OF
restbkg,2,800.0,1350.0,5.324543603891747,0.9646007483241807,1.597363081167524,1.597363081167524,1.597363081167524,1.597363081167524,2.416703550667557,2.4316509120512864,2.4180032077028466,-25.0,25.0,11.899964263165076,11.889105813344568,-17.700000762939453,17.799999237060547,7.171443574428151,7.21756733646217,-1.2389999628067017,1.2430000305175781,7.171443574428151,7.21756733646217,14.760031738977158,1.3462088577310054,2.1265235232123514,2.1265235232123514,2.1265235232123514,2.1265235232123514,2.416703550667557,2.4316509120512864,0.015164530380139624,-0.00021716899641033294,2.516819537314682,2.516819537314682,2.516819537314682,2.516819537314682,2.516819537314682,2Lepton_OS,OF
restbkg,3,1350.0,5000.0,0.5097934014708257,0.28615463407004377,0.1529380204412477,0.1529380204412477,0.1529380204412477,0.1529380204412477,0.30569928820139763,0.31466576272503294,0.30645369649442633,-19.0,19.0,3.637731245316753,3.628217779908452,-17.700000762939453,17.799999237060547,3.1976711280805796,3.221502791802277,-1.2389999628067017,1.2430000305175781,3.1976711280805796,3.221502791802277,1.176138485877719,0.4148486721964572,0.16909362409421397,0.16909362409421397,0.16909362409421397,0.16909362409421397,0.30569928820139763,0.31466576272503294,0.009216828876485332,-0.00025035435285003516,0.44798669012871234,0.44798669012871234,0.44798669012871234,0.44798669012871234,0.44798669012871234,2Lepton_OS,OF
sm,1,200.0,800.0,11.80682779710775,0.0,0.0,0.0,0.0,0.0,11.80682779710775,11.82626487447103,11.809304316716123,-68.0,68.0,85.4365355557692,85.90747288820822,-17.700000762939453,17.799999237060547,16.750126460219338,16.92976286492988,-1.2389999628067017,1.2430000305175781,16.750126460219338,16.92976286492988,223.97639674913466,6.650159238273003,36.09132169764394,36.091321697643934,36.09132169764394,36.091321697643934,11.80682779710775,11.82626487447103,0.01597430286005211,0.003462774503228516,36.698884448675166,36.698884448675166,36.698884448675166,36.698884448675166,36.698884448675166,2Lepton_OS,OF
sm,2,800.0,1350.0,2.416703550667557,0.0,0.0,0.0,0.0,0.0,2.416703550667557,2.4316509120512864,2.4180032077028466,-25.0,25.0,11.899964263165076,11.889105813344568,-17.700000762939453,17.799999237060547,7.171443574428151,7.21756733646217,-1.2389999628067017,1.2430000305175781,7.171443574428151,7.21756733646217,14.760031738977158,1.3462088577310054,2.1265235232123514,2.1265235232123514,2.1265235232123514,2.1265235232123514,2.416703550667557,2.4316509120512864,0.015164530380139624,-0.00021716899641033294,2.516819537314682,2.516819537314682,2.516819537314682,2.516819537314682,2.516819537314682,2Lepton_OS,OF
sm,3,1350.0,5000.0,0.30569928820139763,0.0,0.0,0.0,0.0,0.0,0.30569928820139763,0.31466576272503294,0.30645369649442633,-19.0,19.0,3.637731245316753,3.628217779908452,-17.700000762939453,17.799999237060547,3.1976711280805796,3.221502791802277,-1.2389999628067017,1.2430000305175781,3.1976711280805796,3.221502791802277,1.176138485877719,0.4148486721964572,0.16909362409421397,0.16909362409421397,0.16909362409421397,0.16909362409421397,0.30569928820139763,0.31466576272503294,0.009216828876485332,-0.00025035435285003516,0.44798669012871234,0.44798669012871234,0.44798669012871234,0.44798669012871234,0.44798669012871234,2Lepton_OS,OF
DY,1,200.0,800.0,346.5992164514756,25.451282900792037,40.64135943351033,40.64135943351033,40.64135943351033,40.64135943351033,9.224408478558676,9.23991001416456,9.226160575401527,-100.0,101.0,147.07175383709273,150.1875624938753,-30.0,29.0,21.59497369699443,20.880959854924093,-1.2389999628067017,1.2430000305175781,21.59497369699443,20.880959854924093,599.5364905969609,26.51845943301718,83.65020368681996,83.65020368681996,83.65020368681996,83.65020368681996,9.224408478558676,9.23991001416456,0.013801732566249742,0.0016998030396333519,87.75297868190599,87.75297868190599,87.75297868190599,87.75297868190599,87.75297868190599,2Lepton_OS,SFnoZ
DY,2,800.0,1050.0,31.942193850957192,7.0824980113439215,19.158467213884233,19.158467213884233,19.158467213884233,19.158467213884233,1.7076391086625182,1.7164023536077588,1.7084626659865032,-66.0,66.0,39.14617093129853,39.16808624947262,-30.0,29.0,9.440156181334327,8.942715695811668,-1.2389999628067017,1.2430000305175781,9.440156181334327,8.942715695811668,55.012088752393055,7.2680150978366145,20.20193068782056,20.20193068782056,20.20193068782056,20.20193068782056,1.7076391086625182,1.7164023536077588,0.008597219807558093,0.0001660251376824906,21.46956094050102,21.46956094050102,21.46956094050102,21.46956094050102,21.46956094050102,2Lepton_OS,SFnoZ
DY,3,1050.0,5000.0,6.182429661072676,4.610277334584801,3.576335531481355,3.5763355314813543,3.5763355314813543,3.576335531481355,0.8198408281756644,0.8327134139436304,0.8208549426242547,-31.0,30.0,13.872600152916506,13.003472282955144,-30.0,29.0,13.044734645962734,12.204102771737812,-1.2389999628067017,1.2430000305175781,13.044734645962734,12.204102771737812,13.998415609530007,4.678806514232945,4.146724010915087,4.146724010915087,4.1467240109150865,4.146724010915088,0.8198408281756644,0.8327134139436304,0.013560291818092528,-0.0006877060501264687,6.2519237375649706,6.2519237375649706,6.2519237375649706,6.251923737564971,6.25192373756497,2Lepton_OS,SFnoZ
restbkg,1,200.0,800.0,243.7128656669266,7.447206818964328,73.113859700078,73.113859700078,73.113859700078,73.113859700078,9.224408478558676,9.23991001416456,9.226160575401527,-100.0,101.0,147.07175383709273,150.1875624938753,-30.0,29.0,21.59497369699443,20.880959854924093,-1.2389999628067017,1.2430000305175781,21.59497369699443,20.880959854924093,599.5364905969609,26.51845943301718,83.65020368681996,83.65020368681996,83.65020368681996,83.65020368681996,9.224408478558676,9.23991001416456,0.013801732566249742,0.0016998030396333519,87.75297868190599,87.75297868190599,87.75297868190599,87.75297868190599,87.75297868190599,2Lepton_OS,SFnoZ
restbkg,2,800.0,1050.0,21.362255792773347,1.631644992542915,6.408676737832003,6.408676737832003,6.408676737832003,6.408676737832003,1.7076391086625182,1.7164023536077588,1.7084626659865032,-66.0,66.0,39.14617093129853,39.16808624947262,-30.0,29.0,9.440156181334327,8.942715695811668,-1.2389999628067017,1.2430000305175781,9.440156181334327,8.942715695811668,55.012088752393055,7.2680150978366145,20.20193068782056,20.20193068782056,20.20193068782056,20.20193068782056,1.7076391086625182,1.7164023536077588,0.008597219807558093,0.0001660251376824906,21.46956094050102,21.46956094050102,21.46956094050102,21.46956094050102,21.46956094050102,2Lepton_OS,SFnoZ
restbkg,3,1050.0,5000.0,6.996145120281667,0.7978554354281892,2.098843536084499,2.0988435360845,2.098843536084499,2.0988435360845,0.8198408281756644,0.8327134139436304,0.8208549426242547,-31.0,30.0,13.872600152916506,13.003472282955144,-30.0,29.0,13.044734645962734,12.204102771737812,-1.2389999628067017,1.2430000305175781,13.044734645962734,12.204102771737812,13.998415609530007,4.678806514232945,4.146724010915087,4.146724010915087,4.1467240109150865,4.146724010915088,0.8198408281756644,0.8327134139436304,0.013560291818092528,-0.0006877060501264687,6.2519237375649706,6.2519237375649706,6.2519237375649706,6.251923737564971,6.25192373756497,2Lepton_OS,SFnoZ
sm,1,200.0,800.0,9.224408478558676,0.0,0.0,0.0,0.0,0.0,9.224408478558676,9.23991001416456,9.226160575401527,-100.0,101.0,147.07175383709273,150.1875624938753,-30.0,29.0,21.59497369699443,20.880959854924093,-1.2389999628067017,1.2430000305175781,21.59497369699443,20.880959854924093,599.5364905969609,26.51845943301718,83.65020368681996,83.65020368681996,83.65020368681996,83.65020368681996,9.224408478558676,9.23991001416456,0.013801732566249742,0.0016998030396333519,87.75297868190599,87.75297868190599,87.75297868190599,87.75297868190599,87.75297868190599,2Lepton_OS,SFnoZ
sm,2,800.0,1050.0,1.7076391086625182,0.0,0.0,0.0,0.0,0.0,1.7076391086625182,1.7164023536077588,1.7084626659865032,-66.0,66.0,39.14617093129853,39.16808624947262,-30.0,29.0,9.440156181334327,8.942715695811668,-1.2389999628067017,1.2430000305175781,9.440156181334327,8.942715695811668,55.012088752393055,7.2680150978366145,20.20193068782056,20.20193068782056,20.20193068782056,20.20193068782056,1.7076391086625182,1.7164023536077588,0.008597219807558093,0.0001660251376824906,21.46956094050102,21.46956094050102,21.46956094050102,21.46956094050102,21.46956094050102,2Lepton_OS,SFnoZ
sm,3,1050.0,5000.0,0.8198408281756644,0.0,0.0,0.0,0.0,0.0,0.8198408281756644,0.8327134139436304,0.8208549426242547,-31.0,30.0,13.872600152916506,13.003472282955144,-30.0,29.0,13.044734645962734,12.204102771737812,-1.2389999628067017,1.2430000305175781,13.044734645962734,12.204102771737812,13.998415609530007,4.678806514232945,4.146724010915087,4.146724010915087,4.1467240109150865,4.146724010915088,0.8198408281756644,0.8327134139436304,0.013560291818092528,-0.0006877060501264687,6.2519237375649706,6.2519237375649706,6.2519237375649706,6.251923737564971,6.25192373756497,2Lepton_OS,SFnoZ
DY,1,200.0,800.0,2013.979839726649,56.99906649481782,39.804770569751554,39.80477056975133,39.80477056975133,39.804770569751554,18.348341515166606,18.398591242718506,18.35438781176551,-100.0,101.0,447.5570774901197,457.6572727280517,-23.0,23.0,40.92497473385299,41.25876412187541,-1.2389999628067017,1.2430000305175781,40.92497473385299,41.25876412187541,2957.3341745989674,58.43463468992619,280.342054742611,280.34205474261097,280.34205474261097,280.342054742611,18.348341515166606,18.398591242718506,0.04299343650793496,0.007256291043965746,286.3673762645708,286.3673762645707,286.3673762645708,286.3673762645708,286.3673762645707,2Lepton_OS,SFZ
DY,2,800.0,1300.0,212.1376979884474,20.184432138393177,17.30675249810821,17.30675249810821,17.30675249810821,17.30675249810821,6.116150059110248,6.1676598053232885,6.121695458007234,-49.0,49.0,119.17996377547294,119.60440725311888,-23.0,23.0,30.97406295212971,31.173291523269643,-1.2389999628067017,1.2430000305175781,30.97406295212971,31.173291523269643,395.3069434813176,20.960689789930694,55.864349600363425,55.864349600363425,55.864349600363425,55.864349600363425,6.116150059110248,6.1676598053232885,0.04717869031869457,0.004331055894346569,59.667211035386345,59.667211035386345,59.667211035386345,59.667211035386345,59.667211035386345,2Lepton_OS,SFZ
DY,3,1300.0,5000.0,3.64477712765617,2.712487483453887,0.3843335079082757,0.3843335079082757,0.3843335079082757,0.3843335079082757,0.8069959349827515,0.8285935876593038,0.8091664894062326,-25.0,25.0,13.603635078378211,13.657626907566653,-23.0,23.0,11.636084406638533,11.6857568894919,-1.2389999628067017,1.2430000305175781,11.636084406638533,11.6857568894919,16.804408266947945,2.982107667670704,3.7256671791059377,3.7256671791059377,3.7256671791059377,3.7256671791059377,0.8069959349827515,0.8285935876593038,0.020517816092783487,0.0010798365837688673,4.772165344060032,4.772165344060032,4.772165344060032,4.772165344060032,4.772165344060032,2Lepton_OS,SFZ
restbkg,1,200.0,800.0,925.0059933571515,12.872954208901021,277.50179800714545,277.50179800714545,277.50179800714545,277.50179800714545,18.348341515166606,18.398591242718506,18.35438781176551,-100.0,101.0,447.5570774901197,457.6572727280517,-23.0,23.0,40.92497473385299,41.25876412187541,-1.2389999628067017,1.2430000305175781,40.92497473385299,41.25876412187541,2957.3341745989674,58.43463468992619,280.342054742611,280.34205474261097,280.34205474261097,280.342054742611,18.348341515166606,18.398591242718506,0.04299343650793496,0.007256291043965746,286.3673762645708,286.3673762645707,286.3673762645708,286.3673762645708,286.3673762645707,2Lepton_OS,SFZ
restbkg,2,800.0,1300.0,177.05309543375998,5.651479073685532,53.115928630127996,53.115928630127996,53.115928630127996,53.115928630127996,6.116150059110248,6.1676598053232885,6.121695458007234,-49.0,49.0,119.17996377547294,119.60440725311888,-23.0,23.0,30.97406295212971,31.173291523269643,-1.2389999628067017,1.2430000305175781,30.97406295212971,31.173291523269643,395.3069434813176,20.960689789930694,55.864349600363425,55.864349600363425,55.864349600363425,55.864349600363425,6.116150059110248,6.1676598053232885,0.04717869031869457,0.004331055894346569,59.667211035386345,59.667211035386345,59.667211035386345,59.667211035386345,59.667211035386345,2Lepton_OS,SFZ
restbkg,3,1300.0,5000.0,12.352635204309022,1.2391036250800032,3.705790561292707,3.705790561292707,3.705790561292707,3.705790561292707,0.8069959349827515,0.8285935876593038,0.8091664894062326,-25.0,25.0,13.603635078378211,13.657626907566653,-23.0,23.0,11.636084406638533,11.6857568894919,-1.2389999628067017,1.2430000305175781,11.636084406638533,11.6857568894919,16.804408266947945,2.982107667670704,3.7256671791059377,3.7256671791059377,3.7256671791059377,3.7256671791059377,0.8069959349827515,0.8285935876593038,0.020517816092783487,0.0010798365837688673,4.772165344060032,4.772165344060032,4.772165344060032,4.772165344060032,4.772165344060032,2Lepton_OS,SFZ
sm,1,200.0,800.0,18.348341515166606,0.0,0.0,0.0,0.0,0.0,18.348341515166606,18.398591242718506,18.35438781176551,-100.0,101.0,447.5570774901197,457.6572727280517,-23.0,23.0,40.92497473385299,41.25876412187541,-1.2389999628067017,1.2430000305175781,40.92497473385299,41.25876412187541,2957.3341745989674,58.43463468992619,280.342054742611,280.34205474261097,280.34205474261097,280.342054742611,18.348341515166606,18.398591242718506,0.04299343650793496,0.007256291043965746,286.3673762645708,286.3673762645707,286.3673762645708,286.3673762645708,286.3673762645707,2Lepton_OS,SFZ
sm,2,800.0,1300.0,6.116150059110248,0.0,0.0,0.0,0.0,0.0,6.116150059110248,6.1676598053232885,6.121695458007234,-49.0,49.0,119.17996377547294,119.60440725311888,-23.0,23.0,30.97406295212971,31.173291523269643,-1.2389999628067017,1.2430000305175781,30.97406295212971,31.173291523269643,395.3069434813176,20.960689789930694,55.864349600363425,55.864349600363425,55.864349600363425,55.864349600363425,6.116150059110248,6.1676598053232885,0.04717869031869457,0.004331055894346569,59.667211035386345,59.667211035386345,59.667211035386345,59.667211035386345,59.667211035386345,2Lepton_OS,SFZ
sm,3,1300.0,5000.0,0.8069959349827515,0.0,0.0,0.0,0.0,0.0,0.8069959349827515,0.8285935876593038,0.8091664894062326,-25.0,25.0,13.603635078378211,13.657626907566653,-23.0,23.0,11.636084406638533,11.6857568894919,-1.2389999628067017,1.2430000305175781,11.636084406638533,11.6857568894919,16.804408266947945,2.982107667670704,3.7256671791059377,3.7256671791059377,3.7256671791059377,3.7256671791059377,0.8069959349827515,0.8285935876593038,0.020517816092783487,0.0010798365837688673,4.772165344060032,4.772165344060032,4.772165344060032,4.772165344060032,4.772165344060032,2Lepton_OS,SFZ
DY,1,0.0,800.0,1.1254503726959229,0.42484308318391706,0.07117266583705402,0.0587897702724257,0.05910906217944549,0.07090771621836366,5.066952228546143,5.06803560256958,5.066997491486836,-100.0,101.0,18.4132223976776,18.630980576388538,-36.0,36.0,6.802360395900905,6.784449291415513,-1.2389999628067017,1.2430000305175781,6.802360395900905,6.784449291415513,39.248530849814415,2.176300325770671,1.0173597761905586,1.186540965440344,1.1976184265157974,1.0042960128111795,5.066952228546143,5.06803560256958,0.0013321393635123968,-0.0002487653400748968,2.439380603286383,2.4787421347565846,2.4023538503226436,2.3968507649200776,2.4840638082544704,2Lepton_SS,1FJ
DY,2,800.0,1400.0,0.48902297019958496,0.189549943448586,0.04086098114925741,0.037132827862689996,0.0377816859194353,0.04026177957623434,4.150169372558594,4.152922630310059,4.150319618913345,-54.0,54.0,13.558260039426386,13.508093091659248,-36.0,36.0,8.337117107585073,8.303672475740314,-1.2389999628067017,1.2430000305175781,8.337117107585073,8.303672475740314,15.527781069278717,1.392912656607569,0.519029117432943,0.7864719482183077,0.46601167738852384,0.8190008953688969,4.150169372558594,4.152922630310059,0.0032177665270864964,-0.0004645087756216526,1.5382746591690617,1.599607387539785,1.4864712892218184,1.6158490447911926,1.46879969784856,2Lepton_SS,1FJ
DY,3,1400.0,1500.0,0.11914192885160446,0.1069846869242944,0.11575890395220176,0.11576963433017065,0.01234371949280543,0.16324939407617853,0.9247208833694458,0.9267231822013855,0.924849486637395,-40.0,40.0,4.531398767605424,4.511740243062377,-36.0,36.0,3.847014603205025,3.829321931116283,-1.2389999628067017,1.2430000305175781,3.847014603205025,3.829321931116283,1.269330870360136,0.1552188105545839,0.12474690263961348,0.12549122090926332,0.03527626930618829,0.17339383226433405,0.9247208833694458,0.9267231822013855,0.002248030388727784,-0.0002457315567880869,0.19936814883349732,0.19960191801502644,0.1991348007460198,0.23271935935218585,0.15917692774438927,2Lepton_SS,1FJ
TTbar,1,0.0,800.0,23.252288818359375,1.6187582259403654,0.9422647099284603,1.119226150949903,1.1306949675001094,0.9284712440440076,5.066952228546143,5.06803560256958,5.066997491486836,-100.0,101.0,18.4132223976776,18.630980576388538,-36.0,36.0,6.802360395900905,6.784449291415513,-1.2389999628067017,1.2430000305175781,6.802360395900905,6.784449291415513,39.248530849814415,2.176300325770671,1.0173597761905586,1.186540965440344,1.1976184265157974,1.0042960128111795,5.066952228546143,5.06803560256958,0.0013321393635123968,-0.0002487653400748968,2.439380603286383,2.4787421347565846,2.4023538503226436,2.3968507649200776,2.4840638082544704,2Lepton_SS,1FJ
TTbar,2,800.0,1400.0,4.07717752456665,0.6839195691734667,0.4386350105718748,0.72925976220676,0.3799880874983707,0.761465381112352,4.150169372558594,4.152922630310059,4.150319618913345,-54.0,54.0,13.558260039426386,13.508093091659248,-36.0,36.0,8.337117107585073,8.303672475740314,-1.2389999628067017,1.2430000305175781,8.337117107585073,8.303672475740314,15.527781069278717,1.392912656607569,0.519029117432943,0.7864719482183077,0.46601167738852384,0.8190008953688969,4.150169372558594,4.152922630310059,0.0032177665270864964,-0.0004645087756216526,1.5382746591690617,1.599607387539785,1.4864712892218184,1.6158490447911926,1.46879969784856,2Lepton_SS,1FJ
TTbar,3,1400.0,1500.0,0.0,0.0,0.0,0.0,0.0,0.0,0.9247208833694458,0.9267231822013855,0.924849486637395,-40.0,40.0,4.531398767605424,4.511740243062377,-36.0,36.0,3.847014603205025,3.829321931116283,-1.2389999628067017,1.2430000305175781,3.847014603205025,3.829321931116283,1.269330870360136,0.1552188105545839,0.12474690263961348,0.12549122090926332,0.03527626930618829,0.17339383226433405,0.9247208833694458,0.9267231822013855,0.002248030388727784,-0.0002457315567880869,0.19936814883349732,0.19960191801502644,0.1991348007460198,0.23271935935218585,0.15917692774438927,2Lepton_SS,1FJ
WJets,1,0.0,800.0,1.4287790060043335,1.07866465822216,0.08128708442195239,0.06196953149447845,0.06229219781329968,0.0810400827927484,5.066952228546143,5.06803560256958,5.066997491486836,-100.0,101.0,18.4132223976776,18.630980576388538,-36.0,36.0,6.802360395900905,6.784449291415513,-1.2389999628067017,1.2430000305175781,6.802360395900905,6.784449291415513,39.248530849814415,2.176300325770671,1.0173597761905586,1.186540965440344,1.1976184265157974,1.0042960128111795,5.066952228546143,5.06803560256958,0.0013321393635123968,-0.0002487653400748968,2.439380603286383,2.4787421347565846,2.4023538503226436,2.3968507649200776,2.4840638082544704,2Lepton_SS,1FJ
WJets,2,800.0,1400.0,1.1145241260528564,0.9967683595667578,0.08958131549107194,0.09791948313818588,0.09796932792222182,0.08952680073379482,4.150169372558594,4.152922630310059,4.150319618913345,-54.0,54.0,13.558260039426386,13.508093091659248,-36.0,36.0,8.337117107585073,8.303672475740314,-1.2389999628067017,1.2430000305175781,8.337117107585073,8.303672475740314,15.527781069278717,1.392912656607569,0.519029117432943,0.7864719482183077,0.46601167738852384,0.8190008953688969,4.150169372558594,4.152922630310059,0.0032177665270864964,-0.0004645087756216526,1.5382746591690617,1.599607387539785,1.4864712892218184,1.6158490447911926,1.46879969784856,2Lepton_SS,1FJ
WJets,3,1400.0,1500.0,0.0,0.0,0.0,0.0,0.0,0.0,0.9247208833694458,0.9267231822013855,0.924849486637395,-40.0,40.0,4.531398767605424,4.511740243062377,-36.0,36.0,3.847014603205025,3.829321931116283,-1.2389999628067017,1.2430000305175781,3.847014603205025,3.829321931116283,1.269330870360136,0.1552188105545839,0.12474690263961348,0.12549122090926332,0.03527626930618829,0.17339383226433405,0.9247208833694458,0.9267231822013855,0.002248030388727784,-0.0002457315567880869,0.19936814883349732,0.19960191801502644,0.1991348007460198,0.23271935935218585,0.15917692774438927,2Lepton_SS,1FJ
WW,1,0.0,800.0,1.4745253324508667,0.2486005371612035,0.04706102864324287,0.03877284738303744,0.03908252810058014,0.04680416763938659,5.066952228546143,5.06803560256958,5.066997491486836,-100.0,101.0,18.4132223976776,18.630980576388538,-36.0,36.0,6.802360395900905,6.784449291415513,-1.2389999628067017,1.2430000305175781,6.802360395900905,6.784449291415513,39.248530849814415,2.176300325770671,1.0173597761905586,1.186540965440344,1.1976184265157974,1.0042960128111795,5.066952228546143,5.06803560256958,0.0013321393635123968,-0.0002487653400748968,2.439380603286383,2.4787421347565846,2.4023538503226436,2.3968507649200776,2.4840638082544704,2Lepton_SS,1FJ
WW,2,800.0,1400.0,0.758755624294281,0.14388952896504356,0.0362398913709977,0.026124444349839286,0.03628806808658793,0.026057483257458342,4.150169372558594,4.152922630310059,4.150319618913345,-54.0,54.0,13.558260039426386,13.508093091659248,-36.0,36.0,8.337117107585073,8.303672475740314,-1.2389999628067017,1.2430000305175781,8.337117107585073,8.303672475740314,15.527781069278717,1.392912656607569,0.519029117432943,0.7864719482183077,0.46601167738852384,0.8190008953688969,4.150169372558594,4.152922630310059,0.0032177665270864964,-0.0004645087756216526,1.5382746591690617,1.599607387539785,1.4864712892218184,1.6158490447911926,1.46879969784856,2Lepton_SS,1FJ
WW,3,1400.0,1500.0,0.062029242515563965,0.015065783230325487,0.03329170201733618,0.029680943312520126,0.003130543147236875,0.044491521874795735,0.9247208833694458,0.9267231822013855,0.924849486637395,-40.0,40.0,4.531398767605424,4.511740243062377,-36.0,36.0,3.847014603205025,3.829321931116283,-1.2389999628067017,1.2430000305175781,3.847014603205025,3.829321931116283,1.269330870360136,0.1552188105545839,0.12474690263961348,0.12549122090926332,0.03527626930618829,0.17339383226433405,0.9247208833694458,0.9267231822013855,0.002248030388727784,-0.0002457315567880869,0.19936814883349732,0.19960191801502644,0.1991348007460198,0.23271935935218585,0.15917692774438927,2Lepton_SS,1FJ
WZ,1,0.0,800.0,3.7708964347839355,0.8247653700005667,0.3196767948637101,0.3433294027958719,0.34337424924088666,0.3196286234941453,5.066952228546143,5.06803560256958,5.066997491486836,-100.0,101.0,18.4132223976776,18.630980576388538,-36.0,36.0,6.802360395900905,6.784449291415513,-1.2389999628067017,1.2430000305175781,6.802360395900905,6.784449291415513,39.248530849814415,2.176300325770671,1.0173597761905586,1.186540965440344,1.1976184265157974,1.0042960128111795,5.066952228546143,5.06803560256958,0.0013321393635123968,-0.0002487653400748968,2.439380603286383,2.4787421347565846,2.4023538503226436,2.3968507649200776,2.4840638082544704,2Lepton_SS,1FJ
WZ,2,800.0,1400.0,3.1420092582702637,0.6349669741412581,0.20516904288086807,0.2304476522450185,0.18595085505822234,0.2462168476871728,4.150169372558594,4.152922630310059,4.150319618913345,-54.0,54.0,13.558260039426386,13.508093091659248,-36.0,36.0,8.337117107585073,8.303672475740314,-1.2389999628067017,1.2430000305175781,8.337117107585073,8.303672475740314,15.527781069278717,1.392912656607569,0.519029117432943,0.7864719482183077,0.46601167738852384,0.8190008953688969,4.150169372558594,4.152922630310059,0.0032177665270864964,-0.0004645087756216526,1.5382746591690617,1.599607387539785,1.4864712892218184,1.6158490447911926,1.46879969784856,2Lepton_SS,1FJ
WZ,3,1400.0,1500.0,0.10526532679796219,0.10526532969326552,0.02912960202622661,0.032493524169391455,0.029129849357412325,0.03249330244169769,0.9247208833694458,0.9267231822013855,0.924849486637395,-40.0,40.0,4.531398767605424,4.511740243062377,-36.0,36.0,3.847014603205025,3.829321931116283,-1.2389999628067017,1.2430000305175781,3.847014603205025,3.829321931116283,1.269330870360136,0.1552188105545839,0.12474690263961348,0.12549122090926332,0.03527626930618829,0.17339383226433405,0.9247208833694458,0.9267231822013855,0.002248030388727784,-0.0002457315567880869,0.19936814883349732,0.19960191801502644,0.1991348007460198,0.23271935935218585,0.15917692774438927,2Lepton_SS,1FJ
ZZ,1,0.0,800.0,0.1262976974248886,0.014973353590952022,0.0039154464637166965,0.0037849920025029003,0.003833454184251265,0.003868011696788024,5.066952228546143,5.06803560256958,5.066997491486836,-100.0,101.0,18.4132223976776,18.630980576388538,-36.0,36.0,6.802360395900905,6.784449291415513,-1.2389999628067017,1.2430000305175781,6.802360395900905,6.784449291415513,39.248530849814415,2.176300325770671,1.0173597761905586,1.186540965440344,1.1976184265157974,1.0042960128111795,5.066952228546143,5.06803560256958,0.0013321393635123968,-0.0002487653400748968,2.439380603286383,2.4787421347565846,2.4023538503226436,2.3968507649200776,2.4840638082544704,2Lepton_SS,1FJ
ZZ,2,800.0,1400.0,0.04019153118133545,0.008286784841899491,0.0015547634936017448,0.0017995963699488997,0.0018120999252213767,0.001540172223091509,4.150169372558594,4.152922630310059,4.150319618913345,-54.0,54.0,13.558260039426386,13.508093091659248,-36.0,36.0,8.337117107585073,8.303672475740314,-1.2389999628067017,1.2430000305175781,8.337117107585073,8.303672475740314,15.527781069278717,1.392912656607569,0.519029117432943,0.7864719482183077,0.46601167738852384,0.8190008953688969,4.150169372558594,4.152922630310059,0.0032177665270864964,-0.0004645087756216526,1.5382746591690617,1.599607387539785,1.4864712892218184,1.6158490447911926,1.46879969784856,2Lepton_SS,1FJ
ZZ,3,1400.0,1500.0,0.0,0.0,0.0,0.0,0.0,0.0,0.9247208833694458,0.9267231822013855,0.924849486637395,-40.0,40.0,4.531398767605424,4.511740243062377,-36.0,36.0,3.847014603205025,3.829321931116283,-1.2389999628067017,1.2430000305175781,3.847014603205025,3.829321931116283,1.269330870360136,0.1552188105545839,0.12474690263961348,0.12549122090926332,0.03527626930618829,0.17339383226433405,0.9247208833694458,0.9267231822013855,0.002248030388727784,-0.0002457315567880869,0.19936814883349732,0.19960191801502644,0.1991348007460198,0.23271935935218585,0.15917692774438927,2Lepton_SS,1FJ
ttV,1,0.0,800.0,3.00334095954895,0.17213796712640575,0.17624320657959636,0.16888779438675164,0.1702837997124162,0.17489477554741795,5.066952228546143,5.06803560256958,5.066997491486836,-100.0,101.0,18.4132223976776,18.630980576388538,-36.0,36.0,6.802360395900905,6.784449291415513,-1.2389999628067017,1.2430000305175781,6.802360395900905,6.784449291415513,39.248530849814415,2.176300325770671,1.0173597761905586,1.186540965440344,1.1976184265157974,1.0042960128111795,5.066952228546143,5.06803560256958,0.0013321393635123968,-0.0002487653400748968,2.439380603286383,2.4787421347565846,2.4023538503226436,2.3968507649200776,2.4840638082544704,2Lepton_SS,1FJ
ttV,2,800.0,1400.0,1.7559306621551514,0.1379399236822475,0.15455108283504804,0.14818706729126932,0.16078763549747732,0.1413958287539043,4.150169372558594,4.152922630310059,4.150319618913345,-54.0,54.0,13.558260039426386,13.508093091659248,-36.0,36.0,8.337117107585073,8.303672475740314,-1.2389999628067017,1.2430000305175781,8.337117107585073,8.303672475740314,15.527781069278717,1.392912656607569,0.519029117432943,0.7864719482183077,0.46601167738852384,0.8190008953688969,4.150169372558594,4.152922630310059,0.0032177665270864964,-0.0004645087756216526,1.5382746591690617,1.599607387539785,1.4864712892218184,1.6158490447911926,1.46879969784856,2Lepton_SS,1FJ
ttV,3,1400.0,1500.0,0.058173488825559616,0.036597656399221454,0.014310651157256283,0.020215112749827617,0.015287228043808672,0.019487077224907622,0.9247208833694458,0.9267231822013855,0.924849486637395,-40.0,40.0,4.531398767605424,4.511740243062377,-36.0,36.0,3.847014603205025,3.829321931116283,-1.2389999628067017,1.2430000305175781,3.847014603205025,3.829321931116283,1.269330870360136,0.1552188105545839,0.12474690263961348,0.12549122090926332,0.03527626930618829,0.17339383226433405,0.9247208833694458,0.9267231822013855,0.002248030388727784,-0.0002457315567880869,0.19936814883349732,0.19960191801502644,0.1991348007460198,0.23271935935218585,0.15917692774438927,2Lepton_SS,1FJ
sm,1,0.0,800.0,5.066952228546143,0.0,0.0,0.0,0.0,0.0,5.066952228546143,5.06803560256958,5.066997491486836,-100.0,101.0,18.4132223976776,18.630980576388538,-36.0,36.0,6.802360395900905,6.784449291415513,-1.2389999628067017,1.2430000305175781,6.802360395900905,6.784449291415513,39.248530849814415,2.176300325770671,1.0173597761905586,1.186540965440344,1.1976184265157974,1.0042960128111795,5.066952228546143,5.06803560256958,0.0013321393635123968,-0.0002487653400748968,2.439380603286383,2.4787421347565846,2.4023538503226436,2.3968507649200776,2.4840638082544704,2Lepton_SS,1FJ
sm,2,800.0,1400.0,4.150169372558594,0.0,0.0,0.0,0.0,0.0,4.150169372558594,4.152922630310059,4.150319618913345,-54.0,54.0,13.558260039426386,13.508093091659248,-36.0,36.0,8.337117107585073,8.303672475740314,-1.2389999628067017,1.2430000305175781,8.337117107585073,8.303672475740314,15.527781069278717,1.392912656607569,0.519029117432943,0.7864719482183077,0.46601167738852384,0.8190008953688969,4.150169372558594,4.152922630310059,0.0032177665270864964,-0.0004645087756216526,1.5382746591690617,1.599607387539785,1.4864712892218184,1.6158490447911926,1.46879969784856,2Lepton_SS,1FJ
sm,3,1400.0,1500.0,0.9247208833694458,0.0,0.0,0.0,0.0,0.0,0.9247208833694458,0.9267231822013855,0.924849486637395,-40.0,40.0,4.531398767605424,4.511740243062377,-36.0,36.0,3.847014603205025,3.829321931116283,-1.2389999628067017,1.2430000305175781,3.847014603205025,3.829321931116283,1.269330870360136,0.1552188105545839,0.12474690263961348,0.12549122090926332,0.03527626930618829,0.17339383226433405,0.9247208833694458,0.9267231822013855,0.002248030388727784,-0.0002457315567880869,0.19936814883349732,0.19960191801502644,0.1991348007460198,0.23271935935218585,0.15917692774438927,2Lepton_SS,1FJ
