process,bin,bin_low,bin_high,yield,MCstat,syst_quadrature_Up,syst_quadrature_Down,syst_quadrature_Increase,syst_quadrature_Decrease,yield_sm,yield_cT0_at_1,yield_cT0_at_0p3,cT0_95CL_LL,cT0_95CL_UL,yield_cT0_95CL_LL,yield_cT0_95CL_UL,comb_cT0_95CL_LL,comb_cT0_95CL_UL,comb_yield_cT0_95CL_LL,comb_yield_cT0_95CL_UL,all_comb_cT0_95CL_LL,all_comb_cT0_95CL_UL,all_comb_yield_cT0_95CL_LL,all_comb_yield_cT0_95CL_UL,total_bkg,total_MCstat,total_syst_Up,total_syst_Down,total_syst_Increase,total_syst_Decrease,sm_cT0,sm_lin_quad_cT0,quad_cT0,lin_cT0,total_unc,total_unc_Down,total_unc_Up,total_unc_Decrease,total_unc_Increase,channel,subchannel
DY,1,1100.0,2000.0,443.1930925399065,5.4536324549772415,0.0,0.0,0.0,0.0,34.239728954605575,113.28707973554195,42.20408940782643,-1.944800005905371,1.8922076990939671,310.0327377776303,310.43065765781535,-0.29626388108340246,0.293157807068117,39.62328279108233,41.87200708376172,-0.1612602040586097,0.15638252435670458,39.62328279108233,41.87200708376172,15944.0555032107,61.51704064880988,0.0,0.0,0.0,0.0,34.239728954605575,113.28707973554195,74.99926086219075,4.0480899187456245,61.51704064880988,61.51704064880988,61.51704064880988,61.51704064880988,61.51704064880988,0Lepton_2FJ,
DY,2,2000.0,2500.0,8.933295916765928,0.7700998897727057,0.0,0.0,0.0,0.0,1.6237681012322072,44.809823195173145,5.6615210367616715,-0.9005503246651319,0.883589386056669,35.41652059083037,35.414390225839185,-0.29626388108340246,0.293157807068117,5.1381520529847196,5.484248712063608,-0.1612602040586097,0.15638252435670458,5.1381520529847196,5.484248712063608,223.2300784357421,7.474540523752163,0.0,0.0,0.0,0.0,1.6237681012322072,44.809823195173145,42.46696948882293,0.7190856051180048,7.474540523752163,7.474540523752163,7.474540523752163,7.474540523752163,7.474540523752163,0Lepton_2FJ,
DY,3,2500.0,3000.0,2.14450765773654,0.37965750579301,0.0,0.0,0.0,0.0,0.35708825528629284,35.453231360218744,3.5670463714541096,-0.6419684675222568,0.6349584474887537,14.563508156603984,14.563506378304842,-0.29626388108340246,0.293157807068117,3.343732882404336,3.423928583427708,-0.1612602040586097,0.15638252435670458,3.343732882404336,3.423928583427708,36.40899242328101,2.8784170650494194,0.0,0.0,0.0,0.0,0.35708825528629284,35.453231360218744,34.85183245386628,0.2443106510661719,2.8784170650494194,2.8784170650494194,2.8784170650494194,2.8784170650494194,2.8784170650494194,0Lepton_2FJ,
DY,4,3000.0,3500.0,0.5416109599173069,0.183404084825355,0.0,0.0,0.0,0.0,0.13929670924224488,91.52730042135799,8.414304939970053,-0.3017349080287464,0.29911855129757864,8.365938804878038,8.365959361288807,-0.29626388108340246,0.293157807068117,8.069032897507695,8.04274276361395,-0.1612602040586097,0.15638252435670458,8.069032897507695,8.04274276361395,10.670563412820165,1.532332711454587,0.0,0.0,0.0,0.0,0.13929670924224488,91.52730042135799,91.14948991860436,0.23851379351138782,1.532332711454587,1.532332711454587,1.532332711454587,1.532332711454587,1.532332711454587,0Lepton_2FJ,
QCD,1,1100.0,2000.0,10486.996347805885,55.32642892419974,0.0,0.0,0.0,0.0,34.239728954605575,113.28707973554195,42.20408940782643,-1.944800005905371,1.8922076990939671,310.0327377776303,310.43065765781535,-0.29626388108340246,0.293157807068117,39.62328279108233,41.87200708376172,-0.1612602040586097,0.15638252435670458,39.62328279108233,41.87200708376172,15944.0555032107,61.51704064880988,0.0,0.0,0.0,0.0,34.239728954605575,113.28707973554195,74.99926086219075,4.0480899187456245,61.51704064880988,61.51704064880988,61.51704064880988,61.51704064880988,61.51704064880988,0Lepton_2FJ,
QCD,2,2000.0,2500.0,109.90889079844273,6.189261349353989,0.0,0.0,0.0,0.0,1.6237681012322072,44.809823195173145,5.6615210367616715,-0.9005503246651319,0.883589386056669,35.41652059083037,35.414390225839185,-0.29626388108340246,0.293157807068117,5.1381520529847196,5.484248712063608,-0.1612602040586097,0.15638252435670458,5.1381520529847196,5.484248712063608,223.2300784357421,7.474540523752163,0.0,0.0,0.0,0.0,1.6237681012322072,44.809823195173145,42.46696948882293,0.7190856051180048,7.474540523752163,7.474540523752163,7.474540523752163,7.474540523752163,7.474540523752163,0Lepton_2FJ,
QCD,3,2500.0,3000.0,14.926109792461137,2.2046495787936244,0.0,0.0,0.0,0.0,0.35708825528629284,35.453231360218744,3.5670463714541096,-0.6419684675222568,0.6349584474887537,14.563508156603984,14.563506378304842,-0.29626388108340246,0.293157807068117,3.343732882404336,3.423928583427708,-0.1612602040586097,0.15638252435670458,3.343732882404336,3.423928583427708,36.40899242328101,2.8784170650494194,0.0,0.0,0.0,0.0,0.35708825528629284,35.453231360218744,34.85183245386628,0.2443106510661719,2.8784170650494194,2.8784170650494194,2.8784170650494194,2.8784170650494194,2.8784170650494194,0Lepton_2FJ,
QCD,4,3000.0,3500.0,4.679726703210824,1.197752604994411,0.0,0.0,0.0,0.0,0.13929670924224488,91.52730042135799,8.414304939970053,-0.3017349080287464,0.29911855129757864,8.365938804878038,8.365959361288807,-0.29626388108340246,0.293157807068117,8.069032897507695,8.04274276361395,-0.1612602040586097,0.15638252435670458,8.069032897507695,8.04274276361395,10.670563412820165,1.532332711454587,0.0,0.0,0.0,0.0,0.13929670924224488,91.52730042135799,91.14948991860436,0.23851379351138782,1.532332711454587,1.532332711454587,1.532332711454587,1.532332711454587,1.532332711454587,0Lepton_2FJ,
TTbar,1,1100.0,2000.0,2405.548857793212,16.446954564075778,0.0,0.0,0.0,0.0,34.239728954605575,113.28707973554195,42.20408940782643,-1.944800005905371,1.8922076990939671,310.0327377776303,310.43065765781535,-0.29626388108340246,0.293157807068117,39.62328279108233,41.87200708376172,-0.1612602040586097,0.15638252435670458,39.62328279108233,41.87200708376172,15944.0555032107,61.51704064880988,0.0,0.0,0.0,0.0,34.239728954605575,113.28707973554195,74.99926086219075,4.0480899187456245,61.51704064880988,61.51704064880988,61.51704064880988,61.51704064880988,61.51704064880988,0Lepton_2FJ,
TTbar,2,2000.0,2500.0,36.168331917375326,2.0751734249051683,0.0,0.0,0.0,0.0,1.6237681012322072,44.809823195173145,5.6615210367616715,-0.9005503246651319,0.883589386056669,35.41652059083037,35.414390225839185,-0.29626388108340246,0.293157807068117,5.1381520529847196,5.484248712063608,-0.1612602040586097,0.15638252435670458,5.1381520529847196,5.484248712063608,223.2300784357421,7.474540523752163,0.0,0.0,0.0,0.0,1.6237681012322072,44.809823195173145,42.46696948882293,0.7190856051180048,7.474540523752163,7.474540523752163,7.474540523752163,7.474540523752163,7.474540523752163,0Lepton_2FJ,
TTbar,3,2500.0,3000.0,5.822826702147722,0.7932122228369981,0.0,0.0,0.0,0.0,0.35708825528629284,35.453231360218744,3.5670463714541096,-0.6419684675222568,0.6349584474887537,14.563508156603984,14.563506378304842,-0.29626388108340246,0.293157807068117,3.343732882404336,3.423928583427708,-0.1612602040586097,0.15638252435670458,3.343732882404336,3.423928583427708,36.40899242328101,2.8784170650494194,0.0,0.0,0.0,0.0,0.35708825528629284,35.453231360218744,34.85183245386628,0.2443106510661719,2.8784170650494194,2.8784170650494194,2.8784170650494194,2.8784170650494194,2.8784170650494194,0Lepton_2FJ,
TTbar,4,3000.0,3500.0,1.3927788622677326,0.3782020039470605,0.0,0.0,0.0,0.0,0.13929670924224488,91.52730042135799,8.414304939970053,-0.3017349080287464,0.29911855129757864,8.365938804878038,8.365959361288807,-0.29626388108340246,0.293157807068117,8.069032897507695,8.04274276361395,-0.1612602040586097,0.15638252435670458,8.069032897507695,8.04274276361395,10.670563412820165,1.532332711454587,0.0,0.0,0.0,0.0,0.13929670924224488,91.52730042135799,91.14948991860436,0.23851379351138782,1.532332711454587,1.532332711454587,1.532332711454587,1.532332711454587,1.532332711454587,0Lepton_2FJ,
WJets,1,1100.0,2000.0,1377.3680602400855,11.487063777598474,0.0,0.0,0.0,0.0,34.239728954605575,113.28707973554195,42.20408940782643,-1.944800005905371,1.8922076990939671,310.0327377776303,310.43065765781535,-0.29626388108340246,0.293157807068117,39.62328279108233,41.87200708376172,-0.1612602040586097,0.15638252435670458,39.62328279108233,41.87200708376172,15944.0555032107,61.51704064880988,0.0,0.0,0.0,0.0,34.239728954605575,113.28707973554195,74.99926086219075,4.0480899187456245,61.51704064880988,61.51704064880988,61.51704064880988,61.51704064880988,61.51704064880988,0Lepton_2FJ,
WJets,2,2000.0,2500.0,27.586104618152604,1.6326704450275293,0.0,0.0,0.0,0.0,1.6237681012322072,44.809823195173145,5.6615210367616715,-0.9005503246651319,0.883589386056669,35.41652059083037,35.414390225839185,-0.29626388108340246,0.293157807068117,5.1381520529847196,5.484248712063608,-0.1612602040586097,0.15638252435670458,5.1381520529847196,5.484248712063608,223.2300784357421,7.474540523752163,0.0,0.0,0.0,0.0,1.6237681012322072,44.809823195173145,42.46696948882293,0.7190856051180048,7.474540523752163,7.474540523752163,7.474540523752163,7.474540523752163,7.474540523752163,0Lepton_2FJ,
WJets,3,2500.0,3000.0,4.344207974485471,0.6476899967839551,0.0,0.0,0.0,0.0,0.35708825528629284,35.453231360218744,3.5670463714541096,-0.6419684675222568,0.6349584474887537,14.563508156603984,14.563506378304842,-0.29626388108340246,0.293157807068117,3.343732882404336,3.423928583427708,-0.1612602040586097,0.15638252435670458,3.343732882404336,3.423928583427708,36.40899242328101,2.8784170650494194,0.0,0.0,0.0,0.0,0.35708825528629284,35.453231360218744,34.85183245386628,0.2443106510661719,2.8784170650494194,2.8784170650494194,2.8784170650494194,2.8784170650494194,2.8784170650494194,0Lepton_2FJ,
WJets,4,3000.0,3500.0,1.0306387416349025,0.3118642947060499,0.0,0.0,0.0,0.0,0.13929670924224488,91.52730042135799,8.414304939970053,-0.3017349080287464,0.29911855129757864,8.365938804878038,8.365959361288807,-0.29626388108340246,0.293157807068117,8.069032897507695,8.04274276361395,-0.1612602040586097,0.15638252435670458,8.069032897507695,8.04274276361395,10.670563412820165,1.532332711454587,0.0,0.0,0.0,0.0,0.13929670924224488,91.52730042135799,91.14948991860436,0.23851379351138782,1.532332711454587,1.532332711454587,1.532332711454587,1.532332711454587,1.532332711454587,0Lepton_2FJ,
WW,1,1100.0,2000.0,405.1505524814129,9.662213621472555,0.0,0.0,0.0,0.0,34.239728954605575,113.28707973554195,42.20408940782643,-1.944800005905371,1.8922076990939671,310.0327377776303,310.43065765781535,-0.29626388108340246,0.293157807068117,39.62328279108233,41.87200708376172,-0.1612602040586097,0.15638252435670458,39.62328279108233,41.87200708376172,15944.0555032107,61.51704064880988,0.0,0.0,0.0,0.0,34.239728954605575,113.28707973554195,74.99926086219075,4.0480899187456245,61.51704064880988,61.51704064880988,61.51704064880988,61.51704064880988,61.51704064880988,0Lepton_2FJ,
WW,2,2000.0,2500.0,12.557186089456081,1.685212365271094,0.0,0.0,0.0,0.0,1.6237681012322072,44.809823195173145,5.6615210367616715,-0.9005503246651319,0.883589386056669,35.41652059083037,35.414390225839185,-0.29626388108340246,0.293157807068117,5.1381520529847196,5.484248712063608,-0.1612602040586097,0.15638252435670458,5.1381520529847196,5.484248712063608,223.2300784357421,7.474540523752163,0.0,0.0,0.0,0.0,1.6237681012322072,44.809823195173145,42.46696948882293,0.7190856051180048,7.474540523752163,7.474540523752163,7.474540523752163,7.474540523752163,7.474540523752163,0Lepton_2FJ,
WW,3,2500.0,3000.0,3.1176525950431824,0.8828864357622053,0.0,0.0,0.0,0.0,0.35708825528629284,35.453231360218744,3.5670463714541096,-0.6419684675222568,0.6349584474887537,14.563508156603984,14.563506378304842,-0.29626388108340246,0.293157807068117,3.343732882404336,3.423928583427708,-0.1612602040586097,0.15638252435670458,3.343732882404336,3.423928583427708,36.40899242328101,2.8784170650494194,0.0,0.0,0.0,0.0,0.35708825528629284,35.453231360218744,34.85183245386628,0.2443106510661719,2.8784170650494194,2.8784170650494194,2.8784170650494194,2.8784170650494194,2.8784170650494194,0Lepton_2FJ,
WW,4,3000.0,3500.0,0.9266377240419388,0.4931862560486241,0.0,0.0,0.0,0.0,0.13929670924224488,91.52730042135799,8.414304939970053,-0.3017349080287464,0.29911855129757864,8.365938804878038,8.365959361288807,-0.29626388108340246,0.293157807068117,8.069032897507695,8.04274276361395,-0.1612602040586097,0.15638252435670458,8.069032897507695,8.04274276361395,10.670563412820165,1.532332711454587,0.0,0.0,0.0,0.0,0.13929670924224488,91.52730042135799,91.14948991860436,0.23851379351138782,1.532332711454587,1.532332711454587,1.532332711454587,1.532332711454587,1.532332711454587,0Lepton_2FJ,
WZ,1,1100.0,2000.0,102.17559579014778,3.878140427000984,0.0,0.0,0.0,0.0,34.239728954605575,113.28707973554195,42.20408940782643,-1.944800005905371,1.8922076990939671,310.0327377776303,310.43065765781535,-0.29626388108340246,0.293157807068117,39.62328279108233,41.87200708376172,-0.1612602040586097,0.15638252435670458,39.62328279108233,41.87200708376172,15944.0555032107,61.51704064880988,0.0,0.0,0.0,0.0,34.239728954605575,113.28707973554195,74.99926086219075,4.0480899187456245,61.51704064880988,61.51704064880988,61.51704064880988,61.51704064880988,61.51704064880988,0Lepton_2FJ,
WZ,2,2000.0,2500.0,3.415310353040695,0.6665928769264714,0.0,0.0,0.0,0.0,1.6237681012322072,44.809823195173145,5.6615210367616715,-0.9005503246651319,0.883589386056669,35.41652059083037,35.414390225839185,-0.29626388108340246,0.293157807068117,5.1381520529847196,5.484248712063608,-0.1612602040586097,0.15638252435670458,5.1381520529847196,5.484248712063608,223.2300784357421,7.474540523752163,0.0,0.0,0.0,0.0,1.6237681012322072,44.809823195173145,42.46696948882293,0.7190856051180048,7.474540523752163,7.474540523752163,7.474540523752163,7.474540523752163,7.474540523752163,0Lepton_2FJ,
WZ,3,2500.0,3000.0,1.3098052777349949,0.4650351233339387,0.0,0.0,0.0,0.0,0.35708825528629284,35.453231360218744,3.5670463714541096,-0.6419684675222568,0.6349584474887537,14.563508156603984,14.563506378304842,-0.29626388108340246,0.293157807068117,3.343732882404336,3.423928583427708,-0.1612602040586097,0.15638252435670458,3.343732882404336,3.423928583427708,36.40899242328101,2.8784170650494194,0.0,0.0,0.0,0.0,0.35708825528629284,35.453231360218744,34.85183245386628,0.2443106510661719,2.8784170650494194,2.8784170650494194,2.8784170650494194,2.8784170650494194,2.8784170650494194,0Lepton_2FJ,
WZ,4,3000.0,3500.0,0.2902390658855438,0.20523001165291718,0.0,0.0,0.0,0.0,0.13929670924224488,91.52730042135799,8.414304939970053,-0.3017349080287464,0.29911855129757864,8.365938804878038,8.365959361288807,-0.29626388108340246,0.293157807068117,8.069032897507695,8.04274276361395,-0.1612602040586097,0.15638252435670458,8.069032897507695,8.04274276361395,10.670563412820165,1.532332711454587,0.0,0.0,0.0,0.0,0.13929670924224488,91.52730042135799,91.14948991860436,0.23851379351138782,1.532332711454587,1.532332711454587,1.532332711454587,1.532332711454587,1.532332711454587,0Lepton_2FJ,
ZZ,1,1100.0,2000.0,41.649358920753,4.294930448995165,0.0,0.0,0.0,0.0,34.239728954605575,113.28707973554195,42.20408940782643,-1.944800005905371,1.8922076990939671,310.0327377776303,310.43065765781535,-0.29626388108340246,0.293157807068117,39.62328279108233,41.87200708376172,-0.1612602040586097,0.15638252435670458,39.62328279108233,41.87200708376172,15944.0555032107,61.51704064880988,0.0,0.0,0.0,0.0,34.239728954605575,113.28707973554195,74.99926086219075,4.0480899187456245,61.51704064880988,61.51704064880988,61.51704064880988,61.51704064880988,61.51704064880988,0Lepton_2FJ,
ZZ,2,2000.0,2500.0,0.8726599365472794,0.7977463253252466,0.0,0.0,0.0,0.0,1.6237681012322072,44.809823195173145,5.6615210367616715,-0.9005503246651319,0.883589386056669,35.41652059083037,35.414390225839185,-0.29626388108340246,0.293157807068117,5.1381520529847196,5.484248712063608,-0.1612602040586097,0.15638252435670458,5.1381520529847196,5.484248712063608,223.2300784357421,7.474540523752163,0.0,0.0,0.0,0.0,1.6237681012322072,44.809823195173145,42.46696948882293,0.7190856051180048,7.474540523752163,7.474540523752163,7.474540523752163,7.474540523752163,7.474540523752163,0Lepton_2FJ,
ZZ,3,2500.0,3000.0,0.24201802164316177,0.3619627147580751,0.0,0.0,0.0,0.0,0.35708825528629284,35.453231360218744,3.5670463714541096,-0.6419684675222568,0.6349584474887537,14.563508156603984,14.563506378304842,-0.29626388108340246,0.293157807068117,3.343732882404336,3.423928583427708,-0.1612602040586097,0.15638252435670458,3.343732882404336,3.423928583427708,36.40899242328101,2.8784170650494194,0.0,0.0,0.0,0.0,0.35708825528629284,35.453231360218744,34.85183245386628,0.2443106510661719,2.8784170650494194,2.8784170650494194,2.8784170650494194,2.8784170650494194,2.8784170650494194,0Lepton_2FJ,
ZZ,4,3000.0,3500.0,0.6363779306411743,0.32309480335745283,0.0,0.0,0.0,0.0,0.13929670924224488,91.52730042135799,8.414304939970053,-0.3017349080287464,0.29911855129757864,8.365938804878038,8.365959361288807,-0.29626388108340246,0.293157807068117,8.069032897507695,8.04274276361395,-0.1612602040586097,0.15638252435670458,8.069032897507695,8.04274276361395,10.670563412820165,1.532332711454587,0.0,0.0,0.0,0.0,0.13929670924224488,91.52730042135799,91.14948991860436,0.23851379351138782,1.532332711454587,1.532332711454587,1.532332711454587,1.532332711454587,1.532332711454587,0Lepton_2FJ,
ttV,1,1100.0,2000.0,647.7339086846914,12.817594324412774,0.0,0.0,0.0,0.0,34.239728954605575,113.28707973554195,42.20408940782643,-1.944800005905371,1.8922076990939671,310.0327377776303,310.43065765781535,-0.29626388108340246,0.293157807068117,39.62328279108233,41.87200708376172,-0.1612602040586097,0.15638252435670458,39.62328279108233,41.87200708376172,15944.0555032107,61.51704064880988,0.0,0.0,0.0,0.0,34.239728954605575,113.28707973554195,74.99926086219075,4.0480899187456245,61.51704064880988,61.51704064880988,61.51704064880988,61.51704064880988,61.51704064880988,0Lepton_2FJ,
ttV,2,2000.0,2500.0,22.16453070472926,2.464975181554063,0.0,0.0,0.0,0.0,1.6237681012322072,44.809823195173145,5.6615210367616715,-0.9005503246651319,0.883589386056669,35.41652059083037,35.414390225839185,-0.29626388108340246,0.293157807068117,5.1381520529847196,5.484248712063608,-0.1612602040586097,0.15638252435670458,5.1381520529847196,5.484248712063608,223.2300784357421,7.474540523752163,0.0,0.0,0.0,0.0,1.6237681012322072,44.809823195173145,42.46696948882293,0.7190856051180048,7.474540523752163,7.474540523752163,7.474540523752163,7.474540523752163,7.474540523752163,0Lepton_2FJ,
ttV,3,2500.0,3000.0,4.144776146742515,1.0512916435193844,0.0,0.0,0.0,0.0,0.35708825528629284,35.453231360218744,3.5670463714541096,-0.6419684675222568,0.6349584474887537,14.563508156603984,14.563506378304842,-0.29626388108340246,0.293157807068117,3.343732882404336,3.423928583427708,-0.1612602040586097,0.15638252435670458,3.343732882404336,3.423928583427708,36.40899242328101,2.8784170650494194,0.0,0.0,0.0,0.0,0.35708825528629284,35.453231360218744,34.85183245386628,0.2443106510661719,2.8784170650494194,2.8784170650494194,2.8784170650494194,2.8784170650494194,2.8784170650494194,0Lepton_2FJ,
ttV,4,3000.0,3500.0,1.0332567159784958,0.4997567314156581,0.0,0.0,0.0,0.0,0.13929670924224488,91.52730042135799,8.414304939970053,-0.3017349080287464,0.29911855129757864,8.365938804878038,8.365959361288807,-0.29626388108340246,0.293157807068117,8.069032897507695,8.04274276361395,-0.1612602040586097,0.15638252435670458,8.069032897507695,8.04274276361395,10.670563412820165,1.532332711454587,0.0,0.0,0.0,0.0,0.13929670924224488,91.52730042135799,91.14948991860436,0.23851379351138782,1.532332711454587,1.532332711454587,1.532332711454587,1.532332711454587,1.532332711454587,0Lepton_2FJ,
sm,1,1100.0,2000.0,34.239728954605575,0.0,0.0,0.0,0.0,0.0,34.239728954605575,113.28707973554195,42.20408940782643,-1.944800005905371,1.8922076990939671,310.0327377776303,310.43065765781535,-0.29626388108340246,0.293157807068117,39.62328279108233,41.87200708376172,-0.1612602040586097,0.15638252435670458,39.62328279108233,41.87200708376172,15944.0555032107,61.51704064880988,0.0,0.0,0.0,0.0,34.239728954605575,113.28707973554195,74.99926086219075,4.0480899187456245,61.51704064880988,61.51704064880988,61.51704064880988,61.51704064880988,61.51704064880988,0Lepton_2FJ,
sm,2,2000.0,2500.0,1.6237681012322072,0.0,0.0,0.0,0.0,0.0,1.6237681012322072,44.809823195173145,5.6615210367616715,-0.9005503246651319,0.883589386056669,35.41652059083037,35.414390225839185,-0.29626388108340246,0.293157807068117,5.1381520529847196,5.484248712063608,-0.1612602040586097,0.15638252435670458,5.1381520529847196,5.484248712063608,223.2300784357421,7.474540523752163,0.0,0.0,0.0,0.0,1.6237681012322072,44.809823195173145,42.46696948882293,0.7190856051180048,7.474540523752163,7.474540523752163,7.474540523752163,7.474540523752163,7.474540523752163,0Lepton_2FJ,
sm,3,2500.0,3000.0,0.35708825528629284,0.0,0.0,0.0,0.0,0.0,0.35708825528629284,35.453231360218744,3.5670463714541096,-0.6419684675222568,0.6349584474887537,14.563508156603984,14.563506378304842,-0.29626388108340246,0.293157807068117,3.343732882404336,3.423928583427708,-0.1612602040586097,0.15638252435670458,3.343732882404336,3.423928583427708,36.40899242328101,2.8784170650494194,0.0,0.0,0.0,0.0,0.35708825528629284,35.453231360218744,34.85183245386628,0.2443106510661719,2.8784170650494194,2.8784170650494194,2.8784170650494194,2.8784170650494194,2.8784170650494194,0Lepton_2FJ,
sm,4,3000.0,3500.0,0.13929670924224488,0.0,0.0,0.0,0.0,0.0,0.13929670924224488,91.52730042135799,8.414304939970053,-0.3017349080287464,0.29911855129757864,8.365938804878038,8.365959361288807,-0.29626388108340246,0.293157807068117,8.069032897507695,8.04274276361395,-0.1612602040586097,0.15638252435670458,8.069032897507695,8.04274276361395,10.670563412820165,1.532332711454587,0.0,0.0,0.0,0.0,0.13929670924224488,91.52730042135799,91.14948991860436,0.23851379351138782,1.532332711454587,1.532332711454587,1.532332711454587,1.532332711454587,1.532332711454587,0Lepton_2FJ,
DY,1,1250.0,1500.0,8.320661306381226,0.7351518213830418,0.0,0.0,0.0,0.0,1.988961049874141,6.391116496968367,2.4982732286460765,-3.4934868765873777,3.3532734582280774,47.25902932773717,47.238104686406956,-0.22683729920929316,0.2215417247226175,2.065570193155532,2.297919576675856,-0.1612602040586097,0.15638252435670458,2.065570193155532,2.297919576675856,381.60660485823826,11.369101877199862,0.0,0.0,0.0,0.0,1.988961049874141,6.391116496968367,3.8634974064587246,0.5386580406355015,11.369101877199862,11.369101877199862,11.369101877199862,11.369101877199862,11.369101877199862,0Lepton_3FJ,
DY,2,1500.0,1750.0,3.3459248691797256,0.476219655426643,0.0,0.0,0.0,0.0,1.3195511573378442,8.36653695408664,2.075525423908559,-2.0565965872741105,1.9671339538205768,27.481050578681348,27.485733844409943,-0.22683729920929316,0.2215417247226175,1.520817478773536,1.7654050580555798,-0.1612602040586097,0.15638252435670458,1.520817478773536,1.7654050580555798,126.43120458709261,6.2251877584937185,0.0,0.0,0.0,0.0,1.3195511573378442,8.36653695408664,6.467245106923447,0.5797406898253494,6.2251877584937185,6.2251877584937185,6.2251877584937185,6.2251877584937185,6.2251877584937185,0Lepton_3FJ,
DY,3,1750.0,2000.0,1.3090158626437187,0.2979331948577186,0.0,0.0,0.0,0.0,0.8739811416145821,9.700097933930644,1.7567771715344231,-1.3572406738948288,1.3071303995369428,15.78512622142552,15.78511264175318,-0.22683729920929316,0.2215417247226175,1.2109222013003933,1.3798086937204135,-0.1612602040586097,0.15638252435670458,1.2109222013003933,1.3798086937204135,38.78018480147977,3.3468417166640694,0.0,0.0,0.0,0.0,0.8739811416145821,9.700097933930644,8.404947656071322,0.4211691362447406,3.3468417166640694,3.3468417166640694,3.3468417166640694,3.3468417166640694,3.3468417166640694,0Lepton_3FJ,
DY,4,2000.0,2250.0,0.7574682086706161,0.22251609053398394,0.0,0.0,0.0,0.0,0.270426612693366,10.728972255469914,1.2806611705671078,-0.9962351773643807,0.9638161150771087,9.997262071690141,9.997256791611392,-0.22683729920929316,0.2215417247226175,0.7171795900969646,0.8403771077523844,-0.1612602040586097,0.15638252435670458,0.7171795900969646,0.8403771077523844,14.947908320243,2.1245039294522594,0.0,0.0,0.0,0.0,0.270426612693366,10.728972255469914,10.130138737901058,0.3284069048754902,2.1245039294522594,2.1245039294522594,2.1245039294522594,2.1245039294522594,2.1245039294522594,0Lepton_3FJ,
DY,5,2250.0,2500.0,0.15906842052936554,0.1124783588289478,0.0,0.0,0.0,0.0,0.16235993529314968,10.945962838087478,1.1824566308248767,-0.7716375656365626,0.749257103279913,6.260474054400279,6.26047452025911,-0.22683729920929316,0.2215417247226175,0.6515384530209498,0.7323381052131488,-0.1612602040586097,0.15638252435670458,0.6515384530209498,0.7323381052131488,4.8930145730533265,1.2263962666619492,0.0,0.0,0.0,0.0,0.16235993529314968,10.945962838087478,10.547543691936054,0.23605921085827425,1.2263962666619492,1.2263962666619492,1.2263962666619492,1.2263962666619492,1.2263962666619492,0Lepton_3FJ,
DY,6,2500.0,4000.0,0.13632303848862648,0.09772748647885791,0.0,0.0,0.0,0.0,0.1856274423936737,121.53849635308951,11.231291306337436,-0.22770448267020818,0.22281889809471378,6.312748274699777,6.312761738093908,-0.22683729920929316,0.2215417247226175,6.2656587121956955,6.243472172460538,-0.1612602040586097,0.15638252435670458,6.2656587121956955,6.243472172460538,5.03093432407468,1.1822449825897272,0.0,0.0,0.0,0.0,0.1856274423936737,121.53849635308951,120.76284194888092,0.5900269618149212,1.1822449825897272,1.1822449825897272,1.1822449825897272,1.1822449825897272,1.1822449825897272,0Lepton_3FJ,
QCD,1,1250.0,1500.0,245.37664900545514,10.478759414984793,0.0,0.0,0.0,0.0,1.988961049874141,6.391116496968367,2.4982732286460765,-3.4934868765873777,3.3532734582280774,47.25902932773717,47.238104686406956,-0.22683729920929316,0.2215417247226175,2.065570193155532,2.297919576675856,-0.1612602040586097,0.15638252435670458,2.065570193155532,2.297919576675856,381.60660485823826,11.369101877199862,0.0,0.0,0.0,0.0,1.988961049874141,6.391116496968367,3.8634974064587246,0.5386580406355015,11.369101877199862,11.369101877199862,11.369101877199862,11.369101877199862,11.369101877199862,0Lepton_3FJ,
QCD,2,1500.0,1750.0,78.02144186321715,5.63038002359732,0.0,0.0,0.0,0.0,1.3195511573378442,8.36653695408664,2.075525423908559,-2.0565965872741105,1.9671339538205768,27.481050578681348,27.485733844409943,-0.22683729920929316,0.2215417247226175,1.520817478773536,1.7654050580555798,-0.1612602040586097,0.15638252435670458,1.520817478773536,1.7654050580555798,126.43120458709261,6.2251877584937185,0.0,0.0,0.0,0.0,1.3195511573378442,8.36653695408664,6.467245106923447,0.5797406898253494,6.2251877584937185,6.2251877584937185,6.2251877584937185,6.2251877584937185,6.2251877584937185,0Lepton_3FJ,
QCD,3,1750.0,2000.0,20.258951745973658,2.923942895311534,0.0,0.0,0.0,0.0,0.8739811416145821,9.700097933930644,1.7567771715344231,-1.3572406738948288,1.3071303995369428,15.78512622142552,15.78511264175318,-0.22683729920929316,0.2215417247226175,1.2109222013003933,1.3798086937204135,-0.1612602040586097,0.15638252435670458,1.2109222013003933,1.3798086937204135,38.78018480147977,3.3468417166640694,0.0,0.0,0.0,0.0,0.8739811416145821,9.700097933930644,8.404947656071322,0.4211691362447406,3.3468417166640694,3.3468417166640694,3.3468417166640694,3.3468417166640694,3.3468417166640694,0Lepton_3FJ,
QCD,4,2000.0,2250.0,7.521946365392397,1.8300113419270347,0.0,0.0,0.0,0.0,0.270426612693366,10.728972255469914,1.2806611705671078,-0.9962351773643807,0.9638161150771087,9.997262071690141,9.997256791611392,-0.22683729920929316,0.2215417247226175,0.7171795900969646,0.8403771077523844,-0.1612602040586097,0.15638252435670458,0.7171795900969646,0.8403771077523844,14.947908320243,2.1245039294522594,0.0,0.0,0.0,0.0,0.270426612693366,10.728972255469914,10.130138737901058,0.3284069048754902,2.1245039294522594,2.1245039294522594,2.1245039294522594,2.1245039294522594,2.1245039294522594,0Lepton_3FJ,
QCD,5,2250.0,2500.0,2.199576611595854,1.0753814024008017,0.0,0.0,0.0,0.0,0.16235993529314968,10.945962838087478,1.1824566308248767,-0.7716375656365626,0.749257103279913,6.260474054400279,6.26047452025911,-0.22683729920929316,0.2215417247226175,0.6515384530209498,0.7323381052131488,-0.1612602040586097,0.15638252435670458,0.6515384530209498,0.7323381052131488,4.8930145730533265,1.2263962666619492,0.0,0.0,0.0,0.0,0.16235993529314968,10.945962838087478,10.547543691936054,0.23605921085827425,1.2263962666619492,1.2263962666619492,1.2263962666619492,1.2263962666619492,1.2263962666619492,0Lepton_3FJ,
QCD,6,2500.0,4000.0,1.3755239680097822,0.8643356740608688,0.0,0.0,0.0,0.0,0.1856274423936737,121.53849635308951,11.231291306337436,-0.22770448267020818,0.22281889809471378,6.312748274699777,6.312761738093908,-0.22683729920929316,0.2215417247226175,6.2656587121956955,6.243472172460538,-0.1612602040586097,0.15638252435670458,6.2656587121956955,6.243472172460538,5.03093432407468,1.1822449825897272,0.0,0.0,0.0,0.0,0.1856274423936737,121.53849635308951,120.76284194888092,0.5900269618149212,1.1822449825897272,1.1822449825897272,1.1822449825897272,1.1822449825897272,1.1822449825897272,0Lepton_3FJ,
TTbar,1,1250.0,1500.0,63.42934338003397,2.6733973013644996,0.0,0.0,0.0,0.0,1.988961049874141,6.391116496968367,2.4982732286460765,-3.4934868765873777,3.3532734582280774,47.25902932773717,47.238104686406956,-0.22683729920929316,0.2215417247226175,2.065570193155532,2.297919576675856,-0.1612602040586097,0.15638252435670458,2.065570193155532,2.297919576675856,381.60660485823826,11.369101877199862,0.0,0.0,0.0,0.0,1.988961049874141,6.391116496968367,3.8634974064587246,0.5386580406355015,11.369101877199862,11.369101877199862,11.369101877199862,11.369101877199862,11.369101877199862,0Lepton_3FJ,
TTbar,2,1500.0,1750.0,16.533486746251583,1.3756392681012872,0.0,0.0,0.0,0.0,1.3195511573378442,8.36653695408664,2.075525423908559,-2.0565965872741105,1.9671339538205768,27.481050578681348,27.485733844409943,-0.22683729920929316,0.2215417247226175,1.520817478773536,1.7654050580555798,-0.1612602040586097,0.15638252435670458,1.520817478773536,1.7654050580555798,126.43120458709261,6.2251877584937185,0.0,0.0,0.0,0.0,1.3195511573378442,8.36653695408664,6.467245106923447,0.5797406898253494,6.2251877584937185,6.2251877584937185,6.2251877584937185,6.2251877584937185,6.2251877584937185,0Lepton_3FJ,
TTbar,3,1750.0,2000.0,5.671124301850796,0.803730906458453,0.0,0.0,0.0,0.0,0.8739811416145821,9.700097933930644,1.7567771715344231,-1.3572406738948288,1.3071303995369428,15.78512622142552,15.78511264175318,-0.22683729920929316,0.2215417247226175,1.2109222013003933,1.3798086937204135,-0.1612602040586097,0.15638252435670458,1.2109222013003933,1.3798086937204135,38.78018480147977,3.3468417166640694,0.0,0.0,0.0,0.0,0.8739811416145821,9.700097933930644,8.404947656071322,0.4211691362447406,3.3468417166640694,3.3468417166640694,3.3468417166640694,3.3468417166640694,3.3468417166640694,0Lepton_3FJ,
TTbar,4,2000.0,2250.0,2.08247684314847,0.4504608293337196,0.0,0.0,0.0,0.0,0.270426612693366,10.728972255469914,1.2806611705671078,-0.9962351773643807,0.9638161150771087,9.997262071690141,9.997256791611392,-0.22683729920929316,0.2215417247226175,0.7171795900969646,0.8403771077523844,-0.1612602040586097,0.15638252435670458,0.7171795900969646,0.8403771077523844,14.947908320243,2.1245039294522594,0.0,0.0,0.0,0.0,0.270426612693366,10.728972255469914,10.130138737901058,0.3284069048754902,2.1245039294522594,2.1245039294522594,2.1245039294522594,2.1245039294522594,2.1245039294522594,0Lepton_3FJ,
TTbar,5,2250.0,2500.0,0.6132752634584904,0.2524085953152234,0.0,0.0,0.0,0.0,0.16235993529314968,10.945962838087478,1.1824566308248767,-0.7716375656365626,0.749257103279913,6.260474054400279,6.26047452025911,-0.22683729920929316,0.2215417247226175,0.6515384530209498,0.7323381052131488,-0.1612602040586097,0.15638252435670458,0.6515384530209498,0.7323381052131488,4.8930145730533265,1.2263962666619492,0.0,0.0,0.0,0.0,0.16235993529314968,10.945962838087478,10.547543691936054,0.23605921085827425,1.2263962666619492,1.2263962666619492,1.2263962666619492,1.2263962666619492,1.2263962666619492,0Lepton_3FJ,
TTbar,6,2500.0,4000.0,0.433292992413044,0.22852263218319321,0.0,0.0,0.0,0.0,0.1856274423936737,121.53849635308951,11.231291306337436,-0.22770448267020818,0.22281889809471378,6.312748274699777,6.312761738093908,-0.22683729920929316,0.2215417247226175,6.2656587121956955,6.243472172460538,-0.1612602040586097,0.15638252435670458,6.2656587121956955,6.243472172460538,5.03093432407468,1.1822449825897272,0.0,0.0,0.0,0.0,0.1856274423936737,121.53849635308951,120.76284194888092,0.5900269618149212,1.1822449825897272,1.1822449825897272,1.1822449825897272,1.1822449825897272,1.1822449825897272,0Lepton_3FJ,
WJets,1,1250.0,1500.0,19.29809100739658,1.339900722692111,0.0,0.0,0.0,0.0,1.988961049874141,6.391116496968367,2.4982732286460765,-3.4934868765873777,3.3532734582280774,47.25902932773717,47.238104686406956,-0.22683729920929316,0.2215417247226175,2.065570193155532,2.297919576675856,-0.1612602040586097,0.15638252435670458,2.065570193155532,2.297919576675856,381.60660485823826,11.369101877199862,0.0,0.0,0.0,0.0,1.988961049874141,6.391116496968367,3.8634974064587246,0.5386580406355015,11.369101877199862,11.369101877199862,11.369101877199862,11.369101877199862,11.369101877199862,0Lepton_3FJ,
WJets,2,1500.0,1750.0,8.487073187716305,0.9006274979247081,0.0,0.0,0.0,0.0,1.3195511573378442,8.36653695408664,2.075525423908559,-2.0565965872741105,1.9671339538205768,27.481050578681348,27.485733844409943,-0.22683729920929316,0.2215417247226175,1.520817478773536,1.7654050580555798,-0.1612602040586097,0.15638252435670458,1.520817478773536,1.7654050580555798,126.43120458709261,6.2251877584937185,0.0,0.0,0.0,0.0,1.3195511573378442,8.36653695408664,6.467245106923447,0.5797406898253494,6.2251877584937185,6.2251877584937185,6.2251877584937185,6.2251877584937185,6.2251877584937185,0Lepton_3FJ,
WJets,3,1750.0,2000.0,3.108623112886562,0.5360851946530797,0.0,0.0,0.0,0.0,0.8739811416145821,9.700097933930644,1.7567771715344231,-1.3572406738948288,1.3071303995369428,15.78512622142552,15.78511264175318,-0.22683729920929316,0.2215417247226175,1.2109222013003933,1.3798086937204135,-0.1612602040586097,0.15638252435670458,1.2109222013003933,1.3798086937204135,38.78018480147977,3.3468417166640694,0.0,0.0,0.0,0.0,0.8739811416145821,9.700097933930644,8.404947656071322,0.4211691362447406,3.3468417166640694,3.3468417166640694,3.3468417166640694,3.3468417166640694,3.3468417166640694,0Lepton_3FJ,
WJets,4,2000.0,2250.0,0.9209651717537781,0.29780640665170466,0.0,0.0,0.0,0.0,0.270426612693366,10.728972255469914,1.2806611705671078,-0.9962351773643807,0.9638161150771087,9.997262071690141,9.997256791611392,-0.22683729920929316,0.2215417247226175,0.7171795900969646,0.8403771077523844,-0.1612602040586097,0.15638252435670458,0.7171795900969646,0.8403771077523844,14.947908320243,2.1245039294522594,0.0,0.0,0.0,0.0,0.270426612693366,10.728972255469914,10.130138737901058,0.3284069048754902,2.1245039294522594,2.1245039294522594,2.1245039294522594,2.1245039294522594,2.1245039294522594,0Lepton_3FJ,
WJets,5,2250.0,2500.0,0.6850190060213208,0.23800091073381033,0.0,0.0,0.0,0.0,0.16235993529314968,10.945962838087478,1.1824566308248767,-0.7716375656365626,0.749257103279913,6.260474054400279,6.26047452025911,-0.22683729920929316,0.2215417247226175,0.6515384530209498,0.7323381052131488,-0.1612602040586097,0.15638252435670458,0.6515384530209498,0.7323381052131488,4.8930145730533265,1.2263962666619492,0.0,0.0,0.0,0.0,0.16235993529314968,10.945962838087478,10.547543691936054,0.23605921085827425,1.2263962666619492,1.2263962666619492,1.2263962666619492,1.2263962666619492,1.2263962666619492,0Lepton_3FJ,
WJets,6,2500.0,4000.0,0.6682098987366771,0.26200654062138445,0.0,0.0,0.0,0.0,0.1856274423936737,121.53849635308951,11.231291306337436,-0.22770448267020818,0.22281889809471378,6.312748274699777,6.312761738093908,-0.22683729920929316,0.2215417247226175,6.2656587121956955,6.243472172460538,-0.1612602040586097,0.15638252435670458,6.2656587121956955,6.243472172460538,5.03093432407468,1.1822449825897272,0.0,0.0,0.0,0.0,0.1856274423936737,121.53849635308951,120.76284194888092,0.5900269618149212,1.1822449825897272,1.1822449825897272,1.1822449825897272,1.1822449825897272,1.1822449825897272,0Lepton_3FJ,
WW,1,1250.0,1500.0,4.261055842041969,0.9088461159774744,0.0,0.0,0.0,0.0,1.988961049874141,6.391116496968367,2.4982732286460765,-3.4934868765873777,3.3532734582280774,47.25902932773717,47.238104686406956,-0.22683729920929316,0.2215417247226175,2.065570193155532,2.297919576675856,-0.1612602040586097,0.15638252435670458,2.065570193155532,2.297919576675856,381.60660485823826,11.369101877199862,0.0,0.0,0.0,0.0,1.988961049874141,6.391116496968367,3.8634974064587246,0.5386580406355015,11.369101877199862,11.369101877199862,11.369101877199862,11.369101877199862,11.369101877199862,0Lepton_3FJ,
WW,2,1500.0,1750.0,2.6592157408595085,0.642700720960802,0.0,0.0,0.0,0.0,1.3195511573378442,8.36653695408664,2.075525423908559,-2.0565965872741105,1.9671339538205768,27.481050578681348,27.485733844409943,-0.22683729920929316,0.2215417247226175,1.520817478773536,1.7654050580555798,-0.1612602040586097,0.15638252435670458,1.520817478773536,1.7654050580555798,126.43120458709261,6.2251877584937185,0.0,0.0,0.0,0.0,1.3195511573378442,8.36653695408664,6.467245106923447,0.5797406898253494,6.2251877584937185,6.2251877584937185,6.2251877584937185,6.2251877584937185,6.2251877584937185,0Lepton_3FJ,
WW,3,1750.0,2000.0,0.9926059022545815,0.3561083535351449,0.0,0.0,0.0,0.0,0.8739811416145821,9.700097933930644,1.7567771715344231,-1.3572406738948288,1.3071303995369428,15.78512622142552,15.78511264175318,-0.22683729920929316,0.2215417247226175,1.2109222013003933,1.3798086937204135,-0.1612602040586097,0.15638252435670458,1.2109222013003933,1.3798086937204135,38.78018480147977,3.3468417166640694,0.0,0.0,0.0,0.0,0.8739811416145821,9.700097933930644,8.404947656071322,0.4211691362447406,3.3468417166640694,3.3468417166640694,3.3468417166640694,3.3468417166640694,3.3468417166640694,0Lepton_3FJ,
WW,4,2000.0,2250.0,0.22619789093732834,0.26125068517446853,0.0,0.0,0.0,0.0,0.270426612693366,10.728972255469914,1.2806611705671078,-0.9962351773643807,0.9638161150771087,9.997262071690141,9.997256791611392,-0.22683729920929316,0.2215417247226175,0.7171795900969646,0.8403771077523844,-0.1612602040586097,0.15638252435670458,0.7171795900969646,0.8403771077523844,14.947908320243,2.1245039294522594,0.0,0.0,0.0,0.0,0.270426612693366,10.728972255469914,10.130138737901058,0.3284069048754902,2.1245039294522594,2.1245039294522594,2.1245039294522594,2.1245039294522594,2.1245039294522594,0Lepton_3FJ,
WW,5,2250.0,2500.0,0.12879902124404907,0.12879902124404907,0.0,0.0,0.0,0.0,0.16235993529314968,10.945962838087478,1.1824566308248767,-0.7716375656365626,0.749257103279913,6.260474054400279,6.26047452025911,-0.22683729920929316,0.2215417247226175,0.6515384530209498,0.7323381052131488,-0.1612602040586097,0.15638252435670458,0.6515384530209498,0.7323381052131488,4.8930145730533265,1.2263962666619492,0.0,0.0,0.0,0.0,0.16235993529314968,10.945962838087478,10.547543691936054,0.23605921085827425,1.2263962666619492,1.2263962666619492,1.2263962666619492,1.2263962666619492,1.2263962666619492,0Lepton_3FJ,
WW,6,2500.0,4000.0,0.2858474627137184,0.17029521881579282,0.0,0.0,0.0,0.0,0.1856274423936737,121.53849635308951,11.231291306337436,-0.22770448267020818,0.22281889809471378,6.312748274699777,6.312761738093908,-0.22683729920929316,0.2215417247226175,6.2656587121956955,6.243472172460538,-0.1612602040586097,0.15638252435670458,6.2656587121956955,6.243472172460538,5.03093432407468,1.1822449825897272,0.0,0.0,0.0,0.0,0.1856274423936737,121.53849635308951,120.76284194888092,0.5900269618149212,1.1822449825897272,1.1822449825897272,1.1822449825897272,1.1822449825897272,1.1822449825897272,0Lepton_3FJ,
WZ,1,1250.0,1500.0,0.19025547802448273,0.10998135364958891,0.0,0.0,0.0,0.0,1.988961049874141,6.391116496968367,2.4982732286460765,-3.4934868765873777,3.3532734582280774,47.25902932773717,47.238104686406956,-0.22683729920929316,0.2215417247226175,2.065570193155532,2.297919576675856,-0.1612602040586097,0.15638252435670458,2.065570193155532,2.297919576675856,381.60660485823826,11.369101877199862,0.0,0.0,0.0,0.0,1.988961049874141,6.391116496968367,3.8634974064587246,0.5386580406355015,11.369101877199862,11.369101877199862,11.369101877199862,11.369101877199862,11.369101877199862,0Lepton_3FJ,
WZ,2,1500.0,1750.0,0.06790421158075333,0.06790421158075333,0.0,0.0,0.0,0.0,1.3195511573378442,8.36653695408664,2.075525423908559,-2.0565965872741105,1.9671339538205768,27.481050578681348,27.485733844409943,-0.22683729920929316,0.2215417247226175,1.520817478773536,1.7654050580555798,-0.1612602040586097,0.15638252435670458,1.520817478773536,1.7654050580555798,126.43120458709261,6.2251877584937185,0.0,0.0,0.0,0.0,1.3195511573378442,8.36653695408664,6.467245106923447,0.5797406898253494,6.2251877584937185,6.2251877584937185,6.2251877584937185,6.2251877584937185,6.2251877584937185,0Lepton_3FJ,
WZ,3,1750.0,2000.0,0.0,0.0,0.0,0.0,0.0,0.0,0.8739811416145821,9.700097933930644,1.7567771715344231,-1.3572406738948288,1.3071303995369428,15.78512622142552,15.78511264175318,-0.22683729920929316,0.2215417247226175,1.2109222013003933,1.3798086937204135,-0.1612602040586097,0.15638252435670458,1.2109222013003933,1.3798086937204135,38.78018480147977,3.3468417166640694,0.0,0.0,0.0,0.0,0.8739811416145821,9.700097933930644,8.404947656071322,0.4211691362447406,3.3468417166640694,3.3468417166640694,3.3468417166640694,3.3468417166640694,3.3468417166640694,0Lepton_3FJ,
WZ,4,2000.0,2250.0,0.20797331631183624,0.20797331631183624,0.0,0.0,0.0,0.0,0.270426612693366,10.728972255469914,1.2806611705671078,-0.9962351773643807,0.9638161150771087,9.997262071690141,9.997256791611392,-0.22683729920929316,0.2215417247226175,0.7171795900969646,0.8403771077523844,-0.1612602040586097,0.15638252435670458,0.7171795900969646,0.8403771077523844,14.947908320243,2.1245039294522594,0.0,0.0,0.0,0.0,0.270426612693366,10.728972255469914,10.130138737901058,0.3284069048754902,2.1245039294522594,2.1245039294522594,2.1245039294522594,2.1245039294522594,2.1245039294522594,0Lepton_3FJ,
WZ,5,2250.0,2500.0,0.1451195329427719,0.1451195329427719,0.0,0.0,0.0,0.0,0.16235993529314968,10.945962838087478,1.1824566308248767,-0.7716375656365626,0.749257103279913,6.260474054400279,6.26047452025911,-0.22683729920929316,0.2215417247226175,0.6515384530209498,0.7323381052131488,-0.1612602040586097,0.15638252435670458,0.6515384530209498,0.7323381052131488,4.8930145730533265,1.2263962666619492,0.0,0.0,0.0,0.0,0.16235993529314968,10.945962838087478,10.547543691936054,0.23605921085827425,1.2263962666619492,1.2263962666619492,1.2263962666619492,1.2263962666619492,1.2263962666619492,0Lepton_3FJ,
WZ,6,2500.0,4000.0,0.20797331631183624,0.20797331631183624,0.0,0.0,0.0,0.0,0.1856274423936737,121.53849635308951,11.231291306337436,-0.22770448267020818,0.22281889809471378,6.312748274699777,6.312761738093908,-0.22683729920929316,0.2215417247226175,6.2656587121956955,6.243472172460538,-0.1612602040586097,0.15638252435670458,6.2656587121956955,6.243472172460538,5.03093432407468,1.1822449825897272,0.0,0.0,0.0,0.0,0.1856274423936737,121.53849635308951,120.76284194888092,0.5900269618149212,1.1822449825897272,1.1822449825897272,1.1822449825897272,1.1822449825897272,1.1822449825897272,0Lepton_3FJ,
ZZ,1,1250.0,1500.0,0.6529859751462936,0.299711496187275,0.0,0.0,0.0,0.0,1.988961049874141,6.391116496968367,2.4982732286460765,-3.4934868765873777,3.3532734582280774,47.25902932773717,47.238104686406956,-0.22683729920929316,0.2215417247226175,2.065570193155532,2.297919576675856,-0.1612602040586097,0.15638252435670458,2.065570193155532,2.297919576675856,381.60660485823826,11.369101877199862,0.0,0.0,0.0,0.0,1.988961049874141,6.391116496968367,3.8634974064587246,0.5386580406355015,11.369101877199862,11.369101877199862,11.369101877199862,11.369101877199862,11.369101877199862,0Lepton_3FJ,
ZZ,2,1500.0,1750.0,0.18713924288749695,0.18713924288749695,0.0,0.0,0.0,0.0,1.3195511573378442,8.36653695408664,2.075525423908559,-2.0565965872741105,1.9671339538205768,27.481050578681348,27.485733844409943,-0.22683729920929316,0.2215417247226175,1.520817478773536,1.7654050580555798,-0.1612602040586097,0.15638252435670458,1.520817478773536,1.7654050580555798,126.43120458709261,6.2251877584937185,0.0,0.0,0.0,0.0,1.3195511573378442,8.36653695408664,6.467245106923447,0.5797406898253494,6.2251877584937185,6.2251877584937185,6.2251877584937185,6.2251877584937185,6.2251877584937185,0Lepton_3FJ,
ZZ,3,1750.0,2000.0,0.5480807796120644,0.280752347980814,0.0,0.0,0.0,0.0,0.8739811416145821,9.700097933930644,1.7567771715344231,-1.3572406738948288,1.3071303995369428,15.78512622142552,15.78511264175318,-0.22683729920929316,0.2215417247226175,1.2109222013003933,1.3798086937204135,-0.1612602040586097,0.15638252435670458,1.2109222013003933,1.3798086937204135,38.78018480147977,3.3468417166640694,0.0,0.0,0.0,0.0,0.8739811416145821,9.700097933930644,8.404947656071322,0.4211691362447406,3.3468417166640694,3.3468417166640694,3.3468417166640694,3.3468417166640694,3.3468417166640694,0Lepton_3FJ,
ZZ,4,2000.0,2250.0,0.0,0.0,0.0,0.0,0.0,0.0,0.270426612693366,10.728972255469914,1.2806611705671078,-0.9962351773643807,0.9638161150771087,9.997262071690141,9.997256791611392,-0.22683729920929316,0.2215417247226175,0.7171795900969646,0.8403771077523844,-0.1612602040586097,0.15638252435670458,0.7171795900969646,0.8403771077523844,14.947908320243,2.1245039294522594,0.0,0.0,0.0,0.0,0.270426612693366,10.728972255469914,10.130138737901058,0.3284069048754902,2.1245039294522594,2.1245039294522594,2.1245039294522594,2.1245039294522594,2.1245039294522594,0Lepton_3FJ,
ZZ,5,2250.0,2500.0,0.1310497224330902,0.1310497224330902,0.0,0.0,0.0,0.0,0.16235993529314968,10.945962838087478,1.1824566308248767,-0.7716375656365626,0.749257103279913,6.260474054400279,6.26047452025911,-0.22683729920929316,0.2215417247226175,0.6515384530209498,0.7323381052131488,-0.1612602040586097,0.15638252435670458,0.6515384530209498,0.7323381052131488,4.8930145730533265,1.2263962666619492,0.0,0.0,0.0,0.0,0.16235993529314968,10.945962838087478,10.547543691936054,0.23605921085827425,1.2263962666619492,1.2263962666619492,1.2263962666619492,1.2263962666619492,1.2263962666619492,0Lepton_3FJ,
ZZ,6,2500.0,4000.0,0.0,0.0,0.0,0.0,0.0,0.0,0.1856274423936737,121.53849635308951,11.231291306337436,-0.22770448267020818,0.22281889809471378,6.312748274699777,6.312761738093908,-0.22683729920929316,0.2215417247226175,6.2656587121956955,6.243472172460538,-0.1612602040586097,0.15638252435670458,6.2656587121956955,6.243472172460538,5.03093432407468,1.1822449825897272,0.0,0.0,0.0,0.0,0.1856274423936737,121.53849635308951,120.76284194888092,0.5900269618149212,1.1822449825897272,1.1822449825897272,1.1822449825897272,1.1822449825897272,1.1822449825897272,0Lepton_3FJ,
ttV,1,1250.0,1500.0,38.08860181388445,3.006878646918696,0.0,0.0,0.0,0.0,1.988961049874141,6.391116496968367,2.4982732286460765,-3.4934868765873777,3.3532734582280774,47.25902932773717,47.238104686406956,-0.22683729920929316,0.2215417247226175,2.065570193155532,2.297919576675856,-0.1612602040586097,0.15638252435670458,2.065570193155532,2.297919576675856,381.60660485823826,11.369101877199862,0.0,0.0,0.0,0.0,1.988961049874141,6.391116496968367,3.8634974064587246,0.5386580406355015,11.369101877199862,11.369101877199862,11.369101877199862,11.369101877199862,11.369101877199862,0Lepton_3FJ,
ttV,2,1500.0,1750.0,15.809467568062246,1.9154082273235655,0.0,0.0,0.0,0.0,1.3195511573378442,8.36653695408664,2.075525423908559,-2.0565965872741105,1.9671339538205768,27.481050578681348,27.485733844409943,-0.22683729920929316,0.2215417247226175,1.520817478773536,1.7654050580555798,-0.1612602040586097,0.15638252435670458,1.520817478773536,1.7654050580555798,126.43120458709261,6.2251877584937185,0.0,0.0,0.0,0.0,1.3195511573378442,8.36653695408664,6.467245106923447,0.5797406898253494,6.2251877584937185,6.2251877584937185,6.2251877584937185,6.2251877584937185,6.2251877584937185,0Lepton_3FJ,
ttV,3,1750.0,2000.0,6.017801954643801,1.1933723167917725,0.0,0.0,0.0,0.0,0.8739811416145821,9.700097933930644,1.7567771715344231,-1.3572406738948288,1.3071303995369428,15.78512622142552,15.78511264175318,-0.22683729920929316,0.2215417247226175,1.2109222013003933,1.3798086937204135,-0.1612602040586097,0.15638252435670458,1.2109222013003933,1.3798086937204135,38.78018480147977,3.3468417166640694,0.0,0.0,0.0,0.0,0.8739811416145821,9.700097933930644,8.404947656071322,0.4211691362447406,3.3468417166640694,3.3468417166640694,3.3468417166640694,3.3468417166640694,3.3468417166640694,0Lepton_3FJ,
ttV,4,2000.0,2250.0,2.9604539113352075,0.8437734226208373,0.0,0.0,0.0,0.0,0.270426612693366,10.728972255469914,1.2806611705671078,-0.9962351773643807,0.9638161150771087,9.997262071690141,9.997256791611392,-0.22683729920929316,0.2215417247226175,0.7171795900969646,0.8403771077523844,-0.1612602040586097,0.15638252435670458,0.7171795900969646,0.8403771077523844,14.947908320243,2.1245039294522594,0.0,0.0,0.0,0.0,0.270426612693366,10.728972255469914,10.130138737901058,0.3284069048754902,2.1245039294522594,2.1245039294522594,2.1245039294522594,2.1245039294522594,2.1245039294522594,0Lepton_3FJ,
ttV,5,2250.0,2500.0,0.6687470595352352,0.3997171901283801,0.0,0.0,0.0,0.0,0.16235993529314968,10.945962838087478,1.1824566308248767,-0.7716375656365626,0.749257103279913,6.260474054400279,6.26047452025911,-0.22683729920929316,0.2215417247226175,0.6515384530209498,0.7323381052131488,-0.1612602040586097,0.15638252435670458,0.6515384530209498,0.7323381052131488,4.8930145730533265,1.2263962666619492,0.0,0.0,0.0,0.0,0.16235993529314968,10.945962838087478,10.547543691936054,0.23605921085827425,1.2263962666619492,1.2263962666619492,1.2263962666619492,1.2263962666619492,1.2263962666619492,0Lepton_3FJ,
ttV,6,2500.0,4000.0,1.7381362050073221,0.6692929083691764,0.0,0.0,0.0,0.0,0.1856274423936737,121.53849635308951,11.231291306337436,-0.22770448267020818,0.22281889809471378,6.312748274699777,6.312761738093908,-0.22683729920929316,0.2215417247226175,6.2656587121956955,6.243472172460538,-0.1612602040586097,0.15638252435670458,6.2656587121956955,6.243472172460538,5.03093432407468,1.1822449825897272,0.0,0.0,0.0,0.0,0.1856274423936737,121.53849635308951,120.76284194888092,0.5900269618149212,1.1822449825897272,1.1822449825897272,1.1822449825897272,1.1822449825897272,1.1822449825897272,0Lepton_3FJ,
sm,1,1250.0,1500.0,1.988961049874141,0.0,0.0,0.0,0.0,0.0,1.988961049874141,6.391116496968367,2.4982732286460765,-3.4934868765873777,3.3532734582280774,47.25902932773717,47.238104686406956,-0.22683729920929316,0.2215417247226175,2.065570193155532,2.297919576675856,-0.1612602040586097,0.15638252435670458,2.065570193155532,2.297919576675856,381.60660485823826,11.369101877199862,0.0,0.0,0.0,0.0,1.988961049874141,6.391116496968367,3.8634974064587246,0.5386580406355015,11.369101877199862,11.369101877199862,11.369101877199862,11.369101877199862,11.369101877199862,0Lepton_3FJ,
sm,2,1500.0,1750.0,1.3195511573378442,0.0,0.0,0.0,0.0,0.0,1.3195511573378442,8.36653695408664,2.075525423908559,-2.0565965872741105,1.9671339538205768,27.481050578681348,27.485733844409943,-0.22683729920929316,0.2215417247226175,1.520817478773536,1.7654050580555798,-0.1612602040586097,0.15638252435670458,1.520817478773536,1.7654050580555798,126.43120458709261,6.2251877584937185,0.0,0.0,0.0,0.0,1.3195511573378442,8.36653695408664,6.467245106923447,0.5797406898253494,6.2251877584937185,6.2251877584937185,6.2251877584937185,6.2251877584937185,6.2251877584937185,0Lepton_3FJ,
sm,3,1750.0,2000.0,0.8739811416145821,0.0,0.0,0.0,0.0,0.0,0.8739811416145821,9.700097933930644,1.7567771715344231,-1.3572406738948288,1.3071303995369428,15.78512622142552,15.78511264175318,-0.22683729920929316,0.2215417247226175,1.2109222013003933,1.3798086937204135,-0.1612602040586097,0.15638252435670458,1.2109222013003933,1.3798086937204135,38.78018480147977,3.3468417166640694,0.0,0.0,0.0,0.0,0.8739811416145821,9.700097933930644,8.404947656071322,0.4211691362447406,3.3468417166640694,3.3468417166640694,3.3468417166640694,3.3468417166640694,3.3468417166640694,0Lepton_3FJ,
sm,4,2000.0,2250.0,0.270426612693366,0.0,0.0,0.0,0.0,0.0,0.270426612693366,10.728972255469914,1.2806611705671078,-0.9962351773643807,0.9638161150771087,9.997262071690141,9.997256791611392,-0.22683729920929316,0.2215417247226175,0.7171795900969646,0.8403771077523844,-0.1612602040586097,0.15638252435670458,0.7171795900969646,0.8403771077523844,14.947908320243,2.1245039294522594,0.0,0.0,0.0,0.0,0.270426612693366,10.728972255469914,10.130138737901058,0.3284069048754902,2.1245039294522594,2.1245039294522594,2.1245039294522594,2.1245039294522594,2.1245039294522594,0Lepton_3FJ,
sm,5,2250.0,2500.0,0.16235993529314968,0.0,0.0,0.0,0.0,0.0,0.16235993529314968,10.945962838087478,1.1824566308248767,-0.7716375656365626,0.749257103279913,6.260474054400279,6.26047452025911,-0.22683729920929316,0.2215417247226175,0.6515384530209498,0.7323381052131488,-0.1612602040586097,0.15638252435670458,0.6515384530209498,0.7323381052131488,4.8930145730533265,1.2263962666619492,0.0,0.0,0.0,0.0,0.16235993529314968,10.945962838087478,10.547543691936054,0.23605921085827425,1.2263962666619492,1.2263962666619492,1.2263962666619492,1.2263962666619492,1.2263962666619492,0Lepton_3FJ,
sm,6,2500.0,4000.0,0.1856274423936737,0.0,0.0,0.0,0.0,0.0,0.1856274423936737,121.53849635308951,11.231291306337436,-0.22770448267020818,0.22281889809471378,6.312748274699777,6.312761738093908,-0.22683729920929316,0.2215417247226175,6.2656587121956955,6.243472172460538,-0.1612602040586097,0.15638252435670458,6.2656587121956955,6.243472172460538,5.03093432407468,1.1822449825897272,0.0,0.0,0.0,0.0,0.1856274423936737,121.53849635308951,120.76284194888092,0.5900269618149212,1.1822449825897272,1.1822449825897272,1.1822449825897272,1.1822449825897272,1.1822449825897272,0Lepton_3FJ,
Other,1,500.0,1600.0,129.5636921459323,0.0,38.8691076437797,38.8691076437797,38.8691076437797,38.8691076437797,12.446235629826939,16.66850320644962,13.157460848452235,-8.634537699525321,8.222447247871967,196.02787471869516,204.24151388227136,-0.19540423256257314,0.19136529118602466,12.239030034838265,12.844927858956154,-0.1612602040586097,0.15638252435670458,12.239030034838265,12.844927858956154,820.1635050954202,0.0,90.99913451419475,91.02099668299986,91.11197474490402,90.90804352521926,12.446235629826939,16.66850320644962,2.6450240683881376,1.5772435082345453,91.01006559859731,91.02099668299986,90.99913451419475,90.90804352521926,91.11197474490402,1Lepton,
Other,2,1600.0,2600.0,27.45474013829397,0.0,8.23642204148819,8.236422041488193,8.23642204148819,8.236422041488193,5.877545906397376,30.379042899700273,8.542995544052863,-1.6285749377969072,1.501594314763977,61.47831801288364,59.47218892992011,-0.19540423256257314,0.19136529118602466,6.301064868697645,7.114003704137885,-0.1612602040586097,0.15638252435670458,6.301064868697645,7.114003704137885,205.05768640382763,0.0,23.41232389632846,23.53311172202484,23.357965292318543,23.58706668813946,5.877545906397376,30.379042899700273,22.3095212396923,2.1919757536105955,23.47271780917665,23.53311172202484,23.41232389632846,23.58706668813946,23.357965292318543,1Lepton,
Other,3,2600.0,3400.0,1.4699372051178776,0.0,0.4409811615353634,0.4409811615353634,0.4409811615353634,0.4409811615353634,0.5765697079475423,29.87439785407888,3.364466527109356,-0.6519575667039175,0.6265796769910312,12.25468049221864,12.247302166793988,-0.19540423256257314,0.19136529118602466,1.5271803724309405,1.76081269274563,-0.1612602040586097,0.15638252435670458,1.5271803724309405,1.76081269274563,19.77749442600424,0.0,3.1850614677608884,3.3003352472700453,3.1712207872701215,3.313636675342372,0.5765697079475423,29.87439785407888,28.578341069893273,0.7194870762380632,3.242698357515467,3.3003352472700453,3.1850614677608884,3.313636675342372,3.1712207872701215,1Lepton,
Other,4,3400.0,4000.0,0.10109006224068669,0.0,0.03032701867220601,0.03032701867220601,0.03032701867220601,0.03032701867220601,0.316319883324761,113.50363814814754,10.593902894728581,-0.1971678172629934,0.19240423349694877,4.614518180909558,4.573574740162586,-0.19540423256257314,0.19136529118602466,4.537215753197554,4.528168735056785,-0.1612602040586097,0.15638252435670458,4.537215753197554,4.528168735056785,1.968957297848454,0.0,0.6283209315539708,0.6165726753041487,0.4313233394585389,0.7674042179965516,0.316319883324761,113.50363814814754,112.7552974668715,0.4320207979512868,0.6224468034290598,0.6165726753041487,0.6283209315539708,0.7674042179965516,0.4313233394585389,1Lepton,
Top,1,500.0,1600.0,268.0720424940706,0.0,53.6144084988141,53.6144084988141,53.6144084988141,53.6144084988141,12.446235629826939,16.66850320644962,13.157460848452235,-8.634537699525321,8.222447247871967,196.02787471869516,204.24151388227136,-0.19540423256257314,0.19136529118602466,12.239030034838265,12.844927858956154,-0.1612602040586097,0.15638252435670458,12.239030034838265,12.844927858956154,820.1635050954202,0.0,90.99913451419475,91.02099668299986,91.11197474490402,90.90804352521926,12.446235629826939,16.66850320644962,2.6450240683881376,1.5772435082345453,91.01006559859731,91.02099668299986,90.99913451419475,90.90804352521926,91.11197474490402,1Lepton,
Top,2,1600.0,2600.0,43.220862045900724,0.0,8.644172409180143,8.644172409180143,8.644172409180143,8.644172409180143,5.877545906397376,30.379042899700273,8.542995544052863,-1.6285749377969072,1.501594314763977,61.47831801288364,59.47218892992011,-0.19540423256257314,0.19136529118602466,6.301064868697645,7.114003704137885,-0.1612602040586097,0.15638252435670458,6.301064868697645,7.114003704137885,205.05768640382763,0.0,23.41232389632846,23.53311172202484,23.357965292318543,23.58706668813946,5.877545906397376,30.379042899700273,22.3095212396923,2.1919757536105955,23.47271780917665,23.53311172202484,23.41232389632846,23.58706668813946,23.357965292318543,1Lepton,
Top,3,2600.0,3400.0,2.5025475426043946,0.0,0.5005095085208788,0.5005095085208788,0.5005095085208788,0.5005095085208788,0.5765697079475423,29.87439785407888,3.364466527109356,-0.6519575667039175,0.6265796769910312,12.25468049221864,12.247302166793988,-0.19540423256257314,0.19136529118602466,1.5271803724309405,1.76081269274563,-0.1612602040586097,0.15638252435670458,1.5271803724309405,1.76081269274563,19.77749442600424,0.0,3.1850614677608884,3.3003352472700453,3.1712207872701215,3.313636675342372,0.5765697079475423,29.87439785407888,28.578341069893273,0.7194870762380632,3.242698357515467,3.3003352472700453,3.1850614677608884,3.313636675342372,3.1712207872701215,1Lepton,
Top,4,3400.0,4000.0,0.08220006995098818,0.0,0.016440013990197636,0.016440013990197636,0.016440013990197636,0.016440013990197636,0.316319883324761,113.50363814814754,10.593902894728581,-0.1971678172629934,0.19240423349694877,4.614518180909558,4.573574740162586,-0.19540423256257314,0.19136529118602466,4.537215753197554,4.528168735056785,-0.1612602040586097,0.15638252435670458,4.537215753197554,4.528168735056785,1.968957297848454,0.0,0.6283209315539708,0.6165726753041487,0.4313233394585389,0.7674042179965516,0.316319883324761,113.50363814814754,112.7552974668715,0.4320207979512868,0.6224468034290598,0.6165726753041487,0.6283209315539708,0.7674042179965516,0.4313233394585389,1Lepton,
WJets,1,500.0,1600.0,410.08153482559044,0.0,62.26389498186544,62.314390835987936,62.29699730878938,62.28129775367333,12.446235629826939,16.66850320644962,13.157460848452235,-8.634537699525321,8.222447247871967,196.02787471869516,204.24151388227136,-0.19540423256257314,0.19136529118602466,12.239030034838265,12.844927858956154,-0.1612602040586097,0.15638252435670458,12.239030034838265,12.844927858956154,820.1635050954202,0.0,90.99913451419475,91.02099668299986,91.11197474490402,90.90804352521926,12.446235629826939,16.66850320644962,2.6450240683881376,1.5772435082345453,91.01006559859731,91.02099668299986,90.99913451419475,90.90804352521926,91.11197474490402,1Lepton,
WJets,2,1600.0,2600.0,128.50453831323554,0.0,19.927078945296856,20.11997140348343,20.07571114336959,19.971668599720715,5.877545906397376,30.379042899700273,8.542995544052863,-1.6285749377969072,1.501594314763977,61.47831801288364,59.47218892992011,-0.19540423256257314,0.19136529118602466,6.301064868697645,7.114003704137885,-0.1612602040586097,0.15638252435670458,6.301064868697645,7.114003704137885,205.05768640382763,0.0,23.41232389632846,23.53311172202484,23.357965292318543,23.58706668813946,5.877545906397376,30.379042899700273,22.3095212396923,2.1919757536105955,23.47271780917665,23.53311172202484,23.41232389632846,23.58706668813946,23.357965292318543,1Lepton,
WJets,3,2600.0,3400.0,15.228439970334424,0.0,3.100268880059476,3.2180789659709705,3.100268880059476,3.2180789659709705,0.5765697079475423,29.87439785407888,3.364466527109356,-0.6519575667039175,0.6265796769910312,12.25468049221864,12.247302166793988,-0.19540423256257314,0.19136529118602466,1.5271803724309405,1.76081269274563,-0.1612602040586097,0.15638252435670458,1.5271803724309405,1.76081269274563,19.77749442600424,0.0,3.1850614677608884,3.3003352472700453,3.1712207872701215,3.313636675342372,0.5765697079475423,29.87439785407888,28.578341069893273,0.7194870762380632,3.242698357515467,3.3003352472700453,3.1850614677608884,3.313636675342372,3.1712207872701215,1Lepton,
WJets,4,3400.0,4000.0,1.4693472823320182,0.0,0.42994164841304194,0.4578031794332886,0.42994164841304194,0.4578031794332886,0.316319883324761,113.50363814814754,10.593902894728581,-0.1971678172629934,0.19240423349694877,4.614518180909558,4.573574740162586,-0.19540423256257314,0.19136529118602466,4.537215753197554,4.528168735056785,-0.1612602040586097,0.15638252435670458,4.537215753197554,4.528168735056785,1.968957297848454,0.0,0.6283209315539708,0.6165726753041487,0.4313233394585389,0.7674042179965516,0.316319883324761,113.50363814814754,112.7552974668715,0.4320207979512868,0.6224468034290598,0.6165726753041487,0.6283209315539708,0.7674042179965516,0.4313233394585389,1Lepton,
sm,1,500.0,1600.0,12.446235629826939,0.0,4.328687597678946,4.052925388527975,5.929902235557865,0.0,12.446235629826939,16.66850320644962,13.157460848452235,-8.634537699525321,8.222447247871967,196.02787471869516,204.24151388227136,-0.19540423256257314,0.19136529118602466,12.239030034838265,12.844927858956154,-0.1612602040586097,0.15638252435670458,12.239030034838265,12.844927858956154,820.1635050954202,0.0,90.99913451419475,91.02099668299986,91.11197474490402,90.90804352521926,12.446235629826939,16.66850320644962,2.6450240683881376,1.5772435082345453,91.01006559859731,91.02099668299986,90.99913451419475,90.90804352521926,91.11197474490402,1Lepton,
sm,2,1600.0,2600.0,5.877545906397376,0.0,2.913429293694218,2.5364805063647275,0.0,3.862875044383892,5.877545906397376,30.379042899700273,8.542995544052863,-1.6285749377969072,1.501594314763977,61.47831801288364,59.47218892992011,-0.19540423256257314,0.19136529118602466,6.301064868697645,7.114003704137885,-0.1612602040586097,0.15638252435670458,6.301064868697645,7.114003704137885,205.05768640382763,0.0,23.41232389632846,23.53311172202484,23.357965292318543,23.58706668813946,5.877545906397376,30.379042899700273,22.3095212396923,2.1919757536105955,23.47271780917665,23.53311172202484,23.41232389632846,23.58706668813946,23.357965292318543,1Lepton,
sm,3,2600.0,3400.0,0.5765697079475423,0.0,0.2966062571845326,0.30200390758954027,0.0,0.4232985140540523,0.5765697079475423,29.87439785407888,3.364466527109356,-0.6519575667039175,0.6265796769910312,12.25468049221864,12.247302166793988,-0.19540423256257314,0.19136529118602466,1.5271803724309405,1.76081269274563,-0.1612602040586097,0.15638252435670458,1.5271803724309405,1.76081269274563,19.77749442600424,0.0,3.1850614677608884,3.3003352472700453,3.1712207872701215,3.313636675342372,0.5765697079475423,29.87439785407888,28.578341069893273,0.7194870762380632,3.242698357515467,3.3003352472700453,3.1850614677608884,3.313636675342372,3.1712207872701215,1Lepton,
sm,4,3400.0,4000.0,0.316319883324761,0.0,0.4568887937640665,0.4115678689000699,0.0,0.6149272156752609,0.316319883324761,113.50363814814754,10.593902894728581,-0.1971678172629934,0.19240423349694877,4.614518180909558,4.573574740162586,-0.19540423256257314,0.19136529118602466,4.537215753197554,4.528168735056785,-0.1612602040586097,0.15638252435670458,4.537215753197554,4.528168735056785,1.968957297848454,0.0,0.6283209315539708,0.6165726753041487,0.4313233394585389,0.7674042179965516,0.316319883324761,113.50363814814754,112.7552974668715,0.4320207979512868,0.6224468034290598,0.6165726753041487,0.6283209315539708,0.7674042179965516,0.4313233394585389,1Lepton,
TTbar,1,200.0,800.0,126.13375120962145,5.019420521564617,25.226750241924307,25.226750241924293,25.226750241924307,25.226750241924293,9.09599295836032,10.064670930001537,9.236224386944762,-10.38273428609855,10.06315117876167,83.66487582929166,84.1511054654311,-0.5719206363790588,0.559674362271458,9.185731166898897,9.461672842817352,-0.1612602040586097,0.15638252435670458,9.185731166898897,9.461672842817352,221.26556191038722,6.650159238273003,36.09132169764394,36.091321697643934,36.09132169764394,36.091321697643934,9.09599295836032,10.064670930001537,0.7160569662281975,0.2526210054130189,36.698884448675166,36.698884448675166,36.698884448675166,36.698884448675166,36.698884448675166,2Lepton_OS,OF
TTbar,2,800.0,1350.0,7.018784584417854,0.9390546762387421,1.4037569168835704,1.4037569168835704,1.4037569168835704,1.4037569168835704,1.6691248628362398,4.60216324706366,1.9824311337928031,-1.953691026504445,1.866801755307533,11.508645646052361,11.510481295347905,-0.5719206363790588,0.559674362271458,2.4173071241416944,2.645749282994135,-0.1612602040586097,0.15638252435670458,2.4173071241416944,2.645749282994135,14.01245305114584,1.3462088577310054,2.1265235232123514,2.1265235232123514,2.1265235232123514,2.1265235232123514,1.6691248628362398,4.60216324706366,2.6981202110079185,0.2349181732195018,2.516819537314682,2.516819537314682,2.516819537314682,2.516819537314682,2.516819537314682,2Lepton_OS,OF
TTbar,3,1350.0,5000.0,0.36064579620549564,0.30035803006312806,0.07212915924109914,0.07212915924109914,0.07212915924109914,0.07212915924109914,0.23859660922285622,11.432085994391853,1.272155529907438,-0.5739808187355451,0.5627329832651717,3.813859141244014,3.813855994306219,-0.5719206363790588,0.559674362271458,3.7879843379841347,3.775475148547982,-0.1612602040586097,0.15638252435670458,3.7879843379841347,3.775475148547982,1.1090358068991777,0.4148486721964572,0.16909362409421397,0.16909362409421397,0.16909362409421397,0.16909362409421397,0.23859660922285622,11.432085994391853,11.068989975552938,0.12449940961605874,0.44798669012871234,0.44798669012871234,0.44798669012871234,0.44798669012871234,0.44798669012871234,2Lepton_OS,OF
restbkg,1,200.0,800.0,86.03581774240544,4.3623428936849695,25.81074532272163,25.81074532272163,25.81074532272163,25.81074532272163,9.09599295836032,10.064670930001537,9.236224386944762,-10.38273428609855,10.06315117876167,83.66487582929166,84.1511054654311,-0.5719206363790588,0.559674362271458,9.185731166898897,9.461672842817352,-0.1612602040586097,0.15638252435670458,9.185731166898897,9.461672842817352,221.26556191038722,6.650159238273003,36.09132169764394,36.091321697643934,36.09132169764394,36.091321697643934,9.09599295836032,10.064670930001537,0.7160569662281975,0.2526210054130189,36.698884448675166,36.698884448675166,36.698884448675166,36.698884448675166,36.698884448675166,2Lepton_OS,OF
restbkg,2,800.0,1350.0,5.324543603891747,0.9646007483241807,1.597363081167524,1.597363081167524,1.597363081167524,1.597363081167524,1.6691248628362398,4.60216324706366,1.9824311337928031,-1.953691026504445,1.866801755307533,11.508645646052361,11.510481295347905,-0.5719206363790588,0.559674362271458,2.4173071241416944,2.645749282994135,-0.1612602040586097,0.15638252435670458,2.4173071241416944,2.645749282994135,14.01245305114584,1.3462088577310054,2.1265235232123514,2.1265235232123514,2.1265235232123514,2.1265235232123514,1.6691248628362398,4.60216324706366,2.6981202110079185,0.2349181732195018,2.516819537314682,2.516819537314682,2.516819537314682,2.516819537314682,2.516819537314682,2Lepton_OS,OF
restbkg,3,1350.0,5000.0,0.5097934014708257,0.28615463407004377,0.1529380204412477,0.1529380204412477,0.1529380204412477,0.1529380204412477,0.23859660922285622,11.432085994391853,1.272155529907438,-0.5739808187355451,0.5627329832651717,3.813859141244014,3.813855994306219,-0.5719206363790588,0.559674362271458,3.7879843379841347,3.775475148547982,-0.1612602040586097,0.15638252435670458,3.7879843379841347,3.775475148547982,1.1090358068991777,0.4148486721964572,0.16909362409421397,0.16909362409421397,0.16909362409421397,0.16909362409421397,0.23859660922285622,11.432085994391853,11.068989975552938,0.12449940961605874,0.44798669012871234,0.44798669012871234,0.44798669012871234,0.44798669012871234,0.44798669012871234,2Lepton_OS,OF
sm,1,200.0,800.0,9.09599295836032,0.0,0.0,0.0,0.0,0.0,9.09599295836032,10.064670930001537,9.236224386944762,-10.38273428609855,10.06315117876167,83.66487582929166,84.1511054654311,-0.5719206363790588,0.559674362271458,9.185731166898897,9.461672842817352,-0.1612602040586097,0.15638252435670458,9.185731166898897,9.461672842817352,221.26556191038722,6.650159238273003,36.09132169764394,36.091321697643934,36.09132169764394,36.091321697643934,9.09599295836032,10.064670930001537,0.7160569662281975,0.2526210054130189,36.698884448675166,36.698884448675166,36.698884448675166,36.698884448675166,36.698884448675166,2Lepton_OS,OF
sm,2,800.0,1350.0,1.6691248628362398,0.0,0.0,0.0,0.0,0.0,1.6691248628362398,4.60216324706366,1.9824311337928031,-1.953691026504445,1.866801755307533,11.508645646052361,11.510481295347905,-0.5719206363790588,0.559674362271458,2.4173071241416944,2.645749282994135,-0.1612602040586097,0.15638252435670458,2.4173071241416944,2.645749282994135,14.01245305114584,1.3462088577310054,2.1265235232123514,2.1265235232123514,2.1265235232123514,2.1265235232123514,1.6691248628362398,4.60216324706366,2.6981202110079185,0.2349181732195018,2.516819537314682,2.516819537314682,2.516819537314682,2.516819537314682,2.516819537314682,2Lepton_OS,OF
sm,3,1350.0,5000.0,0.23859660922285622,0.0,0.0,0.0,0.0,0.0,0.23859660922285622,11.432085994391853,1.272155529907438,-0.5739808187355451,0.5627329832651717,3.813859141244014,3.813855994306219,-0.5719206363790588,0.559674362271458,3.7879843379841347,3.775475148547982,-0.1612602040586097,0.15638252435670458,3.7879843379841347,3.775475148547982,1.1090358068991777,0.4148486721964572,0.16909362409421397,0.16909362409421397,0.16909362409421397,0.16909362409421397,0.23859660922285622,11.432085994391853,11.068989975552938,0.12449940961605874,0.44798669012871234,0.44798669012871234,0.44798669012871234,0.44798669012871234,0.44798669012871234,2Lepton_OS,OF
DY,1,200.0,800.0,346.5992164514756,25.451282900792037,39.836297581036774,40.10584416598999,40.10584416598999,39.836297581036774,8.096854652491063,8.967419711873998,8.224858696709767,-16.401184127236135,16.05214329660086,174.79679244040153,175.2871469737202,-0.9802492132190677,0.9646327949058352,8.474400726364143,8.914996344479622,-0.1612602040586097,0.15638252435670458,8.474400726364143,8.914996344479622,598.4089367708933,26.51845943301718,83.26203868034703,83.3913377786288,83.3913377786288,83.26203868034703,8.096854652491063,8.967419711873998,0.6341213028389318,0.23644375654400385,87.44464341510495,87.50625067508001,87.38304055083105,87.38304055083105,87.50625067508001,2Lepton_OS,SFnoZ
DY,2,800.0,1050.0,31.942193850957192,7.0824980113439215,3.4358068363197525,3.4728539477261897,3.4728539477261897,3.4358068363197525,1.1366666538362091,2.3539103184710726,1.2753928188656147,-4.871696014199368,4.742720937670839,26.05206027668313,26.050605502012303,-0.9802492132190677,0.9646327949058352,2.036629694347615,2.274071495614643,-0.1612602040586097,0.15638252435670458,2.036629694347615,2.274071495614643,54.441116297566744,7.2680150978366145,7.271582093776471,7.289159901680469,7.289159901680469,7.271582093776471,1.1366666538362091,2.3539103184710726,1.0783187350526349,0.13892492958222857,10.287266173621969,10.293488015956855,10.281048079301621,10.281048079301621,10.293488015956855,2Lepton_OS,SFnoZ
DY,3,1050.0,5000.0,6.182429661072676,4.610277334584801,1.137545938187178,1.1864512611671794,1.1864512611671794,1.137545938187178,0.6098341790374621,13.989420257703957,1.857939770705461,-1.0010020439265108,0.9850922588051477,13.597115028072292,13.596547898871712,-0.9802492132190677,0.9646327949058352,13.059938588718671,13.0668977441068,-0.1612602040586097,0.15638252435670458,13.059938588718671,13.0668977441068,13.788408960391804,4.678806514232945,2.3872902945494148,2.410977143004238,2.4109771430042373,2.387290294549415,0.6098341790374621,13.989420257703957,13.170334437771189,0.20925164089530612,5.258048402040491,5.263462850796756,5.252655076061864,5.252655076061865,5.263462850796756,2Lepton_OS,SFnoZ
restbkg,1,200.0,800.0,243.7128656669266,7.447206818964328,73.113859700078,73.113859700078,73.113859700078,73.113859700078,8.096854652491063,8.967419711873998,8.224858696709767,-16.401184127236135,16.05214329660086,174.79679244040153,175.2871469737202,-0.9802492132190677,0.9646327949058352,8.474400726364143,8.914996344479622,-0.1612602040586097,0.15638252435670458,8.474400726364143,8.914996344479622,598.4089367708933,26.51845943301718,83.26203868034703,83.3913377786288,83.3913377786288,83.26203868034703,8.096854652491063,8.967419711873998,0.6341213028389318,0.23644375654400385,87.44464341510495,87.50625067508001,87.38304055083105,87.38304055083105,87.50625067508001,2Lepton_OS,SFnoZ
restbkg,2,800.0,1050.0,21.362255792773347,1.631644992542915,6.408676737832003,6.408676737832003,6.408676737832003,6.408676737832003,1.1366666538362091,2.3539103184710726,1.2753928188656147,-4.871696014199368,4.742720937670839,26.05206027668313,26.050605502012303,-0.9802492132190677,0.9646327949058352,2.036629694347615,2.274071495614643,-0.1612602040586097,0.15638252435670458,2.036629694347615,2.274071495614643,54.441116297566744,7.2680150978366145,7.271582093776471,7.289159901680469,7.289159901680469,7.271582093776471,1.1366666538362091,2.3539103184710726,1.0783187350526349,0.13892492958222857,10.287266173621969,10.293488015956855,10.281048079301621,10.281048079301621,10.293488015956855,2Lepton_OS,SFnoZ
restbkg,3,1050.0,5000.0,6.996145120281667,0.7978554354281892,2.098843536084499,2.0988435360845,2.098843536084499,2.0988435360845,0.6098341790374621,13.989420257703957,1.857939770705461,-1.0010020439265108,0.9850922588051477,13.597115028072292,13.596547898871712,-0.9802492132190677,0.9646327949058352,13.059938588718671,13.0668977441068,-0.1612602040586097,0.15638252435670458,13.059938588718671,13.0668977441068,13.788408960391804,4.678806514232945,2.3872902945494148,2.410977143004238,2.4109771430042373,2.387290294549415,0.6098341790374621,13.989420257703957,13.170334437771189,0.20925164089530612,5.258048402040491,5.263462850796756,5.252655076061864,5.252655076061865,5.263462850796756,2Lepton_OS,SFnoZ
sm,1,200.0,800.0,8.096854652491063,0.0,0.0,0.0,0.0,0.0,8.096854652491063,8.967419711873998,8.224858696709767,-16.401184127236135,16.05214329660086,174.79679244040153,175.2871469737202,-0.9802492132190677,0.9646327949058352,8.474400726364143,8.914996344479622,-0.1612602040586097,0.15638252435670458,8.474400726364143,8.914996344479622,598.4089367708933,26.51845943301718,83.26203868034703,83.3913377786288,83.3913377786288,83.26203868034703,8.096854652491063,8.967419711873998,0.6341213028389318,0.23644375654400385,87.44464341510495,87.50625067508001,87.38304055083105,87.38304055083105,87.50625067508001,2Lepton_OS,SFnoZ
sm,2,800.0,1050.0,1.1366666538362091,0.0,0.0,0.0,0.0,0.0,1.1366666538362091,2.3539103184710726,1.2753928188656147,-4.871696014199368,4.742720937670839,26.05206027668313,26.050605502012303,-0.9802492132190677,0.9646327949058352,2.036629694347615,2.274071495614643,-0.1612602040586097,0.15638252435670458,2.036629694347615,2.274071495614643,54.441116297566744,7.2680150978366145,7.271582093776471,7.289159901680469,7.289159901680469,7.271582093776471,1.1366666538362091,2.3539103184710726,1.0783187350526349,0.13892492958222857,10.287266173621969,10.293488015956855,10.281048079301621,10.281048079301621,10.293488015956855,2Lepton_OS,SFnoZ
sm,3,1050.0,5000.0,0.6098341790374621,0.0,0.0,0.0,0.0,0.0,0.6098341790374621,13.989420257703957,1.857939770705461,-1.0010020439265108,0.9850922588051477,13.597115028072292,13.596547898871712,-0.9802492132190677,0.9646327949058352,13.059938588718671,13.0668977441068,-0.1612602040586097,0.15638252435670458,13.059938588718671,13.0668977441068,13.788408960391804,4.678806514232945,2.3872902945494148,2.410977143004238,2.4109771430042373,2.387290294549415,0.6098341790374621,13.989420257703957,13.170334437771189,0.20925164089530612,5.258048402040491,5.263462850796756,5.252655076061864,5.252655076061865,5.263462850796756,2Lepton_OS,SFnoZ
DY,1,200.0,800.0,2013.979839726649,56.99906649481782,113.40978243238033,114.32262325906595,114.32262325906595,113.40978243238033,16.02877190538701,16.428377820805753,16.096392314606934,-47.6319990738464,47.03525776378673,573.4722791144169,573.6838654708897,-2.13890846401812,2.1223227960420257,16.844881596330612,17.469640742759584,-0.1612602040586097,0.15638252435670458,16.844881596330612,17.469640742759584,2955.014604989188,58.43463468992619,299.7816316063384,300.12815610341005,300.12815610341005,299.7816316063384,16.02877190538701,16.428377820805753,0.24886364478903775,0.15074227062970635,305.59375791863613,305.7638248998367,305.4236945292613,305.4236945292613,305.7638248998367,2Lepton_OS,SFZ
DY,2,800.0,1300.0,212.1376979884474,20.184432138393177,24.546752757653252,25.120367577297543,25.120367577297543,24.546752757653252,4.885639557131598,5.87683725189284,5.001619392013681,-11.84565575294282,11.683299587822084,124.57114223772233,124.27131237853128,-2.13890846401812,2.1223227960420257,8.564379277413096,9.046583100941568,-0.1612602040586097,0.15638252435670458,8.564379277413096,9.046583100941568,394.07643297933896,20.960689789930694,58.51363042220341,58.75657190016613,58.75657190016613,58.51363042220341,4.885639557131598,5.87683725189284,0.863711778791858,0.12748591596938397,62.26897786741064,62.38337324904046,62.154609335558646,62.154609335558646,62.38337324904046,2Lepton_OS,SFZ
DY,3,1300.0,5000.0,3.64477712765617,2.712487483453887,1.1823628377617594,1.3119337950131,1.3119337950131,1.1823628377617594,0.5982290302371344,3.063627106338935,0.8291361317783317,-2.3114036409955454,2.2939555097766213,13.44102865537439,13.444212830461494,-2.13890846401812,2.1223227960420257,11.58883513923726,11.600684223978714,-0.1612602040586097,0.15638252435670458,11.58883513923726,11.600684223978714,16.595641362202326,2.982107667670704,3.889841328934402,3.9311644542887785,3.9311644542887785,3.889841328934402,0.5982290302371344,3.063627106338935,2.4224396251873466,0.04295845091445394,4.917824621403555,4.934269967101922,4.901411195346353,4.901411195346353,4.934269967101922,2Lepton_OS,SFZ
restbkg,1,200.0,800.0,925.0059933571515,12.872954208901021,277.50179800714545,277.50179800714545,277.50179800714545,277.50179800714545,16.02877190538701,16.428377820805753,16.096392314606934,-47.6319990738464,47.03525776378673,573.4722791144169,573.6838654708897,-2.13890846401812,2.1223227960420257,16.844881596330612,17.469640742759584,-0.1612602040586097,0.15638252435670458,16.844881596330612,17.469640742759584,2955.014604989188,58.43463468992619,299.7816316063384,300.12815610341005,300.12815610341005,299.7816316063384,16.02877190538701,16.428377820805753,0.24886364478903775,0.15074227062970635,305.59375791863613,305.7638248998367,305.4236945292613,305.4236945292613,305.7638248998367,2Lepton_OS,SFZ
restbkg,2,800.0,1300.0,177.05309543375998,5.651479073685532,53.115928630127996,53.115928630127996,53.115928630127996,53.115928630127996,4.885639557131598,5.87683725189284,5.001619392013681,-11.84565575294282,11.683299587822084,124.57114223772233,124.27131237853128,-2.13890846401812,2.1223227960420257,8.564379277413096,9.046583100941568,-0.1612602040586097,0.15638252435670458,8.564379277413096,9.046583100941568,394.07643297933896,20.960689789930694,58.51363042220341,58.75657190016613,58.75657190016613,58.51363042220341,4.885639557131598,5.87683725189284,0.863711778791858,0.12748591596938397,62.26897786741064,62.38337324904046,62.154609335558646,62.154609335558646,62.38337324904046,2Lepton_OS,SFZ
restbkg,3,1300.0,5000.0,12.352635204309022,1.2391036250800032,3.705790561292707,3.705790561292707,3.705790561292707,3.705790561292707,0.5982290302371344,3.063627106338935,0.8291361317783317,-2.3114036409955454,2.2939555097766213,13.44102865537439,13.444212830461494,-2.13890846401812,2.1223227960420257,11.58883513923726,11.600684223978714,-0.1612602040586097,0.15638252435670458,11.58883513923726,11.600684223978714,16.595641362202326,2.982107667670704,3.889841328934402,3.9311644542887785,3.9311644542887785,3.889841328934402,0.5982290302371344,3.063627106338935,2.4224396251873466,0.04295845091445394,4.917824621403555,4.934269967101922,4.901411195346353,4.901411195346353,4.934269967101922,2Lepton_OS,SFZ
sm,1,200.0,800.0,16.02877190538701,0.0,0.0,0.0,0.0,0.0,16.02877190538701,16.428377820805753,16.096392314606934,-47.6319990738464,47.03525776378673,573.4722791144169,573.6838654708897,-2.13890846401812,2.1223227960420257,16.844881596330612,17.469640742759584,-0.1612602040586097,0.15638252435670458,16.844881596330612,17.469640742759584,2955.014604989188,58.43463468992619,299.7816316063384,300.12815610341005,300.12815610341005,299.7816316063384,16.02877190538701,16.428377820805753,0.24886364478903775,0.15074227062970635,305.59375791863613,305.7638248998367,305.4236945292613,305.4236945292613,305.7638248998367,2Lepton_OS,SFZ
sm,2,800.0,1300.0,4.885639557131598,0.0,0.0,0.0,0.0,0.0,4.885639557131598,5.87683725189284,5.001619392013681,-11.84565575294282,11.683299587822084,124.57114223772233,124.27131237853128,-2.13890846401812,2.1223227960420257,8.564379277413096,9.046583100941568,-0.1612602040586097,0.15638252435670458,8.564379277413096,9.046583100941568,394.07643297933896,20.960689789930694,58.51363042220341,58.75657190016613,58.75657190016613,58.51363042220341,4.885639557131598,5.87683725189284,0.863711778791858,0.12748591596938397,62.26897786741064,62.38337324904046,62.154609335558646,62.154609335558646,62.38337324904046,2Lepton_OS,SFZ
sm,3,1300.0,5000.0,0.5982290302371344,0.0,0.0,0.0,0.0,0.0,0.5982290302371344,3.063627106338935,0.8291361317783317,-2.3114036409955454,2.2939555097766213,13.44102865537439,13.444212830461494,-2.13890846401812,2.1223227960420257,11.58883513923726,11.600684223978714,-0.1612602040586097,0.15638252435670458,11.58883513923726,11.600684223978714,16.595641362202326,2.982107667670704,3.889841328934402,3.9311644542887785,3.9311644542887785,3.889841328934402,0.5982290302371344,3.063627106338935,2.4224396251873466,0.04295845091445394,4.917824621403555,4.934269967101922,4.901411195346353,4.901411195346353,4.934269967101922,2Lepton_OS,SFZ
DY,1,0.0,800.0,1.5076420307159424,0.3770142462071149,0.3128883056817835,0.31269696928161506,0.3128994101702781,0.31268585760378825,5.291945934295654,5.574550628662109,5.352318919822574,-12.322142005390807,10.907119396999144,20.889752693829745,20.93400918893154,-0.4819493070206476,0.46226779296617293,5.238759522120769,5.393692816215878,-0.1612602040586097,0.15638252435670458,5.238759522120769,5.393692816215878,36.81952242553234,1.0713987782858865,4.287997900537806,4.282000701810123,4.286457401637662,4.283542803482267,5.291945934295654,5.574550628662109,0.11623058468103409,0.166374109685421,4.416912309880496,4.41400332492114,4.4198214146195,4.415499325260645,4.418326877695537,2Lepton_SS,1FJ
DY,2,800.0,1400.0,0.37477242946624756,0.10284413975292929,0.08398755814595794,0.08411160965902313,0.08427150020346022,0.08382712601664656,2.842205762863159,4.612466335296631,3.076711225509644,-2.7260164323617895,2.4724916672604427,12.360936776086758,12.36077549166976,-0.4819493070206476,0.46226779296617293,2.9976940854311804,3.3094881109554586,-0.1612602040586097,0.15638252435670458,2.9976940854311804,3.3094881109554586,13.862291794270277,0.5774626184936592,1.9881320566780964,1.982087162455617,1.9881657498015977,1.9820533660016038,2.842205762863159,4.612466335296631,1.4122509956359863,0.35800957679748535,2.067395278545501,2.0644933023211562,2.0702975995128408,2.0644608549051835,2.070329955451957,2Lepton_SS,1FJ
DY,3,1400.0,1500.0,0.05571712926030159,0.04655752163034204,0.012620570567987356,0.012808431690462061,0.012707686407514926,0.012722005738052548,0.4672689437866211,15.665684700012207,1.8963291645050049,-0.4822746423580284,0.46272394076993256,3.7939095111654777,3.7939096248633435,-0.4819493070206476,0.46226779296617293,3.7893280676079675,3.7874869408576153,-0.1612602040586097,0.15638252435670458,3.7893280676079675,3.7874869408576153,0.9053994151763618,0.08891146068276773,0.1932194347390967,0.10670524753071414,0.19321974392063954,0.10670468766989341,0.4672689437866211,15.665684700012207,14.906973838806152,0.2914419174194336,0.17433861190053423,0.1388929720732274,0.21269461159521508,0.13889254195770503,0.21269489246688758,2Lepton_SS,1FJ
TTbar,1,0.0,800.0,19.399999618530273,0.0,4.100000381469727,4.09999942779541,4.100000381469727,4.09999942779541,5.291945934295654,5.574550628662109,5.352318919822574,-12.322142005390807,10.907119396999144,20.889752693829745,20.93400918893154,-0.4819493070206476,0.46226779296617293,5.238759522120769,5.393692816215878,-0.1612602040586097,0.15638252435670458,5.238759522120769,5.393692816215878,36.81952242553234,1.0713987782858865,4.287997900537806,4.282000701810123,4.286457401637662,4.283542803482267,5.291945934295654,5.574550628662109,0.11623058468103409,0.166374109685421,4.416912309880496,4.41400332492114,4.4198214146195,4.415499325260645,4.418326877695537,2Lepton_SS,1FJ
TTbar,2,800.0,1400.0,5.440000057220459,0.0,1.880000114440918,1.880000114440918,1.880000114440918,1.880000114440918,2.842205762863159,4.612466335296631,3.076711225509644,-2.7260164323617895,2.4724916672604427,12.360936776086758,12.36077549166976,-0.4819493070206476,0.46226779296617293,2.9976940854311804,3.3094881109554586,-0.1612602040586097,0.15638252435670458,2.9976940854311804,3.3094881109554586,13.862291794270277,0.5774626184936592,1.9881320566780964,1.982087162455617,1.9881657498015977,1.9820533660016038,2.842205762863159,4.612466335296631,1.4122509956359863,0.35800957679748535,2.067395278545501,2.0644933023211562,2.0702975995128408,2.0644608549051835,2.070329955451957,2Lepton_SS,1FJ
TTbar,3,1400.0,1500.0,0.14000000059604645,0.0,0.1900000125169754,0.10000000149011612,0.1900000125169754,0.10000000149011612,0.4672689437866211,15.665684700012207,1.8963291645050049,-0.4822746423580284,0.46272394076993256,3.7939095111654777,3.7939096248633435,-0.4819493070206476,0.46226779296617293,3.7893280676079675,3.7874869408576153,-0.1612602040586097,0.15638252435670458,3.7893280676079675,3.7874869408576153,0.9053994151763618,0.08891146068276773,0.1932194347390967,0.10670524753071414,0.19321974392063954,0.10670468766989341,0.4672689437866211,15.665684700012207,14.906973838806152,0.2914419174194336,0.17433861190053423,0.1388929720732274,0.21269461159521508,0.13889254195770503,0.21269489246688758,2Lepton_SS,1FJ
WJets,1,0.0,800.0,2.2921950817108154,0.8733627861533725,0.5827941037648582,0.5411056410865156,0.5750557581469763,0.5493224528641985,5.291945934295654,5.574550628662109,5.352318919822574,-12.322142005390807,10.907119396999144,20.889752693829745,20.93400918893154,-0.4819493070206476,0.46226779296617293,5.238759522120769,5.393692816215878,-0.1612602040586097,0.15638252435670458,5.238759522120769,5.393692816215878,36.81952242553234,1.0713987782858865,4.287997900537806,4.282000701810123,4.286457401637662,4.283542803482267,5.291945934295654,5.574550628662109,0.11623058468103409,0.166374109685421,4.416912309880496,4.41400332492114,4.4198214146195,4.415499325260645,4.418326877695537,2Lepton_SS,1FJ
WJets,2,800.0,1400.0,0.5949442982673645,0.4394307133893993,0.15836526736225343,0.12840958862964585,0.15959788879805228,0.12687432462857653,2.842205762863159,4.612466335296631,3.076711225509644,-2.7260164323617895,2.4724916672604427,12.360936776086758,12.36077549166976,-0.4819493070206476,0.46226779296617293,2.9976940854311804,3.3094881109554586,-0.1612602040586097,0.15638252435670458,2.9976940854311804,3.3094881109554586,13.862291794270277,0.5774626184936592,1.9881320566780964,1.982087162455617,1.9881657498015977,1.9820533660016038,2.842205762863159,4.612466335296631,1.4122509956359863,0.35800957679748535,2.067395278545501,2.0644933023211562,2.0702975995128408,2.0644608549051835,2.070329955451957,2Lepton_SS,1FJ
WJets,3,1400.0,1500.0,0.00809496734291315,0.007609191923091794,0.00242218040147305,0.002712428505977059,0.002712522320150665,0.0024220753415204782,0.4672689437866211,15.665684700012207,1.8963291645050049,-0.4822746423580284,0.46272394076993256,3.7939095111654777,3.7939096248633435,-0.4819493070206476,0.46226779296617293,3.7893280676079675,3.7874869408576153,-0.1612602040586097,0.15638252435670458,3.7893280676079675,3.7874869408576153,0.9053994151763618,0.08891146068276773,0.1932194347390967,0.10670524753071414,0.19321974392063954,0.10670468766989341,0.4672689437866211,15.665684700012207,14.906973838806152,0.2914419174194336,0.17433861190053423,0.1388929720732274,0.21269461159521508,0.13889254195770503,0.21269489246688758,2Lepton_SS,1FJ
WW,1,0.0,800.0,1.1734298467636108,0.10992884692047697,0.23794374552421424,0.23730835969689693,0.23733443201862361,0.23791773997438942,5.291945934295654,5.574550628662109,5.352318919822574,-12.322142005390807,10.907119396999144,20.889752693829745,20.93400918893154,-0.4819493070206476,0.46226779296617293,5.238759522120769,5.393692816215878,-0.1612602040586097,0.15638252435670458,5.238759522120769,5.393692816215878,36.81952242553234,1.0713987782858865,4.287997900537806,4.282000701810123,4.286457401637662,4.283542803482267,5.291945934295654,5.574550628662109,0.11623058468103409,0.166374109685421,4.416912309880496,4.41400332492114,4.4198214146195,4.415499325260645,4.418326877695537,2Lepton_SS,1FJ
WW,2,800.0,1400.0,0.715758204460144,0.08739097789311787,0.20618223329907914,0.15272285606273084,0.20620170729805648,0.15269656184577357,2.842205762863159,4.612466335296631,3.076711225509644,-2.7260164323617895,2.4724916672604427,12.360936776086758,12.36077549166976,-0.4819493070206476,0.46226779296617293,2.9976940854311804,3.3094881109554586,-0.1612602040586097,0.15638252435670458,2.9976940854311804,3.3094881109554586,13.862291794270277,0.5774626184936592,1.9881320566780964,1.982087162455617,1.9881657498015977,1.9820533660016038,2.842205762863159,4.612466335296631,1.4122509956359863,0.35800957679748535,2.067395278545501,2.0644933023211562,2.0702975995128408,2.0644608549051835,2.070329955451957,2Lepton_SS,1FJ
WW,3,1400.0,1500.0,0.060357362031936646,0.008429189767245023,0.012440338997908704,0.012588621739606965,0.012444580710229101,0.012584428577904799,0.4672689437866211,15.665684700012207,1.8963291645050049,-0.4822746423580284,0.46272394076993256,3.7939095111654777,3.7939096248633435,-0.4819493070206476,0.46226779296617293,3.7893280676079675,3.7874869408576153,-0.1612602040586097,0.15638252435670458,3.7893280676079675,3.7874869408576153,0.9053994151763618,0.08891146068276773,0.1932194347390967,0.10670524753071414,0.19321974392063954,0.10670468766989341,0.4672689437866211,15.665684700012207,14.906973838806152,0.2914419174194336,0.17433861190053423,0.1388929720732274,0.21269461159521508,0.13889254195770503,0.21269489246688758,2Lepton_SS,1FJ
WZ,1,0.0,800.0,3.97800350189209,0.46411157098182987,0.815660253179213,0.812479959158154,0.8125370750997939,0.8156033559508478,5.291945934295654,5.574550628662109,5.352318919822574,-12.322142005390807,10.907119396999144,20.889752693829745,20.93400918893154,-0.4819493070206476,0.46226779296617293,5.238759522120769,5.393692816215878,-0.1612602040586097,0.15638252435670458,5.238759522120769,5.393692816215878,36.81952242553234,1.0713987782858865,4.287997900537806,4.282000701810123,4.286457401637662,4.283542803482267,5.291945934295654,5.574550628662109,0.11623058468103409,0.166374109685421,4.416912309880496,4.41400332492114,4.4198214146195,4.415499325260645,4.418326877695537,2Lepton_SS,1FJ
WZ,2,800.0,1400.0,2.336216449737549,0.33884846102406246,0.48106469462174833,0.48585708316019505,0.47928924903435305,0.48760861500647684,2.842205762863159,4.612466335296631,3.076711225509644,-2.7260164323617895,2.4724916672604427,12.360936776086758,12.36077549166976,-0.4819493070206476,0.46226779296617293,2.9976940854311804,3.3094881109554586,-0.1612602040586097,0.15638252435670458,2.9976940854311804,3.3094881109554586,13.862291794270277,0.5774626184936592,1.9881320566780964,1.982087162455617,1.9881657498015977,1.9820533660016038,2.842205762863159,4.612466335296631,1.4122509956359863,0.35800957679748535,2.067395278545501,2.0644933023211562,2.0702975995128408,2.0644608549051835,2.070329955451957,2Lepton_SS,1FJ
WZ,3,1400.0,1500.0,0.12594400346279144,0.07205364616586564,0.027312851204524608,0.02840968961439065,0.027315910756013816,0.028406747868702006,0.4672689437866211,15.665684700012207,1.8963291645050049,-0.4822746423580284,0.46272394076993256,3.7939095111654777,3.7939096248633435,-0.4819493070206476,0.46226779296617293,3.7893280676079675,3.7874869408576153,-0.1612602040586097,0.15638252435670458,3.7893280676079675,3.7874869408576153,0.9053994151763618,0.08891146068276773,0.1932194347390967,0.10670524753071414,0.19321974392063954,0.10670468766989341,0.4672689437866211,15.665684700012207,14.906973838806152,0.2914419174194336,0.17433861190053423,0.1388929720732274,0.21269461159521508,0.13889254195770503,0.21269489246688758,2Lepton_SS,1FJ
ZZ,1,0.0,800.0,0.12225882709026337,0.008669490616628245,0.024860293734579507,0.024864028086035075,0.02487084928374491,0.024853469639830157,5.291945934295654,5.574550628662109,5.352318919822574,-12.322142005390807,10.907119396999144,20.889752693829745,20.93400918893154,-0.4819493070206476,0.46226779296617293,5.238759522120769,5.393692816215878,-0.1612602040586097,0.15638252435670458,5.238759522120769,5.393692816215878,36.81952242553234,1.0713987782858865,4.287997900537806,4.282000701810123,4.286457401637662,4.283542803482267,5.291945934295654,5.574550628662109,0.11623058468103409,0.166374109685421,4.416912309880496,4.41400332492114,4.4198214146195,4.415499325260645,4.418326877695537,2Lepton_SS,1FJ
ZZ,2,800.0,1400.0,0.03741065785288811,0.00476885515223727,0.007675563937497341,0.007702423347243672,0.007706786153087008,0.007671183374770836,2.842205762863159,4.612466335296631,3.076711225509644,-2.7260164323617895,2.4724916672604427,12.360936776086758,12.36077549166976,-0.4819493070206476,0.46226779296617293,2.9976940854311804,3.3094881109554586,-0.1612602040586097,0.15638252435670458,2.9976940854311804,3.3094881109554586,13.862291794270277,0.5774626184936592,1.9881320566780964,1.982087162455617,1.9881657498015977,1.9820533660016038,2.842205762863159,4.612466335296631,1.4122509956359863,0.35800957679748535,2.067395278545501,2.0644933023211562,2.0702975995128408,2.0644608549051835,2.070329955451957,2Lepton_SS,1FJ
ZZ,3,1400.0,1500.0,0.002121994737535715,0.0009638894769638529,0.0004356744100776679,0.0004372274925737204,0.0004374207243258376,0.000435480403450128,0.4672689437866211,15.665684700012207,1.8963291645050049,-0.4822746423580284,0.46272394076993256,3.7939095111654777,3.7939096248633435,-0.4819493070206476,0.46226779296617293,3.7893280676079675,3.7874869408576153,-0.1612602040586097,0.15638252435670458,3.7893280676079675,3.7874869408576153,0.9053994151763618,0.08891146068276773,0.1932194347390967,0.10670524753071414,0.19321974392063954,0.10670468766989341,0.4672689437866211,15.665684700012207,14.906973838806152,0.2914419174194336,0.17433861190053423,0.1388929720732274,0.21269461159521508,0.13889254195770503,0.21269489246688758,2Lepton_SS,1FJ
ttV,1,0.0,800.0,3.0540475845336914,0.12423357943708271,0.6456298466568803,0.6464540443510343,0.6464952219174298,0.6455886138942732,5.291945934295654,5.574550628662109,5.352318919822574,-12.322142005390807,10.907119396999144,20.889752693829745,20.93400918893154,-0.4819493070206476,0.46226779296617293,5.238759522120769,5.393692816215878,-0.1612602040586097,0.15638252435670458,5.238759522120769,5.393692816215878,36.81952242553234,1.0713987782858865,4.287997900537806,4.282000701810123,4.286457401637662,4.283542803482267,5.291945934295654,5.574550628662109,0.11623058468103409,0.166374109685421,4.416912309880496,4.41400332492114,4.4198214146195,4.415499325260645,4.418326877695537,2Lepton_SS,1FJ
ttV,2,800.0,1400.0,1.5209839344024658,0.0854903636158072,0.33487596008328735,0.3335634881034155,0.3369461732170151,0.33147214904397343,2.842205762863159,4.612466335296631,3.076711225509644,-2.7260164323617895,2.4724916672604427,12.360936776086758,12.36077549166976,-0.4819493070206476,0.46226779296617293,2.9976940854311804,3.3094881109554586,-0.1612602040586097,0.15638252435670458,2.9976940854311804,3.3094881109554586,13.862291794270277,0.5774626184936592,1.9881320566780964,1.982087162455617,1.9881657498015977,1.9820533660016038,2.842205762863159,4.612466335296631,1.4122509956359863,0.35800957679748535,2.067395278545501,2.0644933023211562,2.0702975995128408,2.0644608549051835,2.070329955451957,2Lepton_SS,1FJ
ttV,3,1400.0,1500.0,0.045895013958215714,0.020396984331252106,0.01294819514802827,0.015774071529864934,0.012798582216935809,0.015895703301743294,0.4672689437866211,15.665684700012207,1.8963291645050049,-0.4822746423580284,0.46272394076993256,3.7939095111654777,3.7939096248633435,-0.4819493070206476,0.46226779296617293,3.7893280676079675,3.7874869408576153,-0.1612602040586097,0.15638252435670458,3.7893280676079675,3.7874869408576153,0.9053994151763618,0.08891146068276773,0.1932194347390967,0.10670524753071414,0.19321974392063954,0.10670468766989341,0.4672689437866211,15.665684700012207,14.906973838806152,0.2914419174194336,0.17433861190053423,0.1388929720732274,0.21269461159521508,0.13889254195770503,0.21269489246688758,2Lepton_SS,1FJ
sm,1,0.0,800.0,5.291945934295654,0.0,0.0,0.0,0.0,0.0,5.291945934295654,5.574550628662109,5.352318919822574,-12.322142005390807,10.907119396999144,20.889752693829745,20.93400918893154,-0.4819493070206476,0.46226779296617293,5.238759522120769,5.393692816215878,-0.1612602040586097,0.15638252435670458,5.238759522120769,5.393692816215878,36.81952242553234,1.0713987782858865,4.287997900537806,4.282000701810123,4.286457401637662,4.283542803482267,5.291945934295654,5.574550628662109,0.11623058468103409,0.166374109685421,4.416912309880496,4.41400332492114,4.4198214146195,4.415499325260645,4.418326877695537,2Lepton_SS,1FJ
sm,2,800.0,1400.0,2.842205762863159,0.0,0.0,0.0,0.0,0.0,2.842205762863159,4.612466335296631,3.076711225509644,-2.7260164323617895,2.4724916672604427,12.360936776086758,12.36077549166976,-0.4819493070206476,0.46226779296617293,2.9976940854311804,3.3094881109554586,-0.1612602040586097,0.15638252435670458,2.9976940854311804,3.3094881109554586,13.862291794270277,0.5774626184936592,1.9881320566780964,1.982087162455617,1.9881657498015977,1.9820533660016038,2.842205762863159,4.612466335296631,1.4122509956359863,0.35800957679748535,2.067395278545501,2.0644933023211562,2.0702975995128408,2.0644608549051835,2.070329955451957,2Lepton_SS,1FJ
sm,3,1400.0,1500.0,0.4672689437866211,0.0,0.0,0.0,0.0,0.0,0.4672689437866211,15.665684700012207,1.8963291645050049,-0.4822746423580284,0.46272394076993256,3.7939095111654777,3.7939096248633435,-0.4819493070206476,0.46226779296617293,3.7893280676079675,3.7874869408576153,-0.1612602040586097,0.15638252435670458,3.7893280676079675,3.7874869408576153,0.9053994151763618,0.08891146068276773,0.1932194347390967,0.10670524753071414,0.19321974392063954,0.10670468766989341,0.4672689437866211,15.665684700012207,14.906973838806152,0.2914419174194336,0.17433861190053423,0.1388929720732274,0.21269461159521508,0.13889254195770503,0.21269489246688758,2Lepton_SS,1FJ
