process,bin,bin_low,bin_high,yield,MCstat,syst_quadrature_Up,syst_quadrature_Down,syst_quadrature_Increase,syst_quadrature_Decrease,yield_sm,yield_cll1_at_1,yield_cll1_at_0p3,cll1_95CL_LL,cll1_95CL_UL,yield_cll1_95CL_LL,yield_cll1_95CL_UL,comb_cll1_95CL_LL,comb_cll1_95CL_UL,comb_yield_cll1_95CL_LL,comb_yield_cll1_95CL_UL,all_comb_cll1_95CL_LL,all_comb_cll1_95CL_UL,all_comb_yield_cll1_95CL_LL,all_comb_yield_cll1_95CL_UL,total_bkg,total_MCstat,total_syst_Up,total_syst_Down,total_syst_Increase,total_syst_Decrease,sm_cll1,sm_lin_quad_cll1,quad_cll1,lin_cll1,total_unc,total_unc_Down,total_unc_Up,total_unc_Decrease,total_unc_Increase,channel,subchannel
DY,1,1100.0,2000.0,443.1930925399065,5.453632454977241,0.0,0.0,0.0,0.0,34.50592868333185,41.06681795292157,36.41427470399025,-44.0,22.0,310.7939685959657,310.67116509504126,-40.0,18.0,240.02296151101262,239.9150432829275,-27.299999237060547,5.300000190734863,240.02296151101262,239.9150432829275,15944.321702939425,61.51704064880988,0.0,0.0,0.0,0.0,34.50592868333185,41.06681795292157,0.2853369534215057,6.275552316168209,61.51704064880988,61.51704064880988,61.51704064880988,61.51704064880988,61.51704064880988,0Lepton_2FJ,
DY,2,2000.0,2500.0,8.933295916765928,0.7700998897727057,0.0,0.0,0.0,0.0,1.475338671614794,1.7557972356221834,1.5569148033748965,-54.0,32.0,22.55662003940497,22.549755303553503,-40.0,18.0,10.260602802117296,10.255973096543052,-27.299999237060547,5.300000190734863,10.260602802117296,10.255973096543052,223.08164900612468,7.474540523752163,0.0,0.0,0.0,0.0,1.475338671614794,1.7557972356221834,0.012197321152925655,0.26826124285446373,7.474540523752163,7.474540523752163,7.474540523752163,7.474540523752163,7.474540523752163,0Lepton_2FJ,
DY,3,2500.0,3000.0,2.14450765773654,0.37965750579301,0.0,0.0,0.0,0.0,0.35299359486942017,0.42011998046478993,0.3725184421042283,-59.0,37.0,6.7271191831321,6.725275419732794,-40.0,18.0,2.4557107798000457,2.454596839412965,-27.299999237060547,5.300000190734863,2.4557107798000457,2.454596839412965,36.40489776286414,2.8784170650494194,0.0,0.0,0.0,0.0,0.35299359486942017,0.42011998046478993,0.002919373541917937,0.0642070120534518,2.8784170650494194,2.8784170650494194,2.8784170650494194,2.8784170650494194,2.8784170650494194,0Lepton_2FJ,
DY,4,3000.0,3500.0,0.5416109599173069,0.183404084825355,0.0,0.0,0.0,0.0,0.12477900315859541,0.14849680721678502,0.13167772886497978,-68.0,46.0,3.3517777460218556,3.3510080275500904,-40.0,18.0,0.8677308320639721,0.8673392209116704,-27.299999237060547,5.300000190734863,0.8677308320639721,0.8673392209116704,10.656045706736515,1.532332711454587,0.0,0.0,0.0,0.0,0.12477900315859541,0.14849680721678502,0.0010315024336786346,0.022686301624510963,1.532332711454587,1.532332711454587,1.532332711454587,1.532332711454587,1.532332711454587,0Lepton_2FJ,
QCD,1,1100.0,2000.0,10486.996347805885,55.32642892419974,0.0,0.0,0.0,0.0,34.50592868333185,41.06681795292157,36.41427470399025,-44.0,22.0,310.7939685959657,310.67116509504126,-40.0,18.0,240.02296151101262,239.9150432829275,-27.299999237060547,5.300000190734863,240.02296151101262,239.9150432829275,15944.321702939425,61.51704064880988,0.0,0.0,0.0,0.0,34.50592868333185,41.06681795292157,0.2853369534215057,6.275552316168209,61.51704064880988,61.51704064880988,61.51704064880988,61.51704064880988,61.51704064880988,0Lepton_2FJ,
QCD,2,2000.0,2500.0,109.90889079844273,6.189261349353989,0.0,0.0,0.0,0.0,1.475338671614794,1.7557972356221834,1.5569148033748965,-54.0,32.0,22.55662003940497,22.549755303553503,-40.0,18.0,10.260602802117296,10.255973096543052,-27.299999237060547,5.300000190734863,10.260602802117296,10.255973096543052,223.08164900612468,7.474540523752163,0.0,0.0,0.0,0.0,1.475338671614794,1.7557972356221834,0.012197321152925655,0.26826124285446373,7.474540523752163,7.474540523752163,7.474540523752163,7.474540523752163,7.474540523752163,0Lepton_2FJ,
QCD,3,2500.0,3000.0,14.926109792461137,2.2046495787936244,0.0,0.0,0.0,0.0,0.35299359486942017,0.42011998046478993,0.3725184421042283,-59.0,37.0,6.7271191831321,6.725275419732794,-40.0,18.0,2.4557107798000457,2.454596839412965,-27.299999237060547,5.300000190734863,2.4557107798000457,2.454596839412965,36.40489776286414,2.8784170650494194,0.0,0.0,0.0,0.0,0.35299359486942017,0.42011998046478993,0.002919373541917937,0.0642070120534518,2.8784170650494194,2.8784170650494194,2.8784170650494194,2.8784170650494194,2.8784170650494194,0Lepton_2FJ,
QCD,4,3000.0,3500.0,4.679726703210824,1.197752604994411,0.0,0.0,0.0,0.0,0.12477900315859541,0.14849680721678502,0.13167772886497978,-68.0,46.0,3.3517777460218556,3.3510080275500904,-40.0,18.0,0.8677308320639721,0.8673392209116704,-27.299999237060547,5.300000190734863,0.8677308320639721,0.8673392209116704,10.656045706736515,1.532332711454587,0.0,0.0,0.0,0.0,0.12477900315859541,0.14849680721678502,0.0010315024336786346,0.022686301624510963,1.532332711454587,1.532332711454587,1.532332711454587,1.532332711454587,1.532332711454587,0Lepton_2FJ,
TTbar,1,1100.0,2000.0,2405.548857793212,16.446954564075774,0.0,0.0,0.0,0.0,34.50592868333185,41.06681795292157,36.41427470399025,-44.0,22.0,310.7939685959657,310.67116509504126,-40.0,18.0,240.02296151101262,239.9150432829275,-27.299999237060547,5.300000190734863,240.02296151101262,239.9150432829275,15944.321702939425,61.51704064880988,0.0,0.0,0.0,0.0,34.50592868333185,41.06681795292157,0.2853369534215057,6.275552316168209,61.51704064880988,61.51704064880988,61.51704064880988,61.51704064880988,61.51704064880988,0Lepton_2FJ,
TTbar,2,2000.0,2500.0,36.168331917375326,2.0751734249051683,0.0,0.0,0.0,0.0,1.475338671614794,1.7557972356221834,1.5569148033748965,-54.0,32.0,22.55662003940497,22.549755303553503,-40.0,18.0,10.260602802117296,10.255973096543052,-27.299999237060547,5.300000190734863,10.260602802117296,10.255973096543052,223.08164900612468,7.474540523752163,0.0,0.0,0.0,0.0,1.475338671614794,1.7557972356221834,0.012197321152925655,0.26826124285446373,7.474540523752163,7.474540523752163,7.474540523752163,7.474540523752163,7.474540523752163,0Lepton_2FJ,
TTbar,3,2500.0,3000.0,5.822826702147722,0.7932122228369982,0.0,0.0,0.0,0.0,0.35299359486942017,0.42011998046478993,0.3725184421042283,-59.0,37.0,6.7271191831321,6.725275419732794,-40.0,18.0,2.4557107798000457,2.454596839412965,-27.299999237060547,5.300000190734863,2.4557107798000457,2.454596839412965,36.40489776286414,2.8784170650494194,0.0,0.0,0.0,0.0,0.35299359486942017,0.42011998046478993,0.002919373541917937,0.0642070120534518,2.8784170650494194,2.8784170650494194,2.8784170650494194,2.8784170650494194,2.8784170650494194,0Lepton_2FJ,
TTbar,4,3000.0,3500.0,1.3927788622677326,0.3782020039470605,0.0,0.0,0.0,0.0,0.12477900315859541,0.14849680721678502,0.13167772886497978,-68.0,46.0,3.3517777460218556,3.3510080275500904,-40.0,18.0,0.8677308320639721,0.8673392209116704,-27.299999237060547,5.300000190734863,0.8677308320639721,0.8673392209116704,10.656045706736515,1.532332711454587,0.0,0.0,0.0,0.0,0.12477900315859541,0.14849680721678502,0.0010315024336786346,0.022686301624510963,1.532332711454587,1.532332711454587,1.532332711454587,1.532332711454587,1.532332711454587,0Lepton_2FJ,
WJets,1,1100.0,2000.0,1377.3680602400855,11.487063777598474,0.0,0.0,0.0,0.0,34.50592868333185,41.06681795292157,36.41427470399025,-44.0,22.0,310.7939685959657,310.67116509504126,-40.0,18.0,240.02296151101262,239.9150432829275,-27.299999237060547,5.300000190734863,240.02296151101262,239.9150432829275,15944.321702939425,61.51704064880988,0.0,0.0,0.0,0.0,34.50592868333185,41.06681795292157,0.2853369534215057,6.275552316168209,61.51704064880988,61.51704064880988,61.51704064880988,61.51704064880988,61.51704064880988,0Lepton_2FJ,
WJets,2,2000.0,2500.0,27.586104618152604,1.6326704450275293,0.0,0.0,0.0,0.0,1.475338671614794,1.7557972356221834,1.5569148033748965,-54.0,32.0,22.55662003940497,22.549755303553503,-40.0,18.0,10.260602802117296,10.255973096543052,-27.299999237060547,5.300000190734863,10.260602802117296,10.255973096543052,223.08164900612468,7.474540523752163,0.0,0.0,0.0,0.0,1.475338671614794,1.7557972356221834,0.012197321152925655,0.26826124285446373,7.474540523752163,7.474540523752163,7.474540523752163,7.474540523752163,7.474540523752163,0Lepton_2FJ,
WJets,3,2500.0,3000.0,4.344207974485471,0.6476899967839551,0.0,0.0,0.0,0.0,0.35299359486942017,0.42011998046478993,0.3725184421042283,-59.0,37.0,6.7271191831321,6.725275419732794,-40.0,18.0,2.4557107798000457,2.454596839412965,-27.299999237060547,5.300000190734863,2.4557107798000457,2.454596839412965,36.40489776286414,2.8784170650494194,0.0,0.0,0.0,0.0,0.35299359486942017,0.42011998046478993,0.002919373541917937,0.0642070120534518,2.8784170650494194,2.8784170650494194,2.8784170650494194,2.8784170650494194,2.8784170650494194,0Lepton_2FJ,
WJets,4,3000.0,3500.0,1.0306387416349025,0.3118642947060499,0.0,0.0,0.0,0.0,0.12477900315859541,0.14849680721678502,0.13167772886497978,-68.0,46.0,3.3517777460218556,3.3510080275500904,-40.0,18.0,0.8677308320639721,0.8673392209116704,-27.299999237060547,5.300000190734863,0.8677308320639721,0.8673392209116704,10.656045706736515,1.532332711454587,0.0,0.0,0.0,0.0,0.12477900315859541,0.14849680721678502,0.0010315024336786346,0.022686301624510963,1.532332711454587,1.532332711454587,1.532332711454587,1.532332711454587,1.532332711454587,0Lepton_2FJ,
WW,1,1100.0,2000.0,405.1505524814129,9.662213621472555,0.0,0.0,0.0,0.0,34.50592868333185,41.06681795292157,36.41427470399025,-44.0,22.0,310.7939685959657,310.67116509504126,-40.0,18.0,240.02296151101262,239.9150432829275,-27.299999237060547,5.300000190734863,240.02296151101262,239.9150432829275,15944.321702939425,61.51704064880988,0.0,0.0,0.0,0.0,34.50592868333185,41.06681795292157,0.2853369534215057,6.275552316168209,61.51704064880988,61.51704064880988,61.51704064880988,61.51704064880988,61.51704064880988,0Lepton_2FJ,
WW,2,2000.0,2500.0,12.557186089456081,1.685212365271094,0.0,0.0,0.0,0.0,1.475338671614794,1.7557972356221834,1.5569148033748965,-54.0,32.0,22.55662003940497,22.549755303553503,-40.0,18.0,10.260602802117296,10.255973096543052,-27.299999237060547,5.300000190734863,10.260602802117296,10.255973096543052,223.08164900612468,7.474540523752163,0.0,0.0,0.0,0.0,1.475338671614794,1.7557972356221834,0.012197321152925655,0.26826124285446373,7.474540523752163,7.474540523752163,7.474540523752163,7.474540523752163,7.474540523752163,0Lepton_2FJ,
WW,3,2500.0,3000.0,3.1176525950431824,0.8828864357622053,0.0,0.0,0.0,0.0,0.35299359486942017,0.42011998046478993,0.3725184421042283,-59.0,37.0,6.7271191831321,6.725275419732794,-40.0,18.0,2.4557107798000457,2.454596839412965,-27.299999237060547,5.300000190734863,2.4557107798000457,2.454596839412965,36.40489776286414,2.8784170650494194,0.0,0.0,0.0,0.0,0.35299359486942017,0.42011998046478993,0.002919373541917937,0.0642070120534518,2.8784170650494194,2.8784170650494194,2.8784170650494194,2.8784170650494194,2.8784170650494194,0Lepton_2FJ,
WW,4,3000.0,3500.0,0.9266377240419388,0.4931862560486241,0.0,0.0,0.0,0.0,0.12477900315859541,0.14849680721678502,0.13167772886497978,-68.0,46.0,3.3517777460218556,3.3510080275500904,-40.0,18.0,0.8677308320639721,0.8673392209116704,-27.299999237060547,5.300000190734863,0.8677308320639721,0.8673392209116704,10.656045706736515,1.532332711454587,0.0,0.0,0.0,0.0,0.12477900315859541,0.14849680721678502,0.0010315024336786346,0.022686301624510963,1.532332711454587,1.532332711454587,1.532332711454587,1.532332711454587,1.532332711454587,0Lepton_2FJ,
WZ,1,1100.0,2000.0,102.17559579014778,3.878140427000984,0.0,0.0,0.0,0.0,34.50592868333185,41.06681795292157,36.41427470399025,-44.0,22.0,310.7939685959657,310.67116509504126,-40.0,18.0,240.02296151101262,239.9150432829275,-27.299999237060547,5.300000190734863,240.02296151101262,239.9150432829275,15944.321702939425,61.51704064880988,0.0,0.0,0.0,0.0,34.50592868333185,41.06681795292157,0.2853369534215057,6.275552316168209,61.51704064880988,61.51704064880988,61.51704064880988,61.51704064880988,61.51704064880988,0Lepton_2FJ,
WZ,2,2000.0,2500.0,3.415310353040695,0.6665928769264714,0.0,0.0,0.0,0.0,1.475338671614794,1.7557972356221834,1.5569148033748965,-54.0,32.0,22.55662003940497,22.549755303553503,-40.0,18.0,10.260602802117296,10.255973096543052,-27.299999237060547,5.300000190734863,10.260602802117296,10.255973096543052,223.08164900612468,7.474540523752163,0.0,0.0,0.0,0.0,1.475338671614794,1.7557972356221834,0.012197321152925655,0.26826124285446373,7.474540523752163,7.474540523752163,7.474540523752163,7.474540523752163,7.474540523752163,0Lepton_2FJ,
WZ,3,2500.0,3000.0,1.3098052777349949,0.4650351233339387,0.0,0.0,0.0,0.0,0.35299359486942017,0.42011998046478993,0.3725184421042283,-59.0,37.0,6.7271191831321,6.725275419732794,-40.0,18.0,2.4557107798000457,2.454596839412965,-27.299999237060547,5.300000190734863,2.4557107798000457,2.454596839412965,36.40489776286414,2.8784170650494194,0.0,0.0,0.0,0.0,0.35299359486942017,0.42011998046478993,0.002919373541917937,0.0642070120534518,2.8784170650494194,2.8784170650494194,2.8784170650494194,2.8784170650494194,2.8784170650494194,0Lepton_2FJ,
WZ,4,3000.0,3500.0,0.2902390658855438,0.20523001165291718,0.0,0.0,0.0,0.0,0.12477900315859541,0.14849680721678502,0.13167772886497978,-68.0,46.0,3.3517777460218556,3.3510080275500904,-40.0,18.0,0.8677308320639721,0.8673392209116704,-27.299999237060547,5.300000190734863,0.8677308320639721,0.8673392209116704,10.656045706736515,1.532332711454587,0.0,0.0,0.0,0.0,0.12477900315859541,0.14849680721678502,0.0010315024336786346,0.022686301624510963,1.532332711454587,1.532332711454587,1.532332711454587,1.532332711454587,1.532332711454587,0Lepton_2FJ,
ZZ,1,1100.0,2000.0,41.649358920753,4.294930448995165,0.0,0.0,0.0,0.0,34.50592868333185,41.06681795292157,36.41427470399025,-44.0,22.0,310.7939685959657,310.67116509504126,-40.0,18.0,240.02296151101262,239.9150432829275,-27.299999237060547,5.300000190734863,240.02296151101262,239.9150432829275,15944.321702939425,61.51704064880988,0.0,0.0,0.0,0.0,34.50592868333185,41.06681795292157,0.2853369534215057,6.275552316168209,61.51704064880988,61.51704064880988,61.51704064880988,61.51704064880988,61.51704064880988,0Lepton_2FJ,
ZZ,2,2000.0,2500.0,0.8726599365472794,0.7977463253252466,0.0,0.0,0.0,0.0,1.475338671614794,1.7557972356221834,1.5569148033748965,-54.0,32.0,22.55662003940497,22.549755303553503,-40.0,18.0,10.260602802117296,10.255973096543052,-27.299999237060547,5.300000190734863,10.260602802117296,10.255973096543052,223.08164900612468,7.474540523752163,0.0,0.0,0.0,0.0,1.475338671614794,1.7557972356221834,0.012197321152925655,0.26826124285446373,7.474540523752163,7.474540523752163,7.474540523752163,7.474540523752163,7.474540523752163,0Lepton_2FJ,
ZZ,3,2500.0,3000.0,0.24201802164316177,0.3619627147580751,0.0,0.0,0.0,0.0,0.35299359486942017,0.42011998046478993,0.3725184421042283,-59.0,37.0,6.7271191831321,6.725275419732794,-40.0,18.0,2.4557107798000457,2.454596839412965,-27.299999237060547,5.300000190734863,2.4557107798000457,2.454596839412965,36.40489776286414,2.8784170650494194,0.0,0.0,0.0,0.0,0.35299359486942017,0.42011998046478993,0.002919373541917937,0.0642070120534518,2.8784170650494194,2.8784170650494194,2.8784170650494194,2.8784170650494194,2.8784170650494194,0Lepton_2FJ,
ZZ,4,3000.0,3500.0,0.6363779306411743,0.32309480335745283,0.0,0.0,0.0,0.0,0.12477900315859541,0.14849680721678502,0.13167772886497978,-68.0,46.0,3.3517777460218556,3.3510080275500904,-40.0,18.0,0.8677308320639721,0.8673392209116704,-27.299999237060547,5.300000190734863,0.8677308320639721,0.8673392209116704,10.656045706736515,1.532332711454587,0.0,0.0,0.0,0.0,0.12477900315859541,0.14849680721678502,0.0010315024336786346,0.022686301624510963,1.532332711454587,1.532332711454587,1.532332711454587,1.532332711454587,1.532332711454587,0Lepton_2FJ,
ttV,1,1100.0,2000.0,647.7339086846914,12.817594324412774,0.0,0.0,0.0,0.0,34.50592868333185,41.06681795292157,36.41427470399025,-44.0,22.0,310.7939685959657,310.67116509504126,-40.0,18.0,240.02296151101262,239.9150432829275,-27.299999237060547,5.300000190734863,240.02296151101262,239.9150432829275,15944.321702939425,61.51704064880988,0.0,0.0,0.0,0.0,34.50592868333185,41.06681795292157,0.2853369534215057,6.275552316168209,61.51704064880988,61.51704064880988,61.51704064880988,61.51704064880988,61.51704064880988,0Lepton_2FJ,
ttV,2,2000.0,2500.0,22.16453070472926,2.464975181554063,0.0,0.0,0.0,0.0,1.475338671614794,1.7557972356221834,1.5569148033748965,-54.0,32.0,22.55662003940497,22.549755303553503,-40.0,18.0,10.260602802117296,10.255973096543052,-27.299999237060547,5.300000190734863,10.260602802117296,10.255973096543052,223.08164900612468,7.474540523752163,0.0,0.0,0.0,0.0,1.475338671614794,1.7557972356221834,0.012197321152925655,0.26826124285446373,7.474540523752163,7.474540523752163,7.474540523752163,7.474540523752163,7.474540523752163,0Lepton_2FJ,
ttV,3,2500.0,3000.0,4.144776146742515,1.0512916435193844,0.0,0.0,0.0,0.0,0.35299359486942017,0.42011998046478993,0.3725184421042283,-59.0,37.0,6.7271191831321,6.725275419732794,-40.0,18.0,2.4557107798000457,2.454596839412965,-27.299999237060547,5.300000190734863,2.4557107798000457,2.454596839412965,36.40489776286414,2.8784170650494194,0.0,0.0,0.0,0.0,0.35299359486942017,0.42011998046478993,0.002919373541917937,0.0642070120534518,2.8784170650494194,2.8784170650494194,2.8784170650494194,2.8784170650494194,2.8784170650494194,0Lepton_2FJ,
ttV,4,3000.0,3500.0,1.0332567159784958,0.4997567314156581,0.0,0.0,0.0,0.0,0.12477900315859541,0.14849680721678502,0.13167772886497978,-68.0,46.0,3.3517777460218556,3.3510080275500904,-40.0,18.0,0.8677308320639721,0.8673392209116704,-27.299999237060547,5.300000190734863,0.8677308320639721,0.8673392209116704,10.656045706736515,1.532332711454587,0.0,0.0,0.0,0.0,0.12477900315859541,0.14849680721678502,0.0010315024336786346,0.022686301624510963,1.532332711454587,1.532332711454587,1.532332711454587,1.532332711454587,1.532332711454587,0Lepton_2FJ,
sm,1,1100.0,2000.0,34.50592868333185,0.0,0.0,0.0,0.0,0.0,34.50592868333185,41.06681795292157,36.41427470399025,-44.0,22.0,310.7939685959657,310.67116509504126,-40.0,18.0,240.02296151101262,239.9150432829275,-27.299999237060547,5.300000190734863,240.02296151101262,239.9150432829275,15944.321702939425,61.51704064880988,0.0,0.0,0.0,0.0,34.50592868333185,41.06681795292157,0.2853369534215057,6.275552316168209,61.51704064880988,61.51704064880988,61.51704064880988,61.51704064880988,61.51704064880988,0Lepton_2FJ,
sm,2,2000.0,2500.0,1.475338671614794,0.0,0.0,0.0,0.0,0.0,1.475338671614794,1.7557972356221834,1.5569148033748965,-54.0,32.0,22.55662003940497,22.549755303553503,-40.0,18.0,10.260602802117296,10.255973096543052,-27.299999237060547,5.300000190734863,10.260602802117296,10.255973096543052,223.08164900612468,7.474540523752163,0.0,0.0,0.0,0.0,1.475338671614794,1.7557972356221834,0.012197321152925655,0.26826124285446373,7.474540523752163,7.474540523752163,7.474540523752163,7.474540523752163,7.474540523752163,0Lepton_2FJ,
sm,3,2500.0,3000.0,0.35299359486942017,0.0,0.0,0.0,0.0,0.0,0.35299359486942017,0.42011998046478993,0.3725184421042283,-59.0,37.0,6.7271191831321,6.725275419732794,-40.0,18.0,2.4557107798000457,2.454596839412965,-27.299999237060547,5.300000190734863,2.4557107798000457,2.454596839412965,36.40489776286414,2.8784170650494194,0.0,0.0,0.0,0.0,0.35299359486942017,0.42011998046478993,0.002919373541917937,0.0642070120534518,2.8784170650494194,2.8784170650494194,2.8784170650494194,2.8784170650494194,2.8784170650494194,0Lepton_2FJ,
sm,4,3000.0,3500.0,0.12477900315859541,0.0,0.0,0.0,0.0,0.0,0.12477900315859541,0.14849680721678502,0.13167772886497978,-68.0,46.0,3.3517777460218556,3.3510080275500904,-40.0,18.0,0.8677308320639721,0.8673392209116704,-27.299999237060547,5.300000190734863,0.8677308320639721,0.8673392209116704,10.656045706736515,1.532332711454587,0.0,0.0,0.0,0.0,0.12477900315859541,0.14849680721678502,0.0010315024336786346,0.022686301624510963,1.532332711454587,1.532332711454587,1.532332711454587,1.532332711454587,1.532332711454587,0Lepton_2FJ,
DY,1,1250.0,1500.0,8.320661306381226,0.7351518213830418,0.0,0.0,0.0,0.0,2.524089589589385,3.004035852106288,2.6636901314496786,-58.0,36.0,46.1147247156441,46.10217640886074,-47.0,25.0,27.056177320900773,27.046565851875222,-27.299999237060547,5.300000190734863,27.056177320900773,27.046565851875222,382.1417333979535,11.369101877199862,0.0,0.0,0.0,0.0,2.524089589589385,3.004035852106288,0.020873032832272095,0.4590732296846314,11.369101877199862,11.369101877199862,11.369101877199862,11.369101877199862,11.369101877199862,0Lepton_3FJ,
DY,2,1500.0,1750.0,3.3459248691797256,0.476219655426643,0.0,0.0,0.0,0.0,1.1155598526547676,1.3276561164896237,1.1772516503596364,-65.0,43.0,26.90110937754465,26.89459962961066,-47.0,25.0,11.95682469644797,11.952484864491975,-27.299999237060547,5.300000190734863,11.95682469644797,11.952484864491975,126.22721328240954,6.2251877584937185,0.0,0.0,0.0,0.0,1.1155598526547676,1.3276561164896237,0.009224197359943013,0.20287206647491307,6.2251877584937185,6.2251877584937185,6.2251877584937185,6.2251877584937185,6.2251877584937185,0Lepton_3FJ,
DY,3,1750.0,2000.0,1.3090158626437187,0.2979331948577186,0.0,0.0,0.0,0.0,0.5322217069345606,0.63342378774757,0.5616580488763835,-70.0,48.0,15.322757199249061,15.3193543168749,-47.0,25.0,5.7051566396390045,5.703080304631042,-27.299999237060547,5.300000190734863,5.7051566396390045,5.703080304631042,38.43842536679975,3.3468417166640694,0.0,0.0,0.0,0.0,0.5322217069345606,0.63342378774757,0.0044013442956187445,0.09680073651739063,3.3468417166640694,3.3468417166640694,3.3468417166640694,3.3468417166640694,3.3468417166640694,0Lepton_3FJ,
DY,4,2000.0,2250.0,0.7574682086706161,0.22251609053398394,0.0,0.0,0.0,0.0,0.3615255781015967,0.4302554189365663,0.38151681825750333,-69.0,47.0,10.056544735927027,10.0542735663509,-47.0,25.0,3.8746444178205253,3.873234726359482,-27.299999237060547,5.300000190734863,3.8746444178205253,3.873234726359482,15.03900728565123,2.1245039294522594,0.0,0.0,0.0,0.0,0.3615255781015967,0.4302554189365663,0.0029891052123060735,0.06574073562266358,2.1245039294522594,2.1245039294522594,2.1245039294522594,2.1245039294522594,2.1245039294522594,0Lepton_3FJ,
DY,5,2250.0,2500.0,0.15906842052936554,0.1124783588289478,0.0,0.0,0.0,0.0,0.16160510323256227,0.19231925732862612,0.17053883594094554,-79.0,57.0,6.177308116094643,6.176117397333517,-47.0,25.0,1.731556537400115,1.7309261568795185,-27.299999237060547,5.300000190734863,1.731556537400115,1.7309261568795185,4.892259740992738,1.2263962666619492,0.0,0.0,0.0,0.0,0.16160510323256227,0.19231925732862612,0.0013357786687422666,0.02937837542732158,1.2263962666619492,1.2263962666619492,1.2263962666619492,1.2263962666619492,1.2263962666619492,0Lepton_3FJ,
DY,6,2500.0,4000.0,0.13632303848862648,0.09772748647885791,0.0,0.0,0.0,0.0,0.1754646008614014,0.20878304471260864,0.18515583587883616,-76.0,54.0,6.123037645079827,6.121809477151426,-47.0,25.0,1.8785291644461437,1.8778489483627214,-27.299999237060547,5.300000190734863,1.8785291644461437,1.8778489483627214,5.020771482542408,1.1822449825897272,0.0,0.0,0.0,0.0,0.1754646008614014,0.20878304471260864,0.0014490387520352318,0.03186940509917202,1.1822449825897272,1.1822449825897272,1.1822449825897272,1.1822449825897272,1.1822449825897272,0Lepton_3FJ,
QCD,1,1250.0,1500.0,245.37664900545514,10.478759414984793,0.0,0.0,0.0,0.0,2.524089589589385,3.004035852106288,2.6636901314496786,-58.0,36.0,46.1147247156441,46.10217640886074,-47.0,25.0,27.056177320900773,27.046565851875222,-27.299999237060547,5.300000190734863,27.056177320900773,27.046565851875222,382.1417333979535,11.369101877199862,0.0,0.0,0.0,0.0,2.524089589589385,3.004035852106288,0.020873032832272095,0.4590732296846314,11.369101877199862,11.369101877199862,11.369101877199862,11.369101877199862,11.369101877199862,0Lepton_3FJ,
QCD,2,1500.0,1750.0,78.02144186321715,5.63038002359732,0.0,0.0,0.0,0.0,1.1155598526547676,1.3276561164896237,1.1772516503596364,-65.0,43.0,26.90110937754465,26.89459962961066,-47.0,25.0,11.95682469644797,11.952484864491975,-27.299999237060547,5.300000190734863,11.95682469644797,11.952484864491975,126.22721328240954,6.2251877584937185,0.0,0.0,0.0,0.0,1.1155598526547676,1.3276561164896237,0.009224197359943013,0.20287206647491307,6.2251877584937185,6.2251877584937185,6.2251877584937185,6.2251877584937185,6.2251877584937185,0Lepton_3FJ,
QCD,3,1750.0,2000.0,20.258951745973658,2.923942895311534,0.0,0.0,0.0,0.0,0.5322217069345606,0.63342378774757,0.5616580488763835,-70.0,48.0,15.322757199249061,15.3193543168749,-47.0,25.0,5.7051566396390045,5.703080304631042,-27.299999237060547,5.300000190734863,5.7051566396390045,5.703080304631042,38.43842536679975,3.3468417166640694,0.0,0.0,0.0,0.0,0.5322217069345606,0.63342378774757,0.0044013442956187445,0.09680073651739063,3.3468417166640694,3.3468417166640694,3.3468417166640694,3.3468417166640694,3.3468417166640694,0Lepton_3FJ,
QCD,4,2000.0,2250.0,7.521946365392397,1.8300113419270347,0.0,0.0,0.0,0.0,0.3615255781015967,0.4302554189365663,0.38151681825750333,-69.0,47.0,10.056544735927027,10.0542735663509,-47.0,25.0,3.8746444178205253,3.873234726359482,-27.299999237060547,5.300000190734863,3.8746444178205253,3.873234726359482,15.03900728565123,2.1245039294522594,0.0,0.0,0.0,0.0,0.3615255781015967,0.4302554189365663,0.0029891052123060735,0.06574073562266358,2.1245039294522594,2.1245039294522594,2.1245039294522594,2.1245039294522594,2.1245039294522594,0Lepton_3FJ,
QCD,5,2250.0,2500.0,2.199576611595854,1.0753814024008017,0.0,0.0,0.0,0.0,0.16160510323256227,0.19231925732862612,0.17053883594094554,-79.0,57.0,6.177308116094643,6.176117397333517,-47.0,25.0,1.731556537400115,1.7309261568795185,-27.299999237060547,5.300000190734863,1.731556537400115,1.7309261568795185,4.892259740992738,1.2263962666619492,0.0,0.0,0.0,0.0,0.16160510323256227,0.19231925732862612,0.0013357786687422666,0.02937837542732158,1.2263962666619492,1.2263962666619492,1.2263962666619492,1.2263962666619492,1.2263962666619492,0Lepton_3FJ,
QCD,6,2500.0,4000.0,1.3755239680097822,0.8643356740608688,0.0,0.0,0.0,0.0,0.1754646008614014,0.20878304471260864,0.18515583587883616,-76.0,54.0,6.123037645079827,6.121809477151426,-47.0,25.0,1.8785291644461437,1.8778489483627214,-27.299999237060547,5.300000190734863,1.8785291644461437,1.8778489483627214,5.020771482542408,1.1822449825897272,0.0,0.0,0.0,0.0,0.1754646008614014,0.20878304471260864,0.0014490387520352318,0.03186940509917202,1.1822449825897272,1.1822449825897272,1.1822449825897272,1.1822449825897272,1.1822449825897272,0Lepton_3FJ,
TTbar,1,1250.0,1500.0,63.42934338003397,2.6733973013644996,0.0,0.0,0.0,0.0,2.524089589589385,3.004035852106288,2.6636901314496786,-58.0,36.0,46.1147247156441,46.10217640886074,-47.0,25.0,27.056177320900773,27.046565851875222,-27.299999237060547,5.300000190734863,27.056177320900773,27.046565851875222,382.1417333979535,11.369101877199862,0.0,0.0,0.0,0.0,2.524089589589385,3.004035852106288,0.020873032832272095,0.4590732296846314,11.369101877199862,11.369101877199862,11.369101877199862,11.369101877199862,11.369101877199862,0Lepton_3FJ,
TTbar,2,1500.0,1750.0,16.533486746251583,1.3756392681012872,0.0,0.0,0.0,0.0,1.1155598526547676,1.3276561164896237,1.1772516503596364,-65.0,43.0,26.90110937754465,26.89459962961066,-47.0,25.0,11.95682469644797,11.952484864491975,-27.299999237060547,5.300000190734863,11.95682469644797,11.952484864491975,126.22721328240954,6.2251877584937185,0.0,0.0,0.0,0.0,1.1155598526547676,1.3276561164896237,0.009224197359943013,0.20287206647491307,6.2251877584937185,6.2251877584937185,6.2251877584937185,6.2251877584937185,6.2251877584937185,0Lepton_3FJ,
TTbar,3,1750.0,2000.0,5.671124301850796,0.803730906458453,0.0,0.0,0.0,0.0,0.5322217069345606,0.63342378774757,0.5616580488763835,-70.0,48.0,15.322757199249061,15.3193543168749,-47.0,25.0,5.7051566396390045,5.703080304631042,-27.299999237060547,5.300000190734863,5.7051566396390045,5.703080304631042,38.43842536679975,3.3468417166640694,0.0,0.0,0.0,0.0,0.5322217069345606,0.63342378774757,0.0044013442956187445,0.09680073651739063,3.3468417166640694,3.3468417166640694,3.3468417166640694,3.3468417166640694,3.3468417166640694,0Lepton_3FJ,
TTbar,4,2000.0,2250.0,2.08247684314847,0.4504608293337196,0.0,0.0,0.0,0.0,0.3615255781015967,0.4302554189365663,0.38151681825750333,-69.0,47.0,10.056544735927027,10.0542735663509,-47.0,25.0,3.8746444178205253,3.873234726359482,-27.299999237060547,5.300000190734863,3.8746444178205253,3.873234726359482,15.03900728565123,2.1245039294522594,0.0,0.0,0.0,0.0,0.3615255781015967,0.4302554189365663,0.0029891052123060735,0.06574073562266358,2.1245039294522594,2.1245039294522594,2.1245039294522594,2.1245039294522594,2.1245039294522594,0Lepton_3FJ,
TTbar,5,2250.0,2500.0,0.6132752634584904,0.2524085953152234,0.0,0.0,0.0,0.0,0.16160510323256227,0.19231925732862612,0.17053883594094554,-79.0,57.0,6.177308116094643,6.176117397333517,-47.0,25.0,1.731556537400115,1.7309261568795185,-27.299999237060547,5.300000190734863,1.731556537400115,1.7309261568795185,4.892259740992738,1.2263962666619492,0.0,0.0,0.0,0.0,0.16160510323256227,0.19231925732862612,0.0013357786687422666,0.02937837542732158,1.2263962666619492,1.2263962666619492,1.2263962666619492,1.2263962666619492,1.2263962666619492,0Lepton_3FJ,
TTbar,6,2500.0,4000.0,0.433292992413044,0.22852263218319321,0.0,0.0,0.0,0.0,0.1754646008614014,0.20878304471260864,0.18515583587883616,-76.0,54.0,6.123037645079827,6.121809477151426,-47.0,25.0,1.8785291644461437,1.8778489483627214,-27.299999237060547,5.300000190734863,1.8785291644461437,1.8778489483627214,5.020771482542408,1.1822449825897272,0.0,0.0,0.0,0.0,0.1754646008614014,0.20878304471260864,0.0014490387520352318,0.03186940509917202,1.1822449825897272,1.1822449825897272,1.1822449825897272,1.1822449825897272,1.1822449825897272,0Lepton_3FJ,
WJets,1,1250.0,1500.0,19.29809100739658,1.339900722692111,0.0,0.0,0.0,0.0,2.524089589589385,3.004035852106288,2.6636901314496786,-58.0,36.0,46.1147247156441,46.10217640886074,-47.0,25.0,27.056177320900773,27.046565851875222,-27.299999237060547,5.300000190734863,27.056177320900773,27.046565851875222,382.1417333979535,11.369101877199862,0.0,0.0,0.0,0.0,2.524089589589385,3.004035852106288,0.020873032832272095,0.4590732296846314,11.369101877199862,11.369101877199862,11.369101877199862,11.369101877199862,11.369101877199862,0Lepton_3FJ,
WJets,2,1500.0,1750.0,8.487073187716305,0.9006274979247081,0.0,0.0,0.0,0.0,1.1155598526547676,1.3276561164896237,1.1772516503596364,-65.0,43.0,26.90110937754465,26.89459962961066,-47.0,25.0,11.95682469644797,11.952484864491975,-27.299999237060547,5.300000190734863,11.95682469644797,11.952484864491975,126.22721328240954,6.2251877584937185,0.0,0.0,0.0,0.0,1.1155598526547676,1.3276561164896237,0.009224197359943013,0.20287206647491307,6.2251877584937185,6.2251877584937185,6.2251877584937185,6.2251877584937185,6.2251877584937185,0Lepton_3FJ,
WJets,3,1750.0,2000.0,3.108623112886562,0.5360851946530797,0.0,0.0,0.0,0.0,0.5322217069345606,0.63342378774757,0.5616580488763835,-70.0,48.0,15.322757199249061,15.3193543168749,-47.0,25.0,5.7051566396390045,5.703080304631042,-27.299999237060547,5.300000190734863,5.7051566396390045,5.703080304631042,38.43842536679975,3.3468417166640694,0.0,0.0,0.0,0.0,0.5322217069345606,0.63342378774757,0.0044013442956187445,0.09680073651739063,3.3468417166640694,3.3468417166640694,3.3468417166640694,3.3468417166640694,3.3468417166640694,0Lepton_3FJ,
WJets,4,2000.0,2250.0,0.9209651717537781,0.29780640665170466,0.0,0.0,0.0,0.0,0.3615255781015967,0.4302554189365663,0.38151681825750333,-69.0,47.0,10.056544735927027,10.0542735663509,-47.0,25.0,3.8746444178205253,3.873234726359482,-27.299999237060547,5.300000190734863,3.8746444178205253,3.873234726359482,15.03900728565123,2.1245039294522594,0.0,0.0,0.0,0.0,0.3615255781015967,0.4302554189365663,0.0029891052123060735,0.06574073562266358,2.1245039294522594,2.1245039294522594,2.1245039294522594,2.1245039294522594,2.1245039294522594,0Lepton_3FJ,
WJets,5,2250.0,2500.0,0.6850190060213208,0.23800091073381033,0.0,0.0,0.0,0.0,0.16160510323256227,0.19231925732862612,0.17053883594094554,-79.0,57.0,6.177308116094643,6.176117397333517,-47.0,25.0,1.731556537400115,1.7309261568795185,-27.299999237060547,5.300000190734863,1.731556537400115,1.7309261568795185,4.892259740992738,1.2263962666619492,0.0,0.0,0.0,0.0,0.16160510323256227,0.19231925732862612,0.0013357786687422666,0.02937837542732158,1.2263962666619492,1.2263962666619492,1.2263962666619492,1.2263962666619492,1.2263962666619492,0Lepton_3FJ,
WJets,6,2500.0,4000.0,0.6682098987366771,0.26200654062138445,0.0,0.0,0.0,0.0,0.1754646008614014,0.20878304471260864,0.18515583587883616,-76.0,54.0,6.123037645079827,6.121809477151426,-47.0,25.0,1.8785291644461437,1.8778489483627214,-27.299999237060547,5.300000190734863,1.8785291644461437,1.8778489483627214,5.020771482542408,1.1822449825897272,0.0,0.0,0.0,0.0,0.1754646008614014,0.20878304471260864,0.0014490387520352318,0.03186940509917202,1.1822449825897272,1.1822449825897272,1.1822449825897272,1.1822449825897272,1.1822449825897272,0Lepton_3FJ,
WW,1,1250.0,1500.0,4.261055842041969,0.9088461159774744,0.0,0.0,0.0,0.0,2.524089589589385,3.004035852106288,2.6636901314496786,-58.0,36.0,46.1147247156441,46.10217640886074,-47.0,25.0,27.056177320900773,27.046565851875222,-27.299999237060547,5.300000190734863,27.056177320900773,27.046565851875222,382.1417333979535,11.369101877199862,0.0,0.0,0.0,0.0,2.524089589589385,3.004035852106288,0.020873032832272095,0.4590732296846314,11.369101877199862,11.369101877199862,11.369101877199862,11.369101877199862,11.369101877199862,0Lepton_3FJ,
WW,2,1500.0,1750.0,2.6592157408595085,0.642700720960802,0.0,0.0,0.0,0.0,1.1155598526547676,1.3276561164896237,1.1772516503596364,-65.0,43.0,26.90110937754465,26.89459962961066,-47.0,25.0,11.95682469644797,11.952484864491975,-27.299999237060547,5.300000190734863,11.95682469644797,11.952484864491975,126.22721328240954,6.2251877584937185,0.0,0.0,0.0,0.0,1.1155598526547676,1.3276561164896237,0.009224197359943013,0.20287206647491307,6.2251877584937185,6.2251877584937185,6.2251877584937185,6.2251877584937185,6.2251877584937185,0Lepton_3FJ,
WW,3,1750.0,2000.0,0.9926059022545815,0.3561083535351449,0.0,0.0,0.0,0.0,0.5322217069345606,0.63342378774757,0.5616580488763835,-70.0,48.0,15.322757199249061,15.3193543168749,-47.0,25.0,5.7051566396390045,5.703080304631042,-27.299999237060547,5.300000190734863,5.7051566396390045,5.703080304631042,38.43842536679975,3.3468417166640694,0.0,0.0,0.0,0.0,0.5322217069345606,0.63342378774757,0.0044013442956187445,0.09680073651739063,3.3468417166640694,3.3468417166640694,3.3468417166640694,3.3468417166640694,3.3468417166640694,0Lepton_3FJ,
WW,4,2000.0,2250.0,0.22619789093732834,0.26125068517446853,0.0,0.0,0.0,0.0,0.3615255781015967,0.4302554189365663,0.38151681825750333,-69.0,47.0,10.056544735927027,10.0542735663509,-47.0,25.0,3.8746444178205253,3.873234726359482,-27.299999237060547,5.300000190734863,3.8746444178205253,3.873234726359482,15.03900728565123,2.1245039294522594,0.0,0.0,0.0,0.0,0.3615255781015967,0.4302554189365663,0.0029891052123060735,0.06574073562266358,2.1245039294522594,2.1245039294522594,2.1245039294522594,2.1245039294522594,2.1245039294522594,0Lepton_3FJ,
WW,5,2250.0,2500.0,0.12879902124404907,0.12879902124404907,0.0,0.0,0.0,0.0,0.16160510323256227,0.19231925732862612,0.17053883594094554,-79.0,57.0,6.177308116094643,6.176117397333517,-47.0,25.0,1.731556537400115,1.7309261568795185,-27.299999237060547,5.300000190734863,1.731556537400115,1.7309261568795185,4.892259740992738,1.2263962666619492,0.0,0.0,0.0,0.0,0.16160510323256227,0.19231925732862612,0.0013357786687422666,0.02937837542732158,1.2263962666619492,1.2263962666619492,1.2263962666619492,1.2263962666619492,1.2263962666619492,0Lepton_3FJ,
WW,6,2500.0,4000.0,0.2858474627137184,0.17029521881579282,0.0,0.0,0.0,0.0,0.1754646008614014,0.20878304471260864,0.18515583587883616,-76.0,54.0,6.123037645079827,6.121809477151426,-47.0,25.0,1.8785291644461437,1.8778489483627214,-27.299999237060547,5.300000190734863,1.8785291644461437,1.8778489483627214,5.020771482542408,1.1822449825897272,0.0,0.0,0.0,0.0,0.1754646008614014,0.20878304471260864,0.0014490387520352318,0.03186940509917202,1.1822449825897272,1.1822449825897272,1.1822449825897272,1.1822449825897272,1.1822449825897272,0Lepton_3FJ,
WZ,1,1250.0,1500.0,0.19025547802448273,0.10998135364958891,0.0,0.0,0.0,0.0,2.524089589589385,3.004035852106288,2.6636901314496786,-58.0,36.0,46.1147247156441,46.10217640886074,-47.0,25.0,27.056177320900773,27.046565851875222,-27.299999237060547,5.300000190734863,27.056177320900773,27.046565851875222,382.1417333979535,11.369101877199862,0.0,0.0,0.0,0.0,2.524089589589385,3.004035852106288,0.020873032832272095,0.4590732296846314,11.369101877199862,11.369101877199862,11.369101877199862,11.369101877199862,11.369101877199862,0Lepton_3FJ,
WZ,2,1500.0,1750.0,0.06790421158075333,0.06790421158075333,0.0,0.0,0.0,0.0,1.1155598526547676,1.3276561164896237,1.1772516503596364,-65.0,43.0,26.90110937754465,26.89459962961066,-47.0,25.0,11.95682469644797,11.952484864491975,-27.299999237060547,5.300000190734863,11.95682469644797,11.952484864491975,126.22721328240954,6.2251877584937185,0.0,0.0,0.0,0.0,1.1155598526547676,1.3276561164896237,0.009224197359943013,0.20287206647491307,6.2251877584937185,6.2251877584937185,6.2251877584937185,6.2251877584937185,6.2251877584937185,0Lepton_3FJ,
WZ,3,1750.0,2000.0,0.0,0.0,0.0,0.0,0.0,0.0,0.5322217069345606,0.63342378774757,0.5616580488763835,-70.0,48.0,15.322757199249061,15.3193543168749,-47.0,25.0,5.7051566396390045,5.703080304631042,-27.299999237060547,5.300000190734863,5.7051566396390045,5.703080304631042,38.43842536679975,3.3468417166640694,0.0,0.0,0.0,0.0,0.5322217069345606,0.63342378774757,0.0044013442956187445,0.09680073651739063,3.3468417166640694,3.3468417166640694,3.3468417166640694,3.3468417166640694,3.3468417166640694,0Lepton_3FJ,
WZ,4,2000.0,2250.0,0.20797331631183624,0.20797331631183624,0.0,0.0,0.0,0.0,0.3615255781015967,0.4302554189365663,0.38151681825750333,-69.0,47.0,10.056544735927027,10.0542735663509,-47.0,25.0,3.8746444178205253,3.873234726359482,-27.299999237060547,5.300000190734863,3.8746444178205253,3.873234726359482,15.03900728565123,2.1245039294522594,0.0,0.0,0.0,0.0,0.3615255781015967,0.4302554189365663,0.0029891052123060735,0.06574073562266358,2.1245039294522594,2.1245039294522594,2.1245039294522594,2.1245039294522594,2.1245039294522594,0Lepton_3FJ,
WZ,5,2250.0,2500.0,0.1451195329427719,0.1451195329427719,0.0,0.0,0.0,0.0,0.16160510323256227,0.19231925732862612,0.17053883594094554,-79.0,57.0,6.177308116094643,6.176117397333517,-47.0,25.0,1.731556537400115,1.7309261568795185,-27.299999237060547,5.300000190734863,1.731556537400115,1.7309261568795185,4.892259740992738,1.2263962666619492,0.0,0.0,0.0,0.0,0.16160510323256227,0.19231925732862612,0.0013357786687422666,0.02937837542732158,1.2263962666619492,1.2263962666619492,1.2263962666619492,1.2263962666619492,1.2263962666619492,0Lepton_3FJ,
WZ,6,2500.0,4000.0,0.20797331631183624,0.20797331631183624,0.0,0.0,0.0,0.0,0.1754646008614014,0.20878304471260864,0.18515583587883616,-76.0,54.0,6.123037645079827,6.121809477151426,-47.0,25.0,1.8785291644461437,1.8778489483627214,-27.299999237060547,5.300000190734863,1.8785291644461437,1.8778489483627214,5.020771482542408,1.1822449825897272,0.0,0.0,0.0,0.0,0.1754646008614014,0.20878304471260864,0.0014490387520352318,0.03186940509917202,1.1822449825897272,1.1822449825897272,1.1822449825897272,1.1822449825897272,1.1822449825897272,0Lepton_3FJ,
ZZ,1,1250.0,1500.0,0.6529859751462936,0.299711496187275,0.0,0.0,0.0,0.0,2.524089589589385,3.004035852106288,2.6636901314496786,-58.0,36.0,46.1147247156441,46.10217640886074,-47.0,25.0,27.056177320900773,27.046565851875222,-27.299999237060547,5.300000190734863,27.056177320900773,27.046565851875222,382.1417333979535,11.369101877199862,0.0,0.0,0.0,0.0,2.524089589589385,3.004035852106288,0.020873032832272095,0.4590732296846314,11.369101877199862,11.369101877199862,11.369101877199862,11.369101877199862,11.369101877199862,0Lepton_3FJ,
ZZ,2,1500.0,1750.0,0.18713924288749695,0.18713924288749695,0.0,0.0,0.0,0.0,1.1155598526547676,1.3276561164896237,1.1772516503596364,-65.0,43.0,26.90110937754465,26.89459962961066,-47.0,25.0,11.95682469644797,11.952484864491975,-27.299999237060547,5.300000190734863,11.95682469644797,11.952484864491975,126.22721328240954,6.2251877584937185,0.0,0.0,0.0,0.0,1.1155598526547676,1.3276561164896237,0.009224197359943013,0.20287206647491307,6.2251877584937185,6.2251877584937185,6.2251877584937185,6.2251877584937185,6.2251877584937185,0Lepton_3FJ,
ZZ,3,1750.0,2000.0,0.5480807796120644,0.280752347980814,0.0,0.0,0.0,0.0,0.5322217069345606,0.63342378774757,0.5616580488763835,-70.0,48.0,15.322757199249061,15.3193543168749,-47.0,25.0,5.7051566396390045,5.703080304631042,-27.299999237060547,5.300000190734863,5.7051566396390045,5.703080304631042,38.43842536679975,3.3468417166640694,0.0,0.0,0.0,0.0,0.5322217069345606,0.63342378774757,0.0044013442956187445,0.09680073651739063,3.3468417166640694,3.3468417166640694,3.3468417166640694,3.3468417166640694,3.3468417166640694,0Lepton_3FJ,
ZZ,4,2000.0,2250.0,0.0,0.0,0.0,0.0,0.0,0.0,0.3615255781015967,0.4302554189365663,0.38151681825750333,-69.0,47.0,10.056544735927027,10.0542735663509,-47.0,25.0,3.8746444178205253,3.873234726359482,-27.299999237060547,5.300000190734863,3.8746444178205253,3.873234726359482,15.03900728565123,2.1245039294522594,0.0,0.0,0.0,0.0,0.3615255781015967,0.4302554189365663,0.0029891052123060735,0.06574073562266358,2.1245039294522594,2.1245039294522594,2.1245039294522594,2.1245039294522594,2.1245039294522594,0Lepton_3FJ,
ZZ,5,2250.0,2500.0,0.1310497224330902,0.1310497224330902,0.0,0.0,0.0,0.0,0.16160510323256227,0.19231925732862612,0.17053883594094554,-79.0,57.0,6.177308116094643,6.176117397333517,-47.0,25.0,1.731556537400115,1.7309261568795185,-27.299999237060547,5.300000190734863,1.731556537400115,1.7309261568795185,4.892259740992738,1.2263962666619492,0.0,0.0,0.0,0.0,0.16160510323256227,0.19231925732862612,0.0013357786687422666,0.02937837542732158,1.2263962666619492,1.2263962666619492,1.2263962666619492,1.2263962666619492,1.2263962666619492,0Lepton_3FJ,
ZZ,6,2500.0,4000.0,0.0,0.0,0.0,0.0,0.0,0.0,0.1754646008614014,0.20878304471260864,0.18515583587883616,-76.0,54.0,6.123037645079827,6.121809477151426,-47.0,25.0,1.8785291644461437,1.8778489483627214,-27.299999237060547,5.300000190734863,1.8785291644461437,1.8778489483627214,5.020771482542408,1.1822449825897272,0.0,0.0,0.0,0.0,0.1754646008614014,0.20878304471260864,0.0014490387520352318,0.03186940509917202,1.1822449825897272,1.1822449825897272,1.1822449825897272,1.1822449825897272,1.1822449825897272,0Lepton_3FJ,
ttV,1,1250.0,1500.0,38.08860181388445,3.006878646918696,0.0,0.0,0.0,0.0,2.524089589589385,3.004035852106288,2.6636901314496786,-58.0,36.0,46.1147247156441,46.10217640886074,-47.0,25.0,27.056177320900773,27.046565851875222,-27.299999237060547,5.300000190734863,27.056177320900773,27.046565851875222,382.1417333979535,11.369101877199862,0.0,0.0,0.0,0.0,2.524089589589385,3.004035852106288,0.020873032832272095,0.4590732296846314,11.369101877199862,11.369101877199862,11.369101877199862,11.369101877199862,11.369101877199862,0Lepton_3FJ,
ttV,2,1500.0,1750.0,15.809467568062246,1.9154082273235655,0.0,0.0,0.0,0.0,1.1155598526547676,1.3276561164896237,1.1772516503596364,-65.0,43.0,26.90110937754465,26.89459962961066,-47.0,25.0,11.95682469644797,11.952484864491975,-27.299999237060547,5.300000190734863,11.95682469644797,11.952484864491975,126.22721328240954,6.2251877584937185,0.0,0.0,0.0,0.0,1.1155598526547676,1.3276561164896237,0.009224197359943013,0.20287206647491307,6.2251877584937185,6.2251877584937185,6.2251877584937185,6.2251877584937185,6.2251877584937185,0Lepton_3FJ,
ttV,3,1750.0,2000.0,6.017801954643801,1.1933723167917725,0.0,0.0,0.0,0.0,0.5322217069345606,0.63342378774757,0.5616580488763835,-70.0,48.0,15.322757199249061,15.3193543168749,-47.0,25.0,5.7051566396390045,5.703080304631042,-27.299999237060547,5.300000190734863,5.7051566396390045,5.703080304631042,38.43842536679975,3.3468417166640694,0.0,0.0,0.0,0.0,0.5322217069345606,0.63342378774757,0.0044013442956187445,0.09680073651739063,3.3468417166640694,3.3468417166640694,3.3468417166640694,3.3468417166640694,3.3468417166640694,0Lepton_3FJ,
ttV,4,2000.0,2250.0,2.9604539113352075,0.8437734226208373,0.0,0.0,0.0,0.0,0.3615255781015967,0.4302554189365663,0.38151681825750333,-69.0,47.0,10.056544735927027,10.0542735663509,-47.0,25.0,3.8746444178205253,3.873234726359482,-27.299999237060547,5.300000190734863,3.8746444178205253,3.873234726359482,15.03900728565123,2.1245039294522594,0.0,0.0,0.0,0.0,0.3615255781015967,0.4302554189365663,0.0029891052123060735,0.06574073562266358,2.1245039294522594,2.1245039294522594,2.1245039294522594,2.1245039294522594,2.1245039294522594,0Lepton_3FJ,
ttV,5,2250.0,2500.0,0.6687470595352352,0.3997171901283801,0.0,0.0,0.0,0.0,0.16160510323256227,0.19231925732862612,0.17053883594094554,-79.0,57.0,6.177308116094643,6.176117397333517,-47.0,25.0,1.731556537400115,1.7309261568795185,-27.299999237060547,5.300000190734863,1.731556537400115,1.7309261568795185,4.892259740992738,1.2263962666619492,0.0,0.0,0.0,0.0,0.16160510323256227,0.19231925732862612,0.0013357786687422666,0.02937837542732158,1.2263962666619492,1.2263962666619492,1.2263962666619492,1.2263962666619492,1.2263962666619492,0Lepton_3FJ,
ttV,6,2500.0,4000.0,1.7381362050073221,0.6692929083691764,0.0,0.0,0.0,0.0,0.1754646008614014,0.20878304471260864,0.18515583587883616,-76.0,54.0,6.123037645079827,6.121809477151426,-47.0,25.0,1.8785291644461437,1.8778489483627214,-27.299999237060547,5.300000190734863,1.8785291644461437,1.8778489483627214,5.020771482542408,1.1822449825897272,0.0,0.0,0.0,0.0,0.1754646008614014,0.20878304471260864,0.0014490387520352318,0.03186940509917202,1.1822449825897272,1.1822449825897272,1.1822449825897272,1.1822449825897272,1.1822449825897272,0Lepton_3FJ,
sm,1,1250.0,1500.0,2.524089589589385,0.0,0.0,0.0,0.0,0.0,2.524089589589385,3.004035852106288,2.6636901314496786,-58.0,36.0,46.1147247156441,46.10217640886074,-47.0,25.0,27.056177320900773,27.046565851875222,-27.299999237060547,5.300000190734863,27.056177320900773,27.046565851875222,382.1417333979535,11.369101877199862,0.0,0.0,0.0,0.0,2.524089589589385,3.004035852106288,0.020873032832272095,0.4590732296846314,11.369101877199862,11.369101877199862,11.369101877199862,11.369101877199862,11.369101877199862,0Lepton_3FJ,
sm,2,1500.0,1750.0,1.1155598526547676,0.0,0.0,0.0,0.0,0.0,1.1155598526547676,1.3276561164896237,1.1772516503596364,-65.0,43.0,26.90110937754465,26.89459962961066,-47.0,25.0,11.95682469644797,11.952484864491975,-27.299999237060547,5.300000190734863,11.95682469644797,11.952484864491975,126.22721328240954,6.2251877584937185,0.0,0.0,0.0,0.0,1.1155598526547676,1.3276561164896237,0.009224197359943013,0.20287206647491307,6.2251877584937185,6.2251877584937185,6.2251877584937185,6.2251877584937185,6.2251877584937185,0Lepton_3FJ,
sm,3,1750.0,2000.0,0.5322217069345606,0.0,0.0,0.0,0.0,0.0,0.5322217069345606,0.63342378774757,0.5616580488763835,-70.0,48.0,15.322757199249061,15.3193543168749,-47.0,25.0,5.7051566396390045,5.703080304631042,-27.299999237060547,5.300000190734863,5.7051566396390045,5.703080304631042,38.43842536679975,3.3468417166640694,0.0,0.0,0.0,0.0,0.5322217069345606,0.63342378774757,0.0044013442956187445,0.09680073651739063,3.3468417166640694,3.3468417166640694,3.3468417166640694,3.3468417166640694,3.3468417166640694,0Lepton_3FJ,
sm,4,2000.0,2250.0,0.3615255781015967,0.0,0.0,0.0,0.0,0.0,0.3615255781015967,0.4302554189365663,0.38151681825750333,-69.0,47.0,10.056544735927027,10.0542735663509,-47.0,25.0,3.8746444178205253,3.873234726359482,-27.299999237060547,5.300000190734863,3.8746444178205253,3.873234726359482,15.03900728565123,2.1245039294522594,0.0,0.0,0.0,0.0,0.3615255781015967,0.4302554189365663,0.0029891052123060735,0.06574073562266358,2.1245039294522594,2.1245039294522594,2.1245039294522594,2.1245039294522594,2.1245039294522594,0Lepton_3FJ,
sm,5,2250.0,2500.0,0.16160510323256227,0.0,0.0,0.0,0.0,0.0,0.16160510323256227,0.19231925732862612,0.17053883594094554,-79.0,57.0,6.177308116094643,6.176117397333517,-47.0,25.0,1.731556537400115,1.7309261568795185,-27.299999237060547,5.300000190734863,1.731556537400115,1.7309261568795185,4.892259740992738,1.2263962666619492,0.0,0.0,0.0,0.0,0.16160510323256227,0.19231925732862612,0.0013357786687422666,0.02937837542732158,1.2263962666619492,1.2263962666619492,1.2263962666619492,1.2263962666619492,1.2263962666619492,0Lepton_3FJ,
sm,6,2500.0,4000.0,0.1754646008614014,0.0,0.0,0.0,0.0,0.0,0.1754646008614014,0.20878304471260864,0.18515583587883616,-76.0,54.0,6.123037645079827,6.121809477151426,-47.0,25.0,1.8785291644461437,1.8778489483627214,-27.299999237060547,5.300000190734863,1.8785291644461437,1.8778489483627214,5.020771482542408,1.1822449825897272,0.0,0.0,0.0,0.0,0.1754646008614014,0.20878304471260864,0.0014490387520352318,0.03186940509917202,1.1822449825897272,1.1822449825897272,1.1822449825897272,1.1822449825897272,1.1822449825897272,0Lepton_3FJ,
Other,1,500.0,1600.0,129.5636921459323,0.0,0.0,0.0,0.0,0.0,14.67182228407206,17.461551167727556,15.483262285914197,-35.0,13.0,69.90329088320009,69.86530476065936,-33.0,11.0,58.739627083260515,58.704806470931516,-27.299999237060547,5.300000190734863,58.739627083260515,58.704806470931516,822.3890917496653,0.0,4.302693559604691,4.980347258510376,4.757775451448517,4.54759314767816,14.67182228407206,17.461551167727556,0.12132696787862728,2.668401915776869,4.6415204090575335,4.980347258510376,4.302693559604691,4.54759314767816,4.757775451448517,1Lepton,
Other,2,1600.0,2600.0,27.45474013829397,0.0,0.0,0.0,0.0,0.0,4.744427569316601,5.646539313187129,5.0068220574761355,-40.0,18.0,33.00289782717851,32.987889961352586,-33.0,11.0,18.994727030266226,18.983341752743108,-27.299999237060547,5.300000190734863,18.994727030266226,18.983341752743108,203.92456806674684,0.0,4.268314254254808,5.093454678111159,4.915710446415184,4.471865152042474,4.744427569316601,5.646539313187129,0.03923350000773357,0.8628782438627951,4.680884466182983,5.093454678111159,4.268314254254808,4.471865152042474,4.915710446415184,1Lepton,
Other,3,2600.0,3400.0,1.4699372051178776,0.0,0.0,0.0,0.0,0.0,0.6477508973484893,0.7709146993736261,0.6835751778030358,-57.0,35.0,11.335926876202695,11.332691501864552,-33.0,11.0,2.5933125336617513,2.591765180717423,-27.299999237060547,5.300000190734863,2.5933125336617513,2.591765180717423,19.848675615405188,0.0,2.071478841692853,2.243967400418444,2.071478841692853,2.243967400418444,0.6477508973484893,0.7709146993736261,0.005356476919022081,0.11780732510611469,2.1577231210556485,2.243967400418444,2.071478841692853,2.243967400418444,2.071478841692853,1Lepton,
Other,4,3400.0,4000.0,0.10109006224068669,0.0,0.0,0.0,0.0,0.0,0.1213211963708698,0.14438947157246412,0.12803099696866038,-75.0,53.0,4.109710972060905,4.108889730471384,-33.0,11.0,0.4857117439355171,0.4854294421391191,-27.299999237060547,5.300000190734863,0.4857117439355171,0.4854294421391191,1.7739586108945629,0.0,0.36785318072792167,0.40006236092733477,0.36785318072792167,0.40006236092733477,0.1213211963708698,0.14438947157246412,0.001003247441370107,0.022065027760224204,0.3839577708276282,0.40006236092733477,0.36785318072792167,0.40006236092733477,0.36785318072792167,1Lepton,
Top,1,500.0,1600.0,268.0720424940706,0.0,0.0,0.0,0.0,0.0,14.67182228407206,17.461551167727556,15.483262285914197,-35.0,13.0,69.90329088320009,69.86530476065936,-33.0,11.0,58.739627083260515,58.704806470931516,-27.299999237060547,5.300000190734863,58.739627083260515,58.704806470931516,822.3890917496653,0.0,4.302693559604691,4.980347258510376,4.757775451448517,4.54759314767816,14.67182228407206,17.461551167727556,0.12132696787862728,2.668401915776869,4.6415204090575335,4.980347258510376,4.302693559604691,4.54759314767816,4.757775451448517,1Lepton,
Top,2,1600.0,2600.0,43.220862045900724,0.0,0.0,0.0,0.0,0.0,4.744427569316601,5.646539313187129,5.0068220574761355,-40.0,18.0,33.00289782717851,32.987889961352586,-33.0,11.0,18.994727030266226,18.983341752743108,-27.299999237060547,5.300000190734863,18.994727030266226,18.983341752743108,203.92456806674684,0.0,4.268314254254808,5.093454678111159,4.915710446415184,4.471865152042474,4.744427569316601,5.646539313187129,0.03923350000773357,0.8628782438627951,4.680884466182983,5.093454678111159,4.268314254254808,4.471865152042474,4.915710446415184,1Lepton,
Top,3,2600.0,3400.0,2.5025475426043946,0.0,0.0,0.0,0.0,0.0,0.6477508973484893,0.7709146993736261,0.6835751778030358,-57.0,35.0,11.335926876202695,11.332691501864552,-33.0,11.0,2.5933125336617513,2.591765180717423,-27.299999237060547,5.300000190734863,2.5933125336617513,2.591765180717423,19.848675615405188,0.0,2.071478841692853,2.243967400418444,2.071478841692853,2.243967400418444,0.6477508973484893,0.7709146993736261,0.005356476919022081,0.11780732510611469,2.1577231210556485,2.243967400418444,2.071478841692853,2.243967400418444,2.071478841692853,1Lepton,
Top,4,3400.0,4000.0,0.08220006995098818,0.0,0.0,0.0,0.0,0.0,0.1213211963708698,0.14438947157246412,0.12803099696866038,-75.0,53.0,4.109710972060905,4.108889730471384,-33.0,11.0,0.4857117439355171,0.4854294421391191,-27.299999237060547,5.300000190734863,0.4857117439355171,0.4854294421391191,1.7739586108945629,0.0,0.36785318072792167,0.40006236092733477,0.36785318072792167,0.40006236092733477,0.1213211963708698,0.14438947157246412,0.001003247441370107,0.022065027760224204,0.3839577708276282,0.40006236092733477,0.36785318072792167,0.40006236092733477,0.36785318072792167,1Lepton,
WJets,1,500.0,1600.0,410.08153482559044,0.0,4.302693559604691,4.980347258510376,4.757775451448517,4.54759314767816,14.67182228407206,17.461551167727556,15.483262285914197,-35.0,13.0,69.90329088320009,69.86530476065936,-33.0,11.0,58.739627083260515,58.704806470931516,-27.299999237060547,5.300000190734863,58.739627083260515,58.704806470931516,822.3890917496653,0.0,4.302693559604691,4.980347258510376,4.757775451448517,4.54759314767816,14.67182228407206,17.461551167727556,0.12132696787862728,2.668401915776869,4.6415204090575335,4.980347258510376,4.302693559604691,4.54759314767816,4.757775451448517,1Lepton,
WJets,2,1600.0,2600.0,128.50453831323554,0.0,4.268314254254808,5.093454678111159,4.915710446415184,4.471865152042474,4.744427569316601,5.646539313187129,5.0068220574761355,-40.0,18.0,33.00289782717851,32.987889961352586,-33.0,11.0,18.994727030266226,18.983341752743108,-27.299999237060547,5.300000190734863,18.994727030266226,18.983341752743108,203.92456806674684,0.0,4.268314254254808,5.093454678111159,4.915710446415184,4.471865152042474,4.744427569316601,5.646539313187129,0.03923350000773357,0.8628782438627951,4.680884466182983,5.093454678111159,4.268314254254808,4.471865152042474,4.915710446415184,1Lepton,
WJets,3,2600.0,3400.0,15.228439970334424,0.0,2.071478841692853,2.243967400418444,2.071478841692853,2.243967400418444,0.6477508973484893,0.7709146993736261,0.6835751778030358,-57.0,35.0,11.335926876202695,11.332691501864552,-33.0,11.0,2.5933125336617513,2.591765180717423,-27.299999237060547,5.300000190734863,2.5933125336617513,2.591765180717423,19.848675615405188,0.0,2.071478841692853,2.243967400418444,2.071478841692853,2.243967400418444,0.6477508973484893,0.7709146993736261,0.005356476919022081,0.11780732510611469,2.1577231210556485,2.243967400418444,2.071478841692853,2.243967400418444,2.071478841692853,1Lepton,
WJets,4,3400.0,4000.0,1.4693472823320182,0.0,0.36785318072792167,0.40006236092733477,0.36785318072792167,0.40006236092733477,0.1213211963708698,0.14438947157246412,0.12803099696866038,-75.0,53.0,4.109710972060905,4.108889730471384,-33.0,11.0,0.4857117439355171,0.4854294421391191,-27.299999237060547,5.300000190734863,0.4857117439355171,0.4854294421391191,1.7739586108945629,0.0,0.36785318072792167,0.40006236092733477,0.36785318072792167,0.40006236092733477,0.1213211963708698,0.14438947157246412,0.001003247441370107,0.022065027760224204,0.3839577708276282,0.40006236092733477,0.36785318072792167,0.40006236092733477,0.36785318072792167,1Lepton,
sm,1,500.0,1600.0,14.67182228407206,0.0,0.0,0.0,0.0,0.0,14.67182228407206,17.461551167727556,15.483262285914197,-35.0,13.0,69.90329088320009,69.86530476065936,-33.0,11.0,58.739627083260515,58.704806470931516,-27.299999237060547,5.300000190734863,58.739627083260515,58.704806470931516,822.3890917496653,0.0,4.302693559604691,4.980347258510376,4.757775451448517,4.54759314767816,14.67182228407206,17.461551167727556,0.12132696787862728,2.668401915776869,4.6415204090575335,4.980347258510376,4.302693559604691,4.54759314767816,4.757775451448517,1Lepton,
sm,2,1600.0,2600.0,4.744427569316601,0.0,0.0,0.0,0.0,0.0,4.744427569316601,5.646539313187129,5.0068220574761355,-40.0,18.0,33.00289782717851,32.987889961352586,-33.0,11.0,18.994727030266226,18.983341752743108,-27.299999237060547,5.300000190734863,18.994727030266226,18.983341752743108,203.92456806674684,0.0,4.268314254254808,5.093454678111159,4.915710446415184,4.471865152042474,4.744427569316601,5.646539313187129,0.03923350000773357,0.8628782438627951,4.680884466182983,5.093454678111159,4.268314254254808,4.471865152042474,4.915710446415184,1Lepton,
sm,3,2600.0,3400.0,0.6477508973484893,0.0,0.0,0.0,0.0,0.0,0.6477508973484893,0.7709146993736261,0.6835751778030358,-57.0,35.0,11.335926876202695,11.332691501864552,-33.0,11.0,2.5933125336617513,2.591765180717423,-27.299999237060547,5.300000190734863,2.5933125336617513,2.591765180717423,19.848675615405188,0.0,2.071478841692853,2.243967400418444,2.071478841692853,2.243967400418444,0.6477508973484893,0.7709146993736261,0.005356476919022081,0.11780732510611469,2.1577231210556485,2.243967400418444,2.071478841692853,2.243967400418444,2.071478841692853,1Lepton,
sm,4,3400.0,4000.0,0.1213211963708698,0.0,0.0,0.0,0.0,0.0,0.1213211963708698,0.14438947157246412,0.12803099696866038,-75.0,53.0,4.109710972060905,4.108889730471384,-33.0,11.0,0.4857117439355171,0.4854294421391191,-27.299999237060547,5.300000190734863,0.4857117439355171,0.4854294421391191,1.7739586108945629,0.0,0.36785318072792167,0.40006236092733477,0.36785318072792167,0.40006236092733477,0.1213211963708698,0.14438947157246412,0.001003247441370107,0.022065027760224204,0.3839577708276282,0.40006236092733477,0.36785318072792167,0.40006236092733477,0.36785318072792167,1Lepton,
TTbar,1,200.0,800.0,126.13375120962145,5.019420521564617,25.226750241924307,25.226750241924293,25.226750241924307,25.226750241924293,11.80682779710775,14.051958817162236,12.4598622997731,-40.0,18.0,82.13433697414109,82.09761389811231,-34.0,12.0,51.66625877090352,51.63713357267381,-27.299999237060547,5.300000190734863,51.66625877090352,51.63713357267381,223.97639674913466,6.650159238273003,36.09132169764394,36.091321697643934,36.09132169764394,36.091321697643934,11.80682779710775,14.051958817162236,0.09764192071903215,2.147489099335452,36.698884448675166,36.698884448675166,36.698884448675166,36.698884448675166,36.698884448675166,2Lepton_OS,OF
TTbar,2,800.0,1350.0,7.018784584417854,0.9390546762387421,1.4037569168835704,1.4037569168835704,1.4037569168835704,1.4037569168835704,2.416703550667557,2.876339522180423,2.550396464451146,-35.0,13.0,11.516710569341747,11.510394592535947,-34.0,12.0,10.577053984097695,10.571001172992137,-27.299999237060547,5.300000190734863,10.577053984097695,10.571001172992137,14.760031738977158,1.3462088577310054,2.1265235232123514,2.1265235232123514,2.1265235232123514,2.1265235232123514,2.416703550667557,2.876339522180423,0.019989893667955956,0.4396460778449103,2.516819537314682,2.516819537314682,2.516819537314682,2.516819537314682,2.516819537314682,2Lepton_OS,OF
TTbar,3,1350.0,5000.0,0.36064579620549564,0.30035803006312806,0.07212915924109914,0.07212915924109914,0.07212915924109914,0.07212915924109914,0.30569928820139763,0.36362315989086424,0.32254742586735524,-50.0,28.0,3.8333666287283417,3.8320535226830144,-34.0,12.0,1.334089415759661,1.3333150198867758,-27.299999237060547,5.300000190734863,1.334089415759661,1.3333150198867758,1.176138485877719,0.4148486721964572,0.16909362409421397,0.16909362409421397,0.16909362409421397,0.16909362409421397,0.30569928820139763,0.36362315989086424,0.0025191611470589312,0.0554047105424077,0.44798669012871234,0.44798669012871234,0.44798669012871234,0.44798669012871234,0.44798669012871234,2Lepton_OS,OF
restbkg,1,200.0,800.0,86.03581774240544,4.3623428936849695,25.81074532272163,25.81074532272163,25.81074532272163,25.81074532272163,11.80682779710775,14.051958817162236,12.4598622997731,-40.0,18.0,82.13433697414109,82.09761389811231,-34.0,12.0,51.66625877090352,51.63713357267381,-27.299999237060547,5.300000190734863,51.66625877090352,51.63713357267381,223.97639674913466,6.650159238273003,36.09132169764394,36.091321697643934,36.09132169764394,36.091321697643934,11.80682779710775,14.051958817162236,0.09764192071903215,2.147489099335452,36.698884448675166,36.698884448675166,36.698884448675166,36.698884448675166,36.698884448675166,2Lepton_OS,OF
restbkg,2,800.0,1350.0,5.324543603891747,0.9646007483241807,1.597363081167524,1.597363081167524,1.597363081167524,1.597363081167524,2.416703550667557,2.876339522180423,2.550396464451146,-35.0,13.0,11.516710569341747,11.510394592535947,-34.0,12.0,10.577053984097695,10.571001172992137,-27.299999237060547,5.300000190734863,10.577053984097695,10.571001172992137,14.760031738977158,1.3462088577310054,2.1265235232123514,2.1265235232123514,2.1265235232123514,2.1265235232123514,2.416703550667557,2.876339522180423,0.019989893667955956,0.4396460778449103,2.516819537314682,2.516819537314682,2.516819537314682,2.516819537314682,2.516819537314682,2Lepton_OS,OF
restbkg,3,1350.0,5000.0,0.5097934014708257,0.28615463407004377,0.1529380204412477,0.1529380204412477,0.1529380204412477,0.1529380204412477,0.30569928820139763,0.36362315989086424,0.32254742586735524,-50.0,28.0,3.8333666287283417,3.8320535226830144,-34.0,12.0,1.334089415759661,1.3333150198867758,-27.299999237060547,5.300000190734863,1.334089415759661,1.3333150198867758,1.176138485877719,0.4148486721964572,0.16909362409421397,0.16909362409421397,0.16909362409421397,0.16909362409421397,0.30569928820139763,0.36362315989086424,0.0025191611470589312,0.0554047105424077,0.44798669012871234,0.44798669012871234,0.44798669012871234,0.44798669012871234,0.44798669012871234,2Lepton_OS,OF
sm,1,200.0,800.0,11.80682779710775,0.0,0.0,0.0,0.0,0.0,11.80682779710775,14.051958817162236,12.4598622997731,-40.0,18.0,82.13433697414109,82.09761389811231,-34.0,12.0,51.66625877090352,51.63713357267381,-27.299999237060547,5.300000190734863,51.66625877090352,51.63713357267381,223.97639674913466,6.650159238273003,36.09132169764394,36.091321697643934,36.09132169764394,36.091321697643934,11.80682779710775,14.051958817162236,0.09764192071903215,2.147489099335452,36.698884448675166,36.698884448675166,36.698884448675166,36.698884448675166,36.698884448675166,2Lepton_OS,OF
sm,2,800.0,1350.0,2.416703550667557,0.0,0.0,0.0,0.0,0.0,2.416703550667557,2.876339522180423,2.550396464451146,-35.0,13.0,11.516710569341747,11.510394592535947,-34.0,12.0,10.577053984097695,10.571001172992137,-27.299999237060547,5.300000190734863,10.577053984097695,10.571001172992137,14.760031738977158,1.3462088577310054,2.1265235232123514,2.1265235232123514,2.1265235232123514,2.1265235232123514,2.416703550667557,2.876339522180423,0.019989893667955956,0.4396460778449103,2.516819537314682,2.516819537314682,2.516819537314682,2.516819537314682,2.516819537314682,2Lepton_OS,OF
sm,3,1350.0,5000.0,0.30569928820139763,0.0,0.0,0.0,0.0,0.0,0.30569928820139763,0.36362315989086424,0.32254742586735524,-50.0,28.0,3.8333666287283417,3.8320535226830144,-34.0,12.0,1.334089415759661,1.3333150198867758,-27.299999237060547,5.300000190734863,1.334089415759661,1.3333150198867758,1.176138485877719,0.4148486721964572,0.16909362409421397,0.16909362409421397,0.16909362409421397,0.16909362409421397,0.30569928820139763,0.36362315989086424,0.0025191611470589312,0.0554047105424077,0.44798669012871234,0.44798669012871234,0.44798669012871234,0.44798669012871234,0.44798669012871234,2Lepton_OS,OF
DY,1,200.0,800.0,346.5992164514756,25.451282900792037,40.64135943351033,40.64135943351033,40.64135943351033,40.64135943351033,9.224408478558676,10.978183184501292,9.734523616693659,-59.0,37.0,175.75717089089676,175.70935116449556,-49.0,27.0,110.15764044506354,110.1197831616626,-27.299999237060547,5.300000190734863,110.15764044506354,110.1197831616626,599.5364905969609,26.51845943301718,83.65020368681996,83.65020368681996,83.65020368681996,83.65020368681996,9.224408478558676,10.978183184501292,0.07627273165620126,1.6775019742864146,87.75297868190599,87.75297868190599,87.75297868190599,87.75297868190599,87.75297868190599,2Lepton_OS,SFnoZ
DY,2,800.0,1050.0,31.942193850957192,7.0824980113439215,19.158467213884233,19.158467213884233,19.158467213884233,19.158467213884233,1.7076391086625182,2.0324279965870384,1.802109467745849,-63.0,41.0,38.19903921470397,38.18943095262276,-49.0,27.0,20.399902030656477,20.39288060836636,-27.299999237060547,5.300000190734863,20.399902030656477,20.39288060836636,55.012088752393055,7.2680150978366145,20.20193068782056,20.20193068782056,20.20193068782056,20.20193068782056,1.7076391086625182,2.0324279965870384,0.01412527282869202,0.3106636150958282,21.46956094050102,21.46956094050102,21.46956094050102,21.46956094050102,21.46956094050102,2Lepton_OS,SFnoZ
DY,3,1050.0,5000.0,6.182429661072676,4.610277334584801,3.576335531481355,3.5763355314813543,3.5763355314813543,3.576335531481355,0.8198408281756644,0.9764032980501056,0.8653796815247997,-56.0,33.0,13.786634235801506,13.176694331822901,-49.0,27.0,9.830301958293157,9.826937536044152,-27.299999237060547,5.300000190734863,9.830301958293157,9.826937536044152,13.998415609530007,4.678806514232945,4.146724010915087,4.146724010915087,4.1467240109150865,4.146724010915088,0.8198408281756644,0.9764032980501056,0.006808988634271475,0.14975348124016974,6.2519237375649706,6.2519237375649706,6.2519237375649706,6.251923737564971,6.25192373756497,2Lepton_OS,SFnoZ
restbkg,1,200.0,800.0,243.7128656669266,7.447206818964328,73.113859700078,73.113859700078,73.113859700078,73.113859700078,9.224408478558676,10.978183184501292,9.734523616693659,-59.0,37.0,175.75717089089676,175.70935116449556,-49.0,27.0,110.15764044506354,110.1197831616626,-27.299999237060547,5.300000190734863,110.15764044506354,110.1197831616626,599.5364905969609,26.51845943301718,83.65020368681996,83.65020368681996,83.65020368681996,83.65020368681996,9.224408478558676,10.978183184501292,0.07627273165620126,1.6775019742864146,87.75297868190599,87.75297868190599,87.75297868190599,87.75297868190599,87.75297868190599,2Lepton_OS,SFnoZ
restbkg,2,800.0,1050.0,21.362255792773347,1.631644992542915,6.408676737832003,6.408676737832003,6.408676737832003,6.408676737832003,1.7076391086625182,2.0324279965870384,1.802109467745849,-63.0,41.0,38.19903921470397,38.18943095262276,-49.0,27.0,20.399902030656477,20.39288060836636,-27.299999237060547,5.300000190734863,20.399902030656477,20.39288060836636,55.012088752393055,7.2680150978366145,20.20193068782056,20.20193068782056,20.20193068782056,20.20193068782056,1.7076391086625182,2.0324279965870384,0.01412527282869202,0.3106636150958282,21.46956094050102,21.46956094050102,21.46956094050102,21.46956094050102,21.46956094050102,2Lepton_OS,SFnoZ
restbkg,3,1050.0,5000.0,6.996145120281667,0.7978554354281892,2.098843536084499,2.0988435360845,2.098843536084499,2.0988435360845,0.8198408281756644,0.9764032980501056,0.8653796815247997,-56.0,33.0,13.786634235801506,13.176694331822901,-49.0,27.0,9.830301958293157,9.826937536044152,-27.299999237060547,5.300000190734863,9.830301958293157,9.826937536044152,13.998415609530007,4.678806514232945,4.146724010915087,4.146724010915087,4.1467240109150865,4.146724010915088,0.8198408281756644,0.9764032980501056,0.006808988634271475,0.14975348124016974,6.2519237375649706,6.2519237375649706,6.2519237375649706,6.251923737564971,6.25192373756497,2Lepton_OS,SFnoZ
sm,1,200.0,800.0,9.224408478558676,0.0,0.0,0.0,0.0,0.0,9.224408478558676,10.978183184501292,9.734523616693659,-59.0,37.0,175.75717089089676,175.70935116449556,-49.0,27.0,110.15764044506354,110.1197831616626,-27.299999237060547,5.300000190734863,110.15764044506354,110.1197831616626,599.5364905969609,26.51845943301718,83.65020368681996,83.65020368681996,83.65020368681996,83.65020368681996,9.224408478558676,10.978183184501292,0.07627273165620126,1.6775019742864146,87.75297868190599,87.75297868190599,87.75297868190599,87.75297868190599,87.75297868190599,2Lepton_OS,SFnoZ
sm,2,800.0,1050.0,1.7076391086625182,0.0,0.0,0.0,0.0,0.0,1.7076391086625182,2.0324279965870384,1.802109467745849,-63.0,41.0,38.19903921470397,38.18943095262276,-49.0,27.0,20.399902030656477,20.39288060836636,-27.299999237060547,5.300000190734863,20.399902030656477,20.39288060836636,55.012088752393055,7.2680150978366145,20.20193068782056,20.20193068782056,20.20193068782056,20.20193068782056,1.7076391086625182,2.0324279965870384,0.01412527282869202,0.3106636150958282,21.46956094050102,21.46956094050102,21.46956094050102,21.46956094050102,21.46956094050102,2Lepton_OS,SFnoZ
sm,3,1050.0,5000.0,0.8198408281756644,0.0,0.0,0.0,0.0,0.0,0.8198408281756644,0.9764032980501056,0.8653796815247997,-56.0,33.0,13.786634235801506,13.176694331822901,-49.0,27.0,9.830301958293157,9.826937536044152,-27.299999237060547,5.300000190734863,9.830301958293157,9.826937536044152,13.998415609530007,4.678806514232945,4.146724010915087,4.146724010915087,4.1467240109150865,4.146724010915088,0.8198408281756644,0.9764032980501056,0.006808988634271475,0.14975348124016974,6.2519237375649706,6.2519237375649706,6.2519237375649706,6.251923737564971,6.25192373756497,2Lepton_OS,SFnoZ
DY,1,200.0,800.0,2013.979839726649,56.99906649481782,39.804770569751554,39.80477056975133,39.80477056975133,39.804770569751554,18.348341515166606,21.83753452994193,19.36323251389914,-69.0,47.0,510.53285459716915,510.41779475027823,-53.0,31.0,267.7215122729632,267.63819307349047,-27.299999237060547,5.300000190734863,267.7215122729632,267.63819307349047,2957.3341745989674,58.43463468992619,280.342054742611,280.34205474261097,280.34205474261097,280.342054742611,18.348341515166606,21.83753452994193,0.15174717000031054,3.337445844775015,286.3673762645708,286.3673762645707,286.3673762645708,286.3673762645708,286.3673762645707,2Lepton_OS,SFZ
DY,2,800.0,1300.0,212.1376979884474,20.184432138393177,17.30675249810821,17.30675249810821,17.30675249810821,17.30675249810821,6.116150059110248,7.278747029152609,6.454311135252007,-59.0,37.0,116.51232236548174,116.48078941784598,-53.0,31.0,89.2068847452403,89.17929341605901,-27.299999237060547,5.300000190734863,89.2068847452403,89.17929341605901,395.3069434813176,20.960689789930694,55.864349600363425,55.864349600363425,55.864349600363425,55.864349600363425,6.116150059110248,7.278747029152609,0.05056197557595221,1.1120349944664092,59.667211035386345,59.667211035386345,59.667211035386345,59.667211035386345,59.667211035386345,2Lepton_OS,SFZ
DY,3,1300.0,5000.0,3.64477712765617,2.712487483453887,0.3843335079082757,0.3843335079082757,0.3843335079082757,0.3843335079082757,0.8069959349827515,0.9603072160481573,0.8515891287548387,-56.0,34.0,13.50446051784513,13.500597559462554,-53.0,31.0,11.764094929201345,11.760489501377608,-27.299999237060547,5.300000190734863,11.764094929201345,11.760489501377608,16.804408266947945,2.982107667670704,3.7256671791059377,3.7256671791059377,3.7256671791059377,3.7256671791059377,0.8069959349827515,0.9603072160481573,0.006667574035878792,0.146643707029527,4.772165344060032,4.772165344060032,4.772165344060032,4.772165344060032,4.772165344060032,2Lepton_OS,SFZ
restbkg,1,200.0,800.0,925.0059933571515,12.872954208901021,277.50179800714545,277.50179800714545,277.50179800714545,277.50179800714545,18.348341515166606,21.83753452994193,19.36323251389914,-69.0,47.0,510.53285459716915,510.41779475027823,-53.0,31.0,267.7215122729632,267.63819307349047,-27.299999237060547,5.300000190734863,267.7215122729632,267.63819307349047,2957.3341745989674,58.43463468992619,280.342054742611,280.34205474261097,280.34205474261097,280.342054742611,18.348341515166606,21.83753452994193,0.15174717000031054,3.337445844775015,286.3673762645708,286.3673762645707,286.3673762645708,286.3673762645708,286.3673762645707,2Lepton_OS,SFZ
restbkg,2,800.0,1300.0,177.05309543375998,5.651479073685532,53.115928630127996,53.115928630127996,53.115928630127996,53.115928630127996,6.116150059110248,7.278747029152609,6.454311135252007,-59.0,37.0,116.51232236548174,116.48078941784598,-53.0,31.0,89.2068847452403,89.17929341605901,-27.299999237060547,5.300000190734863,89.2068847452403,89.17929341605901,395.3069434813176,20.960689789930694,55.864349600363425,55.864349600363425,55.864349600363425,55.864349600363425,6.116150059110248,7.278747029152609,0.05056197557595221,1.1120349944664092,59.667211035386345,59.667211035386345,59.667211035386345,59.667211035386345,59.667211035386345,2Lepton_OS,SFZ
restbkg,3,1300.0,5000.0,12.352635204309022,1.2391036250800032,3.705790561292707,3.705790561292707,3.705790561292707,3.705790561292707,0.8069959349827515,0.9603072160481573,0.8515891287548387,-56.0,34.0,13.50446051784513,13.500597559462554,-53.0,31.0,11.764094929201345,11.760489501377608,-27.299999237060547,5.300000190734863,11.764094929201345,11.760489501377608,16.804408266947945,2.982107667670704,3.7256671791059377,3.7256671791059377,3.7256671791059377,3.7256671791059377,0.8069959349827515,0.9603072160481573,0.006667574035878792,0.146643707029527,4.772165344060032,4.772165344060032,4.772165344060032,4.772165344060032,4.772165344060032,2Lepton_OS,SFZ
sm,1,200.0,800.0,18.348341515166606,0.0,0.0,0.0,0.0,0.0,18.348341515166606,21.83753452994193,19.36323251389914,-69.0,47.0,510.53285459716915,510.41779475027823,-53.0,31.0,267.7215122729632,267.63819307349047,-27.299999237060547,5.300000190734863,267.7215122729632,267.63819307349047,2957.3341745989674,58.43463468992619,280.342054742611,280.34205474261097,280.34205474261097,280.342054742611,18.348341515166606,21.83753452994193,0.15174717000031054,3.337445844775015,286.3673762645708,286.3673762645707,286.3673762645708,286.3673762645708,286.3673762645707,2Lepton_OS,SFZ
sm,2,800.0,1300.0,6.116150059110248,0.0,0.0,0.0,0.0,0.0,6.116150059110248,7.278747029152609,6.454311135252007,-59.0,37.0,116.51232236548174,116.48078941784598,-53.0,31.0,89.2068847452403,89.17929341605901,-27.299999237060547,5.300000190734863,89.2068847452403,89.17929341605901,395.3069434813176,20.960689789930694,55.864349600363425,55.864349600363425,55.864349600363425,55.864349600363425,6.116150059110248,7.278747029152609,0.05056197557595221,1.1120349944664092,59.667211035386345,59.667211035386345,59.667211035386345,59.667211035386345,59.667211035386345,2Lepton_OS,SFZ
sm,3,1300.0,5000.0,0.8069959349827515,0.0,0.0,0.0,0.0,0.0,0.8069959349827515,0.9603072160481573,0.8515891287548387,-56.0,34.0,13.50446051784513,13.500597559462554,-53.0,31.0,11.764094929201345,11.760489501377608,-27.299999237060547,5.300000190734863,11.764094929201345,11.760489501377608,16.804408266947945,2.982107667670704,3.7256671791059377,3.7256671791059377,3.7256671791059377,3.7256671791059377,0.8069959349827515,0.9603072160481573,0.006667574035878792,0.146643707029527,4.772165344060032,4.772165344060032,4.772165344060032,4.772165344060032,4.772165344060032,2Lepton_OS,SFZ
DY,1,0.0,800.0,1.1254503726959229,0.42484308318391706,0.07117266583705402,0.0587897702724257,0.05910906217944549,0.07090771621836366,5.066952228546143,6.030392169952393,5.347185083143413,-32.0,10.0,18.483916878700256,18.472406424582005,-28.399999618530273,6.400000095367432,12.690589566894921,12.681053028856958,-27.299999237060547,5.300000190734863,12.690589566894921,12.681053028856958,39.248530849814415,2.176300325770671,1.0173597761905586,1.186540965440344,1.1976184265157974,1.0042960128111795,5.066952228546143,6.030392169952393,0.04190060868859291,0.9215393327176571,2.439380603286383,2.4787421347565846,2.4023538503226436,2.3968507649200776,2.4840638082544704,2Lepton_SS,1FJ
DY,2,800.0,1400.0,0.48902297019958496,0.189549943448586,0.04086098114925741,0.037132827862689996,0.0377816859194353,0.04026177957623434,4.150169372558594,4.939289569854736,4.379698370099067,-30.899999618530273,8.899999618530273,13.595272552176695,13.586331486082987,-28.399999618530273,6.400000095367432,10.394432427582661,10.386615180405467,-27.299999237060547,5.300000190734863,10.394432427582661,10.386615180405467,15.527781069278717,1.392912656607569,0.519029117432943,0.7864719482183077,0.46601167738852384,0.8190008953688969,4.150169372558594,4.939289569854736,0.03431934118270874,0.7548008561134338,1.5382746591690617,1.599607387539785,1.4864712892218184,1.6158490447911926,1.46879969784856,2Lepton_SS,1FJ
DY,3,1400.0,1500.0,0.11914192885160446,0.1069846869242944,0.11575890395220176,0.11576963433017065,0.01234371949280543,0.16324939407617853,0.9247208833694458,1.1005489230155945,0.9758634517109022,-35.0,13.0,4.405800810083747,4.403397751972079,-28.399999618530273,6.400000095367432,2.3160384201820383,2.3142963299571186,-27.299999237060547,5.300000190734863,2.3160384201820383,2.3142963299571186,1.269330870360136,0.1552188105545839,0.12474690263961348,0.12549122090926332,0.03527626930618829,0.17339383226433405,0.9247208833694458,1.1005489230155945,0.007646874058991671,0.168181165587157,0.19936814883349732,0.19960191801502644,0.1991348007460198,0.23271935935218585,0.15917692774438927,2Lepton_SS,1FJ
TTbar,1,0.0,800.0,23.252288818359375,1.6187582259403654,0.9422647099284603,1.119226150949903,1.1306949675001094,0.9284712440440076,5.066952228546143,6.030392169952393,5.347185083143413,-32.0,10.0,18.483916878700256,18.472406424582005,-28.399999618530273,6.400000095367432,12.690589566894921,12.681053028856958,-27.299999237060547,5.300000190734863,12.690589566894921,12.681053028856958,39.248530849814415,2.176300325770671,1.0173597761905586,1.186540965440344,1.1976184265157974,1.0042960128111795,5.066952228546143,6.030392169952393,0.04190060868859291,0.9215393327176571,2.439380603286383,2.4787421347565846,2.4023538503226436,2.3968507649200776,2.4840638082544704,2Lepton_SS,1FJ
TTbar,2,800.0,1400.0,4.07717752456665,0.6839195691734667,0.4386350105718748,0.72925976220676,0.3799880874983707,0.761465381112352,4.150169372558594,4.939289569854736,4.379698370099067,-30.899999618530273,8.899999618530273,13.595272552176695,13.586331486082987,-28.399999618530273,6.400000095367432,10.394432427582661,10.386615180405467,-27.299999237060547,5.300000190734863,10.394432427582661,10.386615180405467,15.527781069278717,1.392912656607569,0.519029117432943,0.7864719482183077,0.46601167738852384,0.8190008953688969,4.150169372558594,4.939289569854736,0.03431934118270874,0.7548008561134338,1.5382746591690617,1.599607387539785,1.4864712892218184,1.6158490447911926,1.46879969784856,2Lepton_SS,1FJ
TTbar,3,1400.0,1500.0,0.0,0.0,0.0,0.0,0.0,0.0,0.9247208833694458,1.1005489230155945,0.9758634517109022,-35.0,13.0,4.405800810083747,4.403397751972079,-28.399999618530273,6.400000095367432,2.3160384201820383,2.3142963299571186,-27.299999237060547,5.300000190734863,2.3160384201820383,2.3142963299571186,1.269330870360136,0.1552188105545839,0.12474690263961348,0.12549122090926332,0.03527626930618829,0.17339383226433405,0.9247208833694458,1.1005489230155945,0.007646874058991671,0.168181165587157,0.19936814883349732,0.19960191801502644,0.1991348007460198,0.23271935935218585,0.15917692774438927,2Lepton_SS,1FJ
WJets,1,0.0,800.0,1.4287790060043335,1.07866465822216,0.08128708442195239,0.06196953149447845,0.06229219781329968,0.0810400827927484,5.066952228546143,6.030392169952393,5.347185083143413,-32.0,10.0,18.483916878700256,18.472406424582005,-28.399999618530273,6.400000095367432,12.690589566894921,12.681053028856958,-27.299999237060547,5.300000190734863,12.690589566894921,12.681053028856958,39.248530849814415,2.176300325770671,1.0173597761905586,1.186540965440344,1.1976184265157974,1.0042960128111795,5.066952228546143,6.030392169952393,0.04190060868859291,0.9215393327176571,2.439380603286383,2.4787421347565846,2.4023538503226436,2.3968507649200776,2.4840638082544704,2Lepton_SS,1FJ
WJets,2,800.0,1400.0,1.1145241260528564,0.9967683595667578,0.08958131549107194,0.09791948313818588,0.09796932792222182,0.08952680073379482,4.150169372558594,4.939289569854736,4.379698370099067,-30.899999618530273,8.899999618530273,13.595272552176695,13.586331486082987,-28.399999618530273,6.400000095367432,10.394432427582661,10.386615180405467,-27.299999237060547,5.300000190734863,10.394432427582661,10.386615180405467,15.527781069278717,1.392912656607569,0.519029117432943,0.7864719482183077,0.46601167738852384,0.8190008953688969,4.150169372558594,4.939289569854736,0.03431934118270874,0.7548008561134338,1.5382746591690617,1.599607387539785,1.4864712892218184,1.6158490447911926,1.46879969784856,2Lepton_SS,1FJ
WJets,3,1400.0,1500.0,0.0,0.0,0.0,0.0,0.0,0.0,0.9247208833694458,1.1005489230155945,0.9758634517109022,-35.0,13.0,4.405800810083747,4.403397751972079,-28.399999618530273,6.400000095367432,2.3160384201820383,2.3142963299571186,-27.299999237060547,5.300000190734863,2.3160384201820383,2.3142963299571186,1.269330870360136,0.1552188105545839,0.12474690263961348,0.12549122090926332,0.03527626930618829,0.17339383226433405,0.9247208833694458,1.1005489230155945,0.007646874058991671,0.168181165587157,0.19936814883349732,0.19960191801502644,0.1991348007460198,0.23271935935218585,0.15917692774438927,2Lepton_SS,1FJ
WW,1,0.0,800.0,1.4745253324508667,0.2486005371612035,0.04706102864324287,0.03877284738303744,0.03908252810058014,0.04680416763938659,5.066952228546143,6.030392169952393,5.347185083143413,-32.0,10.0,18.483916878700256,18.472406424582005,-28.399999618530273,6.400000095367432,12.690589566894921,12.681053028856958,-27.299999237060547,5.300000190734863,12.690589566894921,12.681053028856958,39.248530849814415,2.176300325770671,1.0173597761905586,1.186540965440344,1.1976184265157974,1.0042960128111795,5.066952228546143,6.030392169952393,0.04190060868859291,0.9215393327176571,2.439380603286383,2.4787421347565846,2.4023538503226436,2.3968507649200776,2.4840638082544704,2Lepton_SS,1FJ
WW,2,800.0,1400.0,0.758755624294281,0.14388952896504356,0.0362398913709977,0.026124444349839286,0.03628806808658793,0.026057483257458342,4.150169372558594,4.939289569854736,4.379698370099067,-30.899999618530273,8.899999618530273,13.595272552176695,13.586331486082987,-28.399999618530273,6.400000095367432,10.394432427582661,10.386615180405467,-27.299999237060547,5.300000190734863,10.394432427582661,10.386615180405467,15.527781069278717,1.392912656607569,0.519029117432943,0.7864719482183077,0.46601167738852384,0.8190008953688969,4.150169372558594,4.939289569854736,0.03431934118270874,0.7548008561134338,1.5382746591690617,1.599607387539785,1.4864712892218184,1.6158490447911926,1.46879969784856,2Lepton_SS,1FJ
WW,3,1400.0,1500.0,0.062029242515563965,0.015065783230325487,0.03329170201733618,0.029680943312520126,0.003130543147236875,0.044491521874795735,0.9247208833694458,1.1005489230155945,0.9758634517109022,-35.0,13.0,4.405800810083747,4.403397751972079,-28.399999618530273,6.400000095367432,2.3160384201820383,2.3142963299571186,-27.299999237060547,5.300000190734863,2.3160384201820383,2.3142963299571186,1.269330870360136,0.1552188105545839,0.12474690263961348,0.12549122090926332,0.03527626930618829,0.17339383226433405,0.9247208833694458,1.1005489230155945,0.007646874058991671,0.168181165587157,0.19936814883349732,0.19960191801502644,0.1991348007460198,0.23271935935218585,0.15917692774438927,2Lepton_SS,1FJ
WZ,1,0.0,800.0,3.7708964347839355,0.8247653700005667,0.3196767948637101,0.3433294027958719,0.34337424924088666,0.3196286234941453,5.066952228546143,6.030392169952393,5.347185083143413,-32.0,10.0,18.483916878700256,18.472406424582005,-28.399999618530273,6.400000095367432,12.690589566894921,12.681053028856958,-27.299999237060547,5.300000190734863,12.690589566894921,12.681053028856958,39.248530849814415,2.176300325770671,1.0173597761905586,1.186540965440344,1.1976184265157974,1.0042960128111795,5.066952228546143,6.030392169952393,0.04190060868859291,0.9215393327176571,2.439380603286383,2.4787421347565846,2.4023538503226436,2.3968507649200776,2.4840638082544704,2Lepton_SS,1FJ
WZ,2,800.0,1400.0,3.1420092582702637,0.6349669741412581,0.20516904288086807,0.2304476522450185,0.18595085505822234,0.2462168476871728,4.150169372558594,4.939289569854736,4.379698370099067,-30.899999618530273,8.899999618530273,13.595272552176695,13.586331486082987,-28.399999618530273,6.400000095367432,10.394432427582661,10.386615180405467,-27.299999237060547,5.300000190734863,10.394432427582661,10.386615180405467,15.527781069278717,1.392912656607569,0.519029117432943,0.7864719482183077,0.46601167738852384,0.8190008953688969,4.150169372558594,4.939289569854736,0.03431934118270874,0.7548008561134338,1.5382746591690617,1.599607387539785,1.4864712892218184,1.6158490447911926,1.46879969784856,2Lepton_SS,1FJ
WZ,3,1400.0,1500.0,0.10526532679796219,0.10526532969326552,0.02912960202622661,0.032493524169391455,0.029129849357412325,0.03249330244169769,0.9247208833694458,1.1005489230155945,0.9758634517109022,-35.0,13.0,4.405800810083747,4.403397751972079,-28.399999618530273,6.400000095367432,2.3160384201820383,2.3142963299571186,-27.299999237060547,5.300000190734863,2.3160384201820383,2.3142963299571186,1.269330870360136,0.1552188105545839,0.12474690263961348,0.12549122090926332,0.03527626930618829,0.17339383226433405,0.9247208833694458,1.1005489230155945,0.007646874058991671,0.168181165587157,0.19936814883349732,0.19960191801502644,0.1991348007460198,0.23271935935218585,0.15917692774438927,2Lepton_SS,1FJ
ZZ,1,0.0,800.0,0.1262976974248886,0.014973353590952022,0.0039154464637166965,0.0037849920025029003,0.003833454184251265,0.003868011696788024,5.066952228546143,6.030392169952393,5.347185083143413,-32.0,10.0,18.483916878700256,18.472406424582005,-28.399999618530273,6.400000095367432,12.690589566894921,12.681053028856958,-27.299999237060547,5.300000190734863,12.690589566894921,12.681053028856958,39.248530849814415,2.176300325770671,1.0173597761905586,1.186540965440344,1.1976184265157974,1.0042960128111795,5.066952228546143,6.030392169952393,0.04190060868859291,0.9215393327176571,2.439380603286383,2.4787421347565846,2.4023538503226436,2.3968507649200776,2.4840638082544704,2Lepton_SS,1FJ
ZZ,2,800.0,1400.0,0.04019153118133545,0.008286784841899491,0.0015547634936017448,0.0017995963699488997,0.0018120999252213767,0.001540172223091509,4.150169372558594,4.939289569854736,4.379698370099067,-30.899999618530273,8.899999618530273,13.595272552176695,13.586331486082987,-28.399999618530273,6.400000095367432,10.394432427582661,10.386615180405467,-27.299999237060547,5.300000190734863,10.394432427582661,10.386615180405467,15.527781069278717,1.392912656607569,0.519029117432943,0.7864719482183077,0.46601167738852384,0.8190008953688969,4.150169372558594,4.939289569854736,0.03431934118270874,0.7548008561134338,1.5382746591690617,1.599607387539785,1.4864712892218184,1.6158490447911926,1.46879969784856,2Lepton_SS,1FJ
ZZ,3,1400.0,1500.0,0.0,0.0,0.0,0.0,0.0,0.0,0.9247208833694458,1.1005489230155945,0.9758634517109022,-35.0,13.0,4.405800810083747,4.403397751972079,-28.399999618530273,6.400000095367432,2.3160384201820383,2.3142963299571186,-27.299999237060547,5.300000190734863,2.3160384201820383,2.3142963299571186,1.269330870360136,0.1552188105545839,0.12474690263961348,0.12549122090926332,0.03527626930618829,0.17339383226433405,0.9247208833694458,1.1005489230155945,0.007646874058991671,0.168181165587157,0.19936814883349732,0.19960191801502644,0.1991348007460198,0.23271935935218585,0.15917692774438927,2Lepton_SS,1FJ
ttV,1,0.0,800.0,3.00334095954895,0.17213796712640575,0.17624320657959636,0.16888779438675164,0.1702837997124162,0.17489477554741795,5.066952228546143,6.030392169952393,5.347185083143413,-32.0,10.0,18.483916878700256,18.472406424582005,-28.399999618530273,6.400000095367432,12.690589566894921,12.681053028856958,-27.299999237060547,5.300000190734863,12.690589566894921,12.681053028856958,39.248530849814415,2.176300325770671,1.0173597761905586,1.186540965440344,1.1976184265157974,1.0042960128111795,5.066952228546143,6.030392169952393,0.04190060868859291,0.9215393327176571,2.439380603286383,2.4787421347565846,2.4023538503226436,2.3968507649200776,2.4840638082544704,2Lepton_SS,1FJ
ttV,2,800.0,1400.0,1.7559306621551514,0.1379399236822475,0.15455108283504804,0.14818706729126932,0.16078763549747732,0.1413958287539043,4.150169372558594,4.939289569854736,4.379698370099067,-30.899999618530273,8.899999618530273,13.595272552176695,13.586331486082987,-28.399999618530273,6.400000095367432,10.394432427582661,10.386615180405467,-27.299999237060547,5.300000190734863,10.394432427582661,10.386615180405467,15.527781069278717,1.392912656607569,0.519029117432943,0.7864719482183077,0.46601167738852384,0.8190008953688969,4.150169372558594,4.939289569854736,0.03431934118270874,0.7548008561134338,1.5382746591690617,1.599607387539785,1.4864712892218184,1.6158490447911926,1.46879969784856,2Lepton_SS,1FJ
ttV,3,1400.0,1500.0,0.058173488825559616,0.036597656399221454,0.014310651157256283,0.020215112749827617,0.015287228043808672,0.019487077224907622,0.9247208833694458,1.1005489230155945,0.9758634517109022,-35.0,13.0,4.405800810083747,4.403397751972079,-28.399999618530273,6.400000095367432,2.3160384201820383,2.3142963299571186,-27.299999237060547,5.300000190734863,2.3160384201820383,2.3142963299571186,1.269330870360136,0.1552188105545839,0.12474690263961348,0.12549122090926332,0.03527626930618829,0.17339383226433405,0.9247208833694458,1.1005489230155945,0.007646874058991671,0.168181165587157,0.19936814883349732,0.19960191801502644,0.1991348007460198,0.23271935935218585,0.15917692774438927,2Lepton_SS,1FJ
sm,1,0.0,800.0,5.066952228546143,0.0,0.0,0.0,0.0,0.0,5.066952228546143,6.030392169952393,5.347185083143413,-32.0,10.0,18.483916878700256,18.472406424582005,-28.399999618530273,6.400000095367432,12.690589566894921,12.681053028856958,-27.299999237060547,5.300000190734863,12.690589566894921,12.681053028856958,39.248530849814415,2.176300325770671,1.0173597761905586,1.186540965440344,1.1976184265157974,1.0042960128111795,5.066952228546143,6.030392169952393,0.04190060868859291,0.9215393327176571,2.439380603286383,2.4787421347565846,2.4023538503226436,2.3968507649200776,2.4840638082544704,2Lepton_SS,1FJ
sm,2,800.0,1400.0,4.150169372558594,0.0,0.0,0.0,0.0,0.0,4.150169372558594,4.939289569854736,4.379698370099067,-30.899999618530273,8.899999618530273,13.595272552176695,13.586331486082987,-28.399999618530273,6.400000095367432,10.394432427582661,10.386615180405467,-27.299999237060547,5.300000190734863,10.394432427582661,10.386615180405467,15.527781069278717,1.392912656607569,0.519029117432943,0.7864719482183077,0.46601167738852384,0.8190008953688969,4.150169372558594,4.939289569854736,0.03431934118270874,0.7548008561134338,1.5382746591690617,1.599607387539785,1.4864712892218184,1.6158490447911926,1.46879969784856,2Lepton_SS,1FJ
sm,3,1400.0,1500.0,0.9247208833694458,0.0,0.0,0.0,0.0,0.0,0.9247208833694458,1.1005489230155945,0.9758634517109022,-35.0,13.0,4.405800810083747,4.403397751972079,-28.399999618530273,6.400000095367432,2.3160384201820383,2.3142963299571186,-27.299999237060547,5.300000190734863,2.3160384201820383,2.3142963299571186,1.269330870360136,0.1552188105545839,0.12474690263961348,0.12549122090926332,0.03527626930618829,0.17339383226433405,0.9247208833694458,1.1005489230155945,0.007646874058991671,0.168181165587157,0.19936814883349732,0.19960191801502644,0.1991348007460198,0.23271935935218585,0.15917692774438927,2Lepton_SS,1FJ
